No,Sumber,Akun / Media,Judul / Narasi,Label Manual,Label Otomatis
1,Kemenkeu RI,@KemenkeuRI,pemangkasan biaya dinas inpres,0,
2,Detik Edu,@detikcom,kemendiktisaintek refocusing rp riset prioritas,0,
3,Kompas.com,@kompascom,digitalisasi laporan bosp arkas hemat biaya admin,0,
4,WhatsApp,Grup Paguyuban,link pendaftaran bantuan kuota belajar gb tahun,1,
5,Antara News,@antaranews,merger pts kecil efisiensi operasional dikti,0,
6,Facebook,Info Guru Indonesia,dana bos ditarik pusat bangun ikn,1,
7,Kemendikdasmen,@Kemdikbud_RI,efisiensi pengadaan buku siplah hemat rp triliun,0,
8,Liputan6,@liputan6dotcom,mendiktisaintek anggaran riset dosen naik,0,
9,TikTok,@edukasiviral,sertifikasi guru dihapus demi efisiensi program makan gratis,1,
10,X (Twitter),@anon_indo,gaji guru honorer ditiadakan apbn defisit,1,
11,CNN Indonesia,@CNNIndonesia,pemerintah pangkas eselon kemendiktisaintek demi efisiensi,0,
12,Facebook,Kabar Pendidikan,pendaftaran ppg prajabatan dipungut biaya juta,1,
13,Tirto.id,@tirtoid,realokasi dana abadi pendidikan hilirisasi industri,0,
14,Republika,@republikaonline,kemendikdasmen fokus efisiensi renovasi sekolah rusak,0,
15,LLDikti,@lldikti_wil3,pengetatan syarat bantuan operasional ptn bh tahun,0,
16,YouTube,Berita Terkini,video jokowi resmi hapus uang kuliah tunggal ukt,1,
17,WhatsApp,Grup Sekolah,scan qr code dapat subsidi perangkat laptop gratis,1,
18,Instagram,@infokampus,kuota kip kuliah dipotong secara nasional,1,
19,TikTok,@politikupdate,dana sertifikasi dosen dialihkan subsidi bbm,1,
20,Kemenkeu,Nota Keuangan,dana pendidikan capai rp efisiensi,0,
21,Kompas,@hariankompas,skema matching fund kurangi ketergantungan kampus apbn,0,
22,Setkab RI,@setkabgoid,inpres tentang optimalisasi dana pendidikan daerah,0,
23,CNBC Indonesia,@cnbcindonesia,efisiensi belanja barang kemendiktisaintek capai rp,0,
24,Facebook,Forum Honorer,syarat nuptk dihapus dana bos cepat cair guru,1,
25,WhatsApp,Pesan Berantai,bantuan renovasi mushola sekolah kemendikdasmen,1,
26,X (Twitter),@guru_gariskeras,tunjangan khusus daerah terpencil dihapus tahun,1,
27,Instagram,@beasiswagratis,pendaftaran beasiswa unggulan situs xyz palsu,1,
28,Tempo,@tempodotco,audit bpk temukan inefisiensi dana penelitian ptn,0,
29,Instagram,@beasiswahunter,beasiswa lpdp khusus negeri mulai semester,1,
30,WhatsApp,Broadcast,subsidi ukt mahasiswa semester cair link,1,
31,Kemendikbud,Rilis Pers,realokasi rp dana pendidikan kuota internet,0,
32,WhatsApp,Grup Kelas,link pulsa gratis gb periode ppkm jilid,1,
33,Kemenkeu,Laporan APBN,efisiensi perjalanan dinas kemendikbud hemat rp,0,
34,Facebook,Info Loker,kemendikbud butuh tenaga relawan pengajar tanpa gaji,1,
35,Detik Finance,@detikcom,investasi dana abadi pendidikan lpdp tembus rp triliun,0,
36,TikTok,@mhs_update,ukt naik dana dialihkan kereta cepat,1,
37,Humas PTN,@univ_indonesia,ui terapkan efisiensi energi tekan biaya operasional,0,
38,WhatsApp,Grup Guru,pencairan tpg harus membayar administrasi rp rb dinas,1,
39,Kompasiana,Opini,efisiensi kurikulum merdeka kurangi beban cetak soal kertas,0,
40,Instagram,@scholarship_id,beasiswa fulbright dihentikan penghematan anggaran,1,
41,Biro Pusat Statistik,Laporan 2023,penurunan biaya operasional sekolah per siswa daerah,0,
42,X (Twitter),@lapor_mas,dana bos hangus lapor pajak bulan,1,
43,Kemendiktisaintek,@kemendikti,fokus riset efisiensi energi ketahanan pangan,0,
44,Facebook,Berita Guru,sertifikasi guru lulusan,1,
45,Antara News,@antaranews,kemendikdasmen kaji ulang efisiensi dana tunjangan daerah,0,
46,WhatsApp,Grup Guru,link pendaftaran bantuan laptop gratis mendikbud nadiem makarim januari,1,
47,Facebook,Info Pendidikan,dana sertifikasi guru dialihkan pembangunan ibu kota ikn,1,
48,TikTok,@edukasiviral,berita gembira nadiem makarim hapus biaya ukt mahasiswa se indonesia,1,
49,Instagram,@beasiswahunter,pendaftaran beasiswa lpdp ditutup total penghematan anggaran,1,
50,WhatsApp,Broadcast,pencairan tunjangan profesi guru tpg januari harus klik link daftar tpg xyz,1,
51,X (Twitter),@anon_indo,dana bantuan sekolah bos januari macet dialihkan membayar utang negara,1,
52,Kompas.com,@kompascom,nadiem pangkas jabatan eselon iii iv kemendikbud demi struktur ramping,0,
53,Antara News,@antaranews,skema dana bos porsi gaji honorer naik maksimal jadi,0,
54,Detik Edu,@detikcom,efisiensi un kemendikbud pastikan un terakhir dilaksanakan,0,
55,Tempo,@tempodotco,kemendikbud sederhanakan rpp menjadi halaman efisiensi kerja guru,0,
56,Liputan6,@liputan6dotcom,mendikbud hapus usbn berikan kewenangan ujian penuh sekolah,0,
57,CNN Indonesia,@CNNIndonesia,efisiensi administrasi kemendikbud uji coba sistem ijazah digital nasional,0,
58,Tirto.id,@tirtoid,kebijakan kampus merdeka otonomi pembukaan prodi efisiensi ptn pts,0,
59,Republika,@republikaonline,pemerintah naikkan unit cost dana bos per siswa tingkatkan mutu sekolah,0,
60,LLDikti,@lldikti_wil3,penyatuan merger perguruan tinggi swasta kecil efisiensi operasional,0,
61,Kemenkeu,Nota Keuangan,anggaran fungsi pendidikan januari tetap diprioritaskan apbn,0,
62,Facebook,Kabar Guru,syarat sertifikasi guru tahun wajib lulusan minimal strata,1,
63,YouTube,Berita News,video nadiem makarim resmi hapus tunjangan guru sertifikasi,1,
64,Kompas,@hariankompas,digitalisasi pengadaan barang sekolah siplah cegah inefisiensi harga,0,
65,Setkab RI,@setkabgoid,perpres tentang penyederhanaan organisasi lingkungan kemendikbud,0,
66,CNBC Indonesia,@cnbcindonesia,kemendikbud pangkas anggaran perjalanan dinas sebesar rp miliar tahun,0,
67,WhatsApp,Grup Sekolah,subsidi pulsa internet gb kemdikbud cair januari klik link,1,
68,Instagram,@infokampus,kip kuliah diberikan mahasiswa wilayah pulau jawa,1,
69,TikTok,@politikupdate,dana abadi pendidikan dikuras habis membiayai proyek kereta cepat,1,
70,Facebook,Forum Honorer,nadiem makarim resmi hapus status guru honorer mulai akhir januari,1,
71,Tempo,@tempodotco,audit bpk temukan inefisiensi program buku kurikulum lama,0,
72,Kemendikbud,Rilis Pers,program organisasi penggerak diluncurkan efisiensi pelatihan guru,0,
73,WhatsApp,Pesan Berantai,bantuan renovasi perpustakaan sekolah rp juta cair link bit ly,1,
74,X (Twitter),@guru_cerdas,tunjangan khusus daerah terpencil dihapus per januari efisiensi,1,
75,Kemendikbud,Rilis Pers,program organisasi penggerak diluncurkan efisiensi pelatihan guru,0,
76,Instagram,@beasiswagratis,pendaftaran beasiswa unggulan januari situs pendaftaran online tk,1,
77,WhatsApp,Grup Kelas,subsidi biaya buku semester genap rp rb per siswa daftar link,1,
78,Facebook,Info Loker,kemendikbud rekrut relawan pengajar tanpa gaji daerah,1,
79,TikTok,@mhs_update,ukt naik drastis subsidi dialihkan pembangunan infrastruktur,1,
80,WhatsApp,Grup Guru,sertifikasi guru triwulan cair cepat membayar admin rp rb,1,
81,Kemenkeu,Laporan APBN,realisasi anggaran pendidikan januari capai rp triliun,0,
82,Detik Finance,@detikcom,investasi dana abadi pendidikan lpdp capai target efisiensi laba,0,
83,Humas PTN,@univ_indonesia,ui lakukan efisiensi belanja rutin dialihkan riset mahasiswa,0,
84,Kompasiana,Opini,kebijakan rpp lembar langkah berani nadiem lakukan efisiensi guru,0,
85,BPS,Laporan 2020,statistik menunjukkan penurunan biaya admin sekolah berkat transfer langsung bos,0,
86,Instagram,@scholarship_id,beasiswa fulbright dihentikan sementara penghematan dana bilateral,1,
87,X (Twitter),@lapor_mas,dana bos hangus kepala sekolah lapor penggunaan aplikasi januari,1,
88,Facebook,Berita Guru,guru lulus sertifikasi januari wajib mengembalikan gaji,1,
89,WhatsApp,Grup WA,link survei pendidikan januari berhadiah saldo ovo rp rb kemdikbud,1,
90,TikTok,@infosekolah,daftar sekolah ditutup januari kekurangan dana,1,
91,X (Twitter),@edunews,pemerintah batalkan bantuan kip kuliah mahasiswa prodi sastra,1,
92,Kemendikbud,@kemdikbud,nadiem un mulai anggaran dialihkan asesmen nasional,0,
93,Antara News,@antaranews,kemendikbud kaji efisiensi dana tunjangan profesi guru pns,0,
94,Liputan6,@liputan6dotcom,transformasi smk fokus efisiensi link and match industri,0,
95,Tirto.id,@tirtoid,analisis skema transfer bos langsung pangkas rantai birokrasi daerah,0,
96,CNN Indonesia,@CNNIndonesia,nadiem penggunaan dana bos fleksibel membeli alat penunjang sekolah,0,
97,WhatsApp,Grup Guru,perintah pengisian formulir data pribadi penerimaan ponsel android gratis kemdikbud,1,
98,Kompas.com,@kompascom,kemendikbud alokasikan rp triliun peningkatan kompetensi guru,0,
99,Facebook,Info Viral,kemendikbud resmi hapus dana bantuan sekolah swasta mulai semester,1,
100,Antara News,@antaranews,kemendikbud dorong efisiensi anggaran penggabungan merger lembaga riset,0,
101,Kemendikbud,@Kemdikbud_RI,kebijakan kampus merdeka efisiensi syarat akreditasi perguruan tinggi,0,
102,WhatsApp,Grup Kampus,link survei mahasiswa berhadiah uang saku rp rb kemendikbud,1,
103,CNBC Indonesia,@cnbcindonesia,kemenkeu setujui skema bos langsung pangkas biaya transaksi daerah,0,
104,Facebook,Forum Guru,mulai januari tunjangan fungsional guru dihapus diganti bonus kinerja,1,
105,Liputan6,@liputan6dotcom,mendikbud anggaran un tetap menjadi terakhir kalinya,0,
106,TikTok,@edukasioke,dapat dana hibah penelitian dosen tanpa seleksi link hibah com,1,
107,Tempo.co,@tempodotco,kemendikbud integrasikan pangkalan data dapodik efisiensi bansos siswa,0,
108,Instagram,@info_beasiswa,lpdp jurusan teknik demi efisiensi kebutuhan industri,1,
109,Republika,@republikaonline,pemerintah fokuskan dana pendidikan penguatan pendidikan vokasi smk,0,
110,X (Twitter),@loker_guru,lowongan guru tetap tanpa tes kemendikbud januari membayar biaya admin,1,
111,Antara News,@antaranews,nadiem makarim sebut efisiensi birokrasi kampus tingkatkan inovasi dosen,0,
112,WhatsApp,Grup Guru,informasi pemangkasan dana pensiun guru mulai januari,1,
113,Kompas.com,@kompascom,kemendikbud hapus aturan kewajiban publikasi jurnal mahasiswa,0,
114,Facebook,Kabar Sekolah,dana bos tahun dilarang digunakan memperbaiki bangunan fisik,1,
115,Detik Edu,@detikcom,program merdeka belajar efisiensi administratif rpp bikin guru produktif,0,
116,TikTok,@beritapolitik,nadiem makarim gunakan dana pendidikan investasi perusahaan teknologi,1,
117,Tirto.id,@tirtoid,analisis skema dana bos kurangi risiko pengendapan dana kas daerah,0,
118,Instagram,@mhs_hits,link pembagian laptop gratis januari mahasiswa punya kip,1,
119,CNN Indonesia,@CNNIndonesia,kemendikbud rencanakan penggabungan direktorat jenderal demi efisiensi anggaran,0,
120,WhatsApp,Broadcast,batas akhir aktivasi kartu bantuan guru honorer link bantuan guru tk,1,
121,Liputan6,@liputan6dotcom,nadiem guru perlu habiskan berjam jam bikin administrasi,0,
122,Facebook,Netizen Peduli,dana kip kuliah resmi dipotong membeli seragam dinas,1,
123,Antara News,@antaranews,kemendikbud gandeng swasta program magang mahasiswa guna hemat biaya,0,
124,X (Twitter),@info_pns,gaji guru pns digabung efisiensi perpajakan,1,
125,CNBC Indonesia,@cnbcindonesia,nota keuangan dana bos naik pengawasan diperketat,0,
126,WhatsApp,Grup Sekolah,undangan rapat koordinasi kemendikbud berbayar kepala sekolah,1,
127,Tempo.co,@tempodotco,nadiem kebebasan prodi buka jalur mandiri langkah efisiensi finansial,0,
128,TikTok,@infoviral,mendikbud perintahkan sekolah menjual buku bekas tambah dana operasional,1,
129,Kompas.com,@kompascom,kemendikbud pangkas anggaran seremonial dialihkan sarana sekolah,0,
130,Instagram,@mahasiswainfo,beasiswa bidikmisi dihapus total januari penggantinya,1,
131,Detik Finance,@detikcom,efisiensi sistem pengadaan sekolah kemendikbud luncurkan fitur siplah,0,
132,Facebook,Forum Dosen,dana sertifikasi dosen cair punya akun gojek,1,
133,CNN Indonesia,@CNNIndonesia,anggaran fungsi pendidikan sebesar rp dikelola lintas kementerian,0,
134,WhatsApp,Grup WA,pendaftaran bantuan sosial pendidikan link sosial pendidikan xyz,1,
135,Republika,@republikaonline,nadiem kampus merdeka kurangi beban regulasi menghambat inovasi,0,
136,X (Twitter),@politik_id,mendikbud tarik dana sekolah membayar bunga utang negara,1,
137,Antara News,@antaranews,kemendikbud jamin dana bos tetap cair perubahan skema transfer,0,
138,TikTok,@edukasi_news,berita buruk guru per januari dilarang mengajar,1,
139,Liputan6,@liputan6dotcom,kemendikbud targetkan ribu mahasiswa dapat kip kuliah tahun,0,
140,Facebook,Info Guru,pemerintah resmi batalkan kenaikan gaji guru honorer awal januari,1,
141,Tempo.co,@tempodotco,nadiem makarim harus pindah budaya administratif budaya inovatif,0,
142,WhatsApp,Grup Sekolah,scan wajah link klaim subsidi pendidikan januari,1,
143,CNBC Indonesia,@cnbcindonesia,sri mulyani penyaluran dana bos langsung sekolah tingkatkan efisiensi,0,
144,Instagram,@scholarship_id,dana beasiswa negeri dialihkan perbaikan sd rusak,1,
145,Kemendikbud,Rilis Pers,efisiensi struktur pelantikan pejabat fungsional kemendikbud,0,
146,Kemendikbud,@Kemdikbud_RI,kebijakan kampus merdeka resmi diluncurkan efisiensi birokrasi ptn,0,
147,WhatsApp,Grup Kampus,link bantuan dana darurat mahasiswa rp rb ancaman virus covid-19,1,
148,Kompas.com,@kompascom,kemendikbud pangkas syarat akreditasi prodi hemat biaya operasional kampus,0,
149,Facebook,Netizen,dana bos februari dipotong subsidi masker nasional,1,
150,Antara News,@antaranews,nadiem mahasiswa boleh mengambil semester prodi guna efisiensi sdm,0,
151,TikTok,@edukasiviral,berita gembira nadiem makarim hapus skripsi mahasiswa angkatan,1,
152,Detik Edu,@detikcom,penyaluran dana bos tahap cair langsung ribu sekolah,0,
153,Instagram,@beasiswahunter,dana beasiswa lpdp ditransfer dana kesehatan antisipasi pandemi,1,
154,Tempo.co,@tempodotco,efisiensi administrasi kemendikbud permudah izin pembukaan prodi,0,
155,WhatsApp,Broadcast,link aktivasi paket internet gratis gb kemendikbud bulan februari,1,
156,Liputan6,@liputan6dotcom,mendikbud ptn bh diberikan otonomi luas cari dana mandiri,0,
157,X (Twitter),@anon_indo,gaji guru honorer februari ditiadakan dialihkan renovasi monas,1,
158,CNN Indonesia,@CNNIndonesia,efisiensi anggaran un tetap digelar pengawasan super ketat,0,
159,Facebook,Kabar Guru,sertifikasi guru triwulan dibatalkan secara sepihak pusat,1,
160,Tirto.id,@tirtoid,nadiem makarim pangkas anggaran rapat hotel dialihkan dana digitalisasi,0,
161,YouTube,Berita News,video nadiem resmi gantikan seragam sekolah baju bebas demi hemat,1,
162,Republika,@republikaonline,kemendikbud targetkan ribu mahasiswa dapat kip kuliah tahun,0,
163,WhatsApp,Grup Sekolah,subsidi biaya wisuda mahasiswa rp juta kemendikbud klik link,1,
164,LLDikti,@lldikti_wil3,penertiban pts aktif langkah efisiensi mutu pendidikan tinggi,0,
165,Instagram,@infokampus,mahasiswa sering demo dicabut hak kip kuliahnya mulai februari,1,
166,Kemenkeu,Nota Keuangan,realisasi dana bos februari pangkas jalur birokrasi,0,
167,TikTok,@politikupdate,dana riset dosen dipakai membiayai influencer pendukung pemerintah,1,
168,Kompas,@hariankompas,digitalisasi ijazah perguruan tinggi hemat biaya cetak miliaran rupiah,0,
169,Facebook,Forum Honorer,anggaran pengangkatan pppk guru resmi dihapus per februari,1,
170,Setkab RI,@setkabgoid,presiden minta kemendikbud fokus efisiensi anggaran belanja barang,0,
171,WhatsApp,Pesan Berantai,bantuan alat kebersihan sekolah rp juta kementerian daftar bit ly,1,
172,CNBC Indonesia,@cnbcindonesia,kemendikbud refocusing anggaran perjalanan dinas negeri,0,
173,X (Twitter),@guru_cerdas,guru dilarang menerima tunjangan instal aplikasi gojek ponsel,1,
174,Tempo.co,@tempodotco,mendikbud dorong kolaborasi kampus industri hemat biaya praktik,0,
175,Instagram,@beasiswagratis,pendaftaran beasiswa unggulan februari situs kemdikbud bantuan site,1,
176,Kemendikbud,Rilis Pers,efisiensi organisasi pengukuhan pejabat fungsional lingkungan dikti,0,
177,WhatsApp,Grup Kelas,subsidi buku semester rp rb cair mengisi formulir link,1,
178,Kemenkeu,Laporan APBN,alokasi dana alokasi khusus dak fisik pendidikan disesuaikan,0,
179,Facebook,Info Loker,kemendikbud rekrut admin sosialisasi kampus merdeka gaji rp juta tanpa tes,1,
180,Detik Finance,@detikcom,investasi dana abadi pendidikan meningkat hasil dialihkan beasiswa,0,
181,TikTok,@mhs_update,demo mahasiswa tolak pengalihan dana ukt pembangunan sirkuit,1,
182,Humas PTN,@univ_indonesia,ui terapkan sistem paperless efisiensi biaya administrasi kampus,0,
183,WhatsApp,Grup Guru,potongan wajib rp rb dana bos biaya administrasi bank,1,
184,Kompasiana,Opini,kebijakan merdeka belajar upaya nadiem memangkas inefisiensi kurikulum,0,
185,Instagram,@scholarship_id,dana beasiswa negeri dipangkas ancaman resesi global,1,
186,BPS,Laporan 2020,tren inflasi biaya pendidikan terkendali awal tahun,0,
187,X (Twitter),@lapor_mas,link verifikasi ponsel guru dapat bonus pulsa februari pusat,1,
188,Kemendikbud,@kemdikbud,nadiem kampus merdeka berikan kebebasan mahasiswa magang berbayar,0,
189,Facebook,Berita Guru,sekolah lapor dana bos februari dilarang menerima siswa,1,
190,Antara News,@antaranews,kemendikbud kaji efisiensi dana tunjangan guru wilayah perkotaan,0,
191,WhatsApp,Grup WA,undian berhadiah laptop program nadiem pintar klik klaim,1,
192,Liputan6,@liputan6dotcom,transformasi pendidikan nadiem ajak swasta ikut biayai riset perguruan tinggi,0,
193,TikTok,@infosekolah,video penutupan massal sekolah swasta dana bos dialihkan,1,
194,Tirto.id,@tirtoid,analisis skema transfer bos langsung persempit ruang fee birokrasi,0,
195,X (Twitter),@edunews,pemerintah batalkan bantuan kip kuliah mahasiswa perokok,1,
196,Kemendikbud,@Kemdikbud_RI,nadiem kebijakan kampus merdeka pangkas biaya administrasi akreditasi kampus,0,
197,WhatsApp,Grup Guru,link pendaftaran bantuan kesejahteraan guru honorer rp juta bulan februari,1,
198,Kompas.com,@kompascom,penyaluran dana bos dipercepat cair tahap operasional,0,
199,Facebook,Info Guru,pemerintah resmi batalkan kenaikan tunjangan guru tahun krisis,1,
200,Antara News,@antaranews,kemendikbud alokasikan dana rp triliun revitalisasi smk berbasis industri,0,
201,TikTok,@edukasiviral,berita gembira nadiem makarim gratiskan kuota internet pelajar,1,
202,Detik Edu,@detikcom,mendikbud otonomi pembukaan prodi hemat anggaran birokrasi,0,
203,Instagram,@beasiswahunter,beasiswa lpdp dialihkan pendanaan vaksin covid-19 negeri,1,
204,Tempo.co,@tempodotco,kemendikbud dorong efisiensi digitalisasi data ijazah mahasiswa,0,
205,WhatsApp,Broadcast,login link bantuan xyz klaim subsidi pendidikan februari,1,
206,Liputan6,@liputan6dotcom,perubahan juknis bos sekolah kini boleh membeli alat multimedia dana bos,0,
207,X (Twitter),@anon_indo,dana bantuan sekolah bos ditahan pusat biaya operasional bandara,1,
208,CNN Indonesia,@CNNIndonesia,efisiensi anggaran nadiem makarim hapus program seremonial kementerian,0,
209,Facebook,Kabar Guru,guru honorer wajib membayar rp ribu verifikasi data pencairan gaji,1,
210,Tirto.id,@tirtoid,analisis skema kampus merdeka kurangi beban biaya penelitian mitra swasta,0,
211,YouTube,Berita News,video nadiem makarim minta rektorat potong gaji dosen efisiensi,1,
212,Republika,@republikaonline,pemerintah tingkatkan kuota kip kuliah menjadi ribu mahasiswa,0,
213,WhatsApp,Grup Sekolah,subsidi pulsa gratis kemdikbud khusus pengguna kartu telkomsel indosat,1,
214,LLDikti,@lldikti_wil3,penertiban pts bermasalah jakarta dilakukan demi efisiensi mutu dikti,0,
215,Instagram,@infokampus,mulai februari mahasiswa ipk wajib membayar ukt penuh,1,
216,Kemenkeu,Nota Keuangan,penghematan belanja barang kemendikbud dialihkan dana bantuan siswa,0,
217,TikTok,@politikupdate,dana abadi pendidikan raib digunakan membayar bunga utang proyek tol,1,
218,Kompas,@hariankompas,digitalisasi pengadaan barang sekolah siplah pangkas potensi mark up anggaran,0,
219,Facebook,Forum Honorer,kemendikbud batalkan rekrutmen pppk anggaran,1,
220,Setkab RI,@setkabgoid,inpres optimalisasi penggunaan dana fungsi pendidikan,0,
221,WhatsApp,Pesan Berantai,bantuan dana renovasi laboratorium sekolah pusat hubungi whatsapp,1,
222,CNBC Indonesia,@cnbcindonesia,kemendikbud hemat rp miliar pembatalan rapat hotel awal tahun,0,
223,X (Twitter),@guru_cerdas,kemendikbud hapus sistem zonasi secara diam diam per februari,1,
224,Tempo.co,@tempodotco,nadiem fokus anggaran pendidikan outcomes spending,0,
225,Instagram,@beasiswagratis,pendaftaran beasiswa unggulan dibuka situs beasiswa go id orang,1,
226,Kemendikbud,Rilis Pers,efisiensi organisasi pengangkatan pejabat fungsional kemendikbud,0,
227,WhatsApp,Grup Kelas,subsidi biaya spp sekolah rp rb bulan cairkan link subsidi sekolah tk,1,
228,Kemenkeu,Laporan APBN,realisasi anggaran fungsi pendidikan februari capai rp triliun,0,
229,Facebook,Info Loker,kemendikbud butuh relawan pjj gaji rp juta bulan,1,
230,Detik Finance,@detikcom,penyaluran dana bos tahap capai daerah terpencil,0,
231,TikTok,@mhs_update,ui itb resmi naikkan ukt biaya pencegahan virus covid-19,1,
232,Humas PTN,@univ_indonesia,universitas indonesia terapkan office efisiensi biaya kertas,0,
233,WhatsApp,Grup Guru,potongan pajak sertifikasi guru naik jadi mulai akhir februari,1,
234,Kompasiana,Opini,kebijakan kampus merdeka langkah cerdas nadiem pangkas birokrasi kampus,0,
235,Instagram,@scholarship_id,dana kip kuliah dialihkan pembangunan rumah sakit darurat wuhan,1,
236,BPS,Laporan 2020,inflasi sektor pendidikan tetap rendah berkat subsidi bos tepat,0,
237,X (Twitter),@lapor_mas,link aktivasi rekening bank guru dapat bonus awal tahun kementerian,1,
238,Kemendikbud,@kemdikbud,mendikbud kurikulum ramping efisien siswa,0,
239,Facebook,Berita Guru,guru pakai aplikasi dapodik dibayar gajinya,1,
240,Antara News,@antaranews,kemendikbud kaji efisiensi dana tunjangan khusus perbatasan ri,0,
241,WhatsApp,Grup WA,promo kuota edukasi gb program merdeka belajar klik,1,
242,Liputan6,@liputan6dotcom,nadiem kebebasan prodi buka jalur mandiri tetap pengawasan ketat,0,
243,TikTok,@infosekolah,daftar sekolah dimerger paksa anggaran turun,1,
244,Tirto.id,@tirtoid,analisis dampak efisiensi rpp lembar psikologi kerja guru,0,
245,X (Twitter),@edunews,pemerintah batalkan bantuan biaya kuliah mahasiswa prodi seni,1,
246,Kemendikbud,@Kemdikbud_RI,program organisasi penggerak pop menggunakan dana hibah efisiensi pelatihan guru,0,
247,WhatsApp,Grup Guru,form pengisian data rekening pencairan subsidi biaya transportasi guru honorer,1,
248,Kompas.com,@kompascom,nadiem pangkas anggaran seremonial kementerian dialihkan sarana sekolah,0,
249,Facebook,Info Guru,pemerintah resmi batalkan dana tunjangan kemahalan guru papua mulai februari,1,
250,Antara News,@antaranews,kemendikbud dorong penggunaan aplikasi siplah efisiensi harga pengadaan barang sekolah,0,
251,TikTok,@edukasiviral,berita gembira nadiem makarim hapus biaya ijazah wisuda lulusan,1,
252,Detik Edu,@detikcom,reformasi dana bos sekolah kini dapat membayar guru honorer anggaran,0,
253,Instagram,@beasiswahunter,dana kip kuliah dialihkan sementara pengadaan thermal scanner bandara,1,
254,Tempo.co,@tempodotco,kemendikbud sederhanakan standar nasional pendidikan efisiensi mutu ptn,0,
255,WhatsApp,Broadcast,link pengaktifan kuota internet gratis pemilik kartu kip sma smk,1,
256,Liputan6,@liputan6dotcom,mendikbud otonomi kampus efisien mencetak lulusan siap kerja,0,
257,X (Twitter),@anon_indo,dana pembangunan ruang kelas dialihkan membayar biaya karantina natuna,1,
258,CNN Indonesia,@CNNIndonesia,efisiensi anggaran kemendikbud integrasikan data guru sistem terpusat,0,
259,Facebook,Kabar Guru,sertifikasi guru wajib lampirkan bukti kepemilikan saham bumn pendidikan,1,
260,Tirto.id,@tirtoid,analisis skema link and match vokasi kurangi inefisiensi kurikulum relevan,0,
261,YouTube,Berita News,video nadiem makarim resmi potong gaji dosen ingin mengajar daring,1,
262,Republika,@republikaonline,pemerintah tingkatkan alokasi dana abadi penelitian perguruan tinggi menjadi rp triliun,0,
263,WhatsApp,Grup Sekolah,bantuan uang tunai rp juta kemendikbud link penerima bantuan site,1,
264,LLDikti,@lldikti_wil3,evaluasi beban kerja dosen aplikasi sister tingkatkan efisiensi pelaporan,0,
265,Instagram,@infokampus,mahasiswa ipk turun wajib kembalikan dana beasiswa bidikmisi,1,
266,Kemenkeu,Nota Keuangan,penyaluran dana bos tahap mencapai tepat pertengahan februari,0,
267,TikTok,@politikupdate,dana riset vaksin dibatalkan anggaran dialihkan biaya kunjungan negeri,1,
268,Kompas,@hariankompas,digitalisasi ijazah digital ijazah pangkas biaya administrasi kelulusan,0,
269,Facebook,Forum Honorer,kemendikbud hapus kuota guru pppk anggaran pendidikan defisit,1,
270,Setkab RI,@setkabgoid,presiden minta kementerian kurangi rapat tatap muka efisiensi operasional,0,
271,WhatsApp,Pesan Berantai,bantuan dana renovasi lab komputer kementerian daftar whatsapp,1,
272,CNBC Indonesia,@cnbcindonesia,kemendikbud hemat rp miliar penyederhanaan birokrasi kementerian,0,
273,X (Twitter),@guru_cerdas,kemendikbud hapus tunjangan daerah terpencil alokasi dana infrastruktur,1,
274,Tempo.co,@tempodotco,nadiem program magang semester hemat biaya pelatihan industri kampus,0,
275,Instagram,@beasiswagratis,pendaftaran beasiswa unggulan situs pendaftaran beasiswa kemdikbud orang,1,
276,Kemendikbud,Rilis Pers,penyesuaian juknis bos peningkatan unit cost per siswa sd smp sma,0,
277,WhatsApp,Grup Kelas,subsidi paket belajar semester genap pusat klaim link belajar gratis tk,1,
278,Kemenkeu,Laporan APBN,realisasi belanja fungsi pendidikan bulan februari naik dibanding tahun,0,
279,Facebook,Info Loker,kemendikbud butuh tenaga honorer administrasi gaji setara umr,1,
280,Detik Finance,@detikcom,kemendikbud luncurkan sistem pelaporan bos daring cegah kebocoran dana,0,
281,TikTok,@mhs_update,ui itb resmi naikkan biaya pendaftaran jalur mandiri,1,
282,Humas PTN,@univ_indonesia,ui terapkan efisiensi penggunaan air listrik hemat biaya operasional,0,
283,WhatsApp,Grup Guru,potongan administrasi pencairan dana sertifikasi bank daerah sebesar rp rb,1,
284,Kompasiana,Opini,kebijakan kampus merdeka langkah nadiem pangkas rantai birokrasi pendidikan,0,
285,Instagram,@scholarship_id,dana beasiswa studi china dialihkan pembangunan rs infeksi,1,
286,BPS,Laporan 2020,penyaluran dana bos berkontribusi stabilitas biaya operasional sekolah daerah,0,
287,X (Twitter),@lapor_mas,link verifikasi ponsel dosen dapat tunjangan pulsa riset februari,1,
288,Kemendikbud,@kemdikbud,mendikbud kampus merdeka memberikan hak mahasiswa belajar kampus,0,
289,Facebook,Berita Guru,guru memiliki akun belajar id per februari gajinya ditahan,1,
290,Antara News,@antaranews,kemendikbud kaji efisiensi dana tunjangan guru sekolah swasta elit,0,
291,WhatsApp,Grup WA,undangan survei kepuasan guru berhadiah saldo dompet digital kementerian,1,
292,Liputan6,@liputan6dotcom,nadiem makarim ajak swasta ikut biayai sarana praktik smk apbn efisien,0,
293,TikTok,@infosekolah,video penutupan massal sekolah dasar anggaran dialihkan penanganan virus,1,
294,Tirto.id,@tirtoid,analisis efisiensi guru rpp lembar tingkatkan kualitas pengajaran,0,
295,X (Twitter),@edunews,pemerintah resmi batalkan kip kuliah pendaftar jalur mandiri ptn,1,
296,Kemendikbud,@Kemdikbud_RI,kemendikbud batalkan ujian nasional un demi keselamatan siswa efisiensi dana,0,
297,WhatsApp,Grup Guru,link pendaftaran bantuan kuota internet gb gratis kemendikbud selama pandemi,1,
298,Kompas.com,@kompascom,nadiem makarim realokasi anggaran un rp miliar penanganan covid-19,0,
299,Facebook,Info Pendidikan,dana bos maret resmi dihapus dialihkan bantuan sosial tunai,1,
300,Antara News,@antaranews,kemendikbud izinkan dana bos digunakan membeli pulsa paket data guru siswa,0,
301,TikTok,@edukasiviral,berita gembira pemerintah bebaskan biaya ukt mahasiswa selama masa darurat covid-19,1,
302,Detik Edu,@detikcom,surat edaran tahun pelaksanaan kebijakan pendidikan masa darurat covid-19,0,
303,Instagram,@beasiswahunter,penerima beasiswa negeri diperintahkan pulang dana beasiswa dihentikan,1,
304,Tempo.co,@tempodotco,kemendikbud gandeng platform edukasi swasta program belajar gratis rumah,0,
305,WhatsApp,Broadcast,link pembagian kartu sembako guru honorer terdampak sekolah libur,1,
306,Liputan6,@liputan6dotcom,mendikbud kelulusan siswa tahun ditentukan nilai rapor efisiensi ujian,0,
307,X (Twitter),@anon_indo,dana tunjangan sertifikasi guru triwulan ditunda membeli alat pelindung diri apd,1,
308,CNN Indonesia,@CNNIndonesia,efisiensi anggaran kemendikbud tunda renovasi gedung sekolah selama masa pandemi,0,
309,Facebook,Kabar Guru,sertifikasi guru wajib melampirkan surat keterangan sehat bebas virus covid-19,1,
310,Tirto.id,@tirtoid,nadiem pangkas anggaran perjalanan dinas kementerian rp triliun,0,
311,YouTube,Berita News,video nadiem makarim minta maaf anggaran pendidikan habis masker,1,
312,Republika,@republikaonline,rs perguruan tinggi negeri rsptn disiapkan menjadi pusat penanganan covid-19,0,
313,WhatsApp,Grup Sekolah,pendaftaran bantuan uang tunai rp juta per siswa situs bantuan pelajar tk,1,
314,LLDikti,@lldikti_wil3,perguruan tinggi diminta fleksibel pengelolaan dana operasional selama pjj,0,
315,Instagram,@infokampus,kip kuliah dibatalkan mahasiswa aktif selama kuliah daring,1,
316,Kemenkeu,Nota Keuangan,refocusing anggaran kemendikbud rp miliar dialihkan bantuan rs pendidikan,0,
317,TikTok,@politikupdate,dana riset vaksin kampus dikorupsi kepentingan partai politik,1,
318,Kompas,@hariankompas,kemendikbud percepat pencairan dana bos tahap guna membantu sekolah membeli disinfektan,0,
319,Facebook,Forum Honorer,nadiem makarim resmi pecat guru honorer dapat mengajar online,1,
320,Setkab RI,@setkabgoid,presiden jokowi instruksikan efisiensi belanja barang non prioritas kemendikbud,0,
321,WhatsApp,Pesan Berantai,subsidi pulsa internet maret kemdikbud cair pengisian form bit ly,1,
322,CNBC Indonesia,@cnbcindonesia,kemendikbud pangkas anggaran rapat hotel dialihkan sarana pjj,0,
323,X (Twitter),@guru_cerdas,guru wajib membeli laptop uang pribadi menunjang pjj maret,1,
324,Tempo.co,@tempodotco,kemendikbud kaji skema subsidi pulsa siswa keluarga mampu,0,
325,Instagram,@beasiswagratis,link pendaftaran beasiswa darurat covid-19 kemendikbud beasiswa palsu com,1,
326,Kemendikbud,Rilis Pers,nadiem makarim pembatalan un langkah efisiensi anggaran logis,0,
327,WhatsApp,Grup Kelas,kuota edukasi gratis gb pelajar aktif daftar link kuota belajar site,1,
328,Kemenkeu,Laporan APBN,realisasi anggaran fungsi pendidikan maret difokuskan mitigasi dampak pandemi,0,
329,Facebook,Info Loker,kemendikbud butuh relawan medis mahasiswa kedokteran gaji rp juta,1,
330,Detik Finance,@detikcom,pemerintah pastikan dana abadi pendidikan lpdp tetap aman refocusing,0,
331,TikTok,@mhs_update,demo daring mahasiswa tuntut pengembalian ukt kampus ditutup,1,
332,Humas PTN,@univ_indonesia,ui tawarkan opsi cicilan ukt mahasiswa terdampak ekonomi pandemi,0,
333,WhatsApp,Grup Guru,potongan biaya admin pencairan dana bos bank bulan maret,1,
334,Kompasiana,Opini,efisiensi un momentum indonesia beralih asesmen kompetensi minimum,0,
335,Instagram,@scholarship_id,dana beasiswa dihapus total subsidi kuota internet nasional,1,
336,BPS,Laporan 2020,penyaluran dana bos tepat membantu sekolah hadapi masa darurat maret,0,
337,X (Twitter),@lapor_mas,link verifikasi ponsel guru subsidi pulsa maret pusat palsu,1,
338,Kemendikbud,@kemdikbud,mendikbud guru diperbolehkan melakukan kunjungan rumah home visit perlu,0,
339,Facebook,Berita Guru,sekolah lapor penggunaan bos covid-19 dibekukan anggarannya,1,
340,Antara News,@antaranews,kemendikbud alokasikan anggaran platform pembelajaran daring jarak,0,
341,WhatsApp,Grup WA,undangan survei pjj berhadiah uang tunai kementerian modus scam,1,
342,Liputan6,@liputan6dotcom,efisiensi birokrasi kemendikbud percepat digitalisasi tanda tangan ijazah,0,
343,TikTok,@infosekolah,video sekolah dasar jakarta dijual bangkrut covid-19,1,
344,Tirto.id,@tirtoid,analisis refocusing anggaran pendidikan maret kunci ketahanan sekolah masa pjj,0,
345,X (Twitter),@edunews,pemerintah batalkan program pertukaran pelajar negeri tahun,0,
346,Kemendikbud,@Kemdikbud_RI,dana bos reguler dapat digunakan membayar jasa kebersihan sekolah,0,
347,WhatsApp,Grup Guru,pemberitahuan pembatalan kenaikan gaji berkala guru mulai maret,1,
348,Kompas.com,@kompascom,kemendikbud hemat rp triliun pembatalan ujian nasional,0,
349,Facebook,Info Guru,nadiem makarim minta sekolah swasta tutup dapat biayai pjj,1,
350,Antara News,@antaranews,dana bos fleksibilitas penggunaan penanganan covid-19 sekolah,0,
351,TikTok,@edukasiviral,berita buruk dana bantuan mahasiswa kip dipotong membeli vaksin,1,
352,Detik Edu,@detikcom,kemendikbud refocusing anggaran operasional rs pendidikan ptn,0,
353,Instagram,@beasiswahunter,beasiswa negeri berlaku kuliah online rumah,1,
354,Tempo.co,@tempodotco,kemendikbud optimalkan portal rumah belajar alternatif efisiensi pjj,0,
355,WhatsApp,Broadcast,link registrasi subsidi biaya kuliah rp juta kemendikbud daftar,1,
356,Liputan6,@liputan6dotcom,mendikbud anggaran pendidikan tetap prioritas tengah penyesuaian apbn,0,
357,X (Twitter),@anon_indo,dana pembangunan perpustakaan nasional dipotong membayar influencer covid-19,1,
358,CNN Indonesia,@CNNIndonesia,efisiensi anggaran kemendikbud batalkan kegiatan lomba siswa tingkat nasional,0,
359,Facebook,Kabar Guru,sertifikasi guru cair guru punya sertifikat pelatihan daring,1,
360,Tirto.id,@tirtoid,analisis pergeseran belanja barang pendidikan maret menunjukkan respon cepat pandemi,0,
361,YouTube,Berita News,video mendikbud umumkan libur sekolah diperpanjang tahun,1,
362,Republika,@republikaonline,pemerintah tingkatkan anggaran perlindungan sosial dana fungsi pendidikan,0,
363,WhatsApp,Grup Sekolah,subsidi pulsa internet gb khusus hari guru maret modus phishing,1,
364,LLDikti,@lldikti_wil3,digitalisasi pelaporan dosen dipercepat guna memangkas biaya administrasi fisik,0,
365,Instagram,@infokampus,mahasiswa tingkat akhir dibebaskan ukt ikut relawan covid-19,1,
366,Kemenkeu,Nota Keuangan,defisit apbn melebar efisiensi anggaran belanja termasuk kemendikbud diperketat,0,
367,TikTok,@politikupdate,dana operasional menteri naik drastis anggaran pendidikan dipangkas,1,
368,Kompas,@hariankompas,kemendikbud dorong sekolah gunakan dana bos membeli alat cuci tangan sabun,0,
369,Facebook,Forum Honorer,anggaran gaji pppk guru maret resmi dihapus krisis pandemi,1,
370,Setkab RI,@setkabgoid,keppres postur anggaran pendidikan berubah prioritaskan kesehatan,0,
371,Kemendikbud,@Kemdikbud_RI,kebijakan dana bos fleksibel kepala sekolah boleh membeli pulsa guru tanpa izin pusat,0,
372,WhatsApp,Grup Guru,form pengisian rekening tunjangan khusus lockdown rp juta,1,
373,Detik Edu,@detikcom,nadiem anggaran sarana prasarana fisik dialihkan bantuan teknologi pjj,0,
374,Facebook,Berita Nasional,sertifikasi guru triwulan cair anggaran dialihkan biaya isolasi mandiri,1,
375,Antara News,@antaranews,kemendikbud pangkas anggaran operasional kantor selama wfh,0,
376,TikTok,@mhs_fakta,mahasiswa kedokteran wajib jadi relawan tanpa dibayar demi efisiensi rs,1,
377,Kompas.com,@kompascom,kemendikbud luncurkan portal guru berbagi efisiensi modul pembelajaran,0,
378,Instagram,@info_beasiswa,lpdp hentikan pengiriman mahasiswa china korea demi efisiensi biaya evakuasi,1,
379,Tempo.co,@tempodotco,reformasi anggaran dana penelitian ptn difokuskan inovasi penanganan covid-19,0,
380,WhatsApp,Broadcast,link pembagian subsidi ponsel gratis anak sekolah kemendikbud klik gratis ponsel tk,1,
381,Liputan6,@liputan6dotcom,mendikbud dana bos boleh digunakan sewa platform pertemuan daring zoom meet,0,
382,X (Twitter),@anon_indo,dana bantuan siswa miskin dikurangi membayar denda keterlambatan utang negara,1,
383,CNN Indonesia,@CNNIndonesia,efisiensi birokrasi kemendikbud terapkan sistem administrasi ijazah digital secara masif,0,
384,Facebook,Portal Guru,guru honorer dapat mengajar laptop diputus kontraknya maret,1,
385,Tirto.id,@tirtoid,kemendikbud pangkas anggaran lomba internasional olimpiade dana darurat,0,
386,YouTube,Berita News,video nadiem resmi gunakan dana pendidikan investasi aplikasi gojek,1,
387,Republika,@republikaonline,pemerintah tingkatkan alokasi dana operasional ptn sterilisasi kampus,0,
388,WhatsApp,Grup Sekolah,bantuan paket data gb khusus bulan maret kuota terbatas isi data link,1,
389,LLDikti,@lldikti_wil3,penundaan kegiatan seminar fisik perguruan tinggi efisiensi belanja barang,0,
390,Instagram,@mahasiswainfo,ukt semester genap dikembalikan mahasiswa pakai gedung,1,
391,Kemenkeu,Nota Keuangan,refocusing apbn sektor pendidikan berkontribusi rp dana perlindungan sosial,0,
392,TikTok,@politik_news,anggaran tunjangan sertifikasi dipotong gaji influencer penenang massa,1,
393,Kompas,@hariankompas,kemendikbud percepat integrasi data dapodik akurasi bantuan pulsa internet,0,
394,Facebook,Forum Honorer,kemendikbud resmi hapus status honorer per maret krisis keuangan,1,
395,Setkab RI,@setkabgoid,perpres anggaran belanja kementerian dipangkas fokus kesehatan,0,
396,WhatsApp,Pesan Berantai,bantuan dana darurat sekolah mendikbud daftar whatsapp xxxx,1,
397,CNBC Indonesia,@cnbcindonesia,kemendikbud hemat rp miliar pembatalan ujian fisik sekolah,0,
398,X (Twitter),@edunews,tunjangan fungsional guru diganti paket sembako selama masa pandemi,1,
399,Tempo.co,@tempodotco,nadiem efisiensi berarti pemangkasan realokasi butuh,0,
400,Instagram,@infokampus,beasiswa kip kuliah resmi dibatalkan dialihkan bantuan pangan,1,
401,Kemendikbud,Rilis Pers,penyesuaian jadwal penyaluran dana bos mudahkan sekolah membeli desinfektan,0,
402,WhatsApp,Grup Kelas,link bantuan biaya sekolah kemendikbud senilai rp juta klik bantuan sekolah xyz,1,
403,Kemenkeu,Laporan APBN,efisiensi perjalanan dinas kemendikbud turun bulan maret,0,
404,Facebook,Info Loker,kemendikbud rekrut tenaga input data covid-19 membayar biaya administrasi rp rb,1,
405,Detik Finance,@detikcom,anggaran un resmi dialihkan subsidi kuota rs pendidikan ptn,0,
406,TikTok,@mhs_update,ui itb resmi naikkan biaya wisuda online rp juta per mahasiswa,1,
407,Humas PTN,@univ_indonesia,ui optimalkan sistem pembelajaran daring emas tekan biaya rutin operasional,0,
408,WhatsApp,Grup Guru,potongan pajak sertifikasi naik menjadi biaya penanganan covid-19,1,
409,Kompasiana,Opini,kebijakan rpp halaman masa pandemi strategi efisiensi administrasi guru,0,
410,Instagram,@scholarship_id,dana riset negeri dialihkan biaya operasional wisma atlet,1,
411,BPS,Laporan 2020,inflasi biaya pendidikan stabil pergeseran belanja buku digital,0,
412,X (Twitter),@lapor_mas,link pendaftaran bantuan kuota belajar gb bulan maret pemerintah palsu,1,
413,Kemendikbud,@kemdikbud,mendikbud dana bos dapat digunakan membayar honorer tanpa batas persentase darurat,0,
414,Facebook,Berita Guru,sekolah membeli hand sanitizer link dana bosnya hangus,1,
415,Antara News,@antaranews,kemendikbud siapkan anggaran khusus platform belajar mandiri tvri,0,
416,WhatsApp,Grup WA,undangan webinar kemendikbud berhadiah uang tunai pendaftaran bit ly scam,1,
417,Liputan6,@liputan6dotcom,efisiensi anggaran kemendikbud pangkas biaya pemeliharaan gedung kosong selama wfh,0,
418,TikTok,@infosekolah,video ujian sekolah diulang siswa membayar biaya server online,1,
419,Tirto.id,@tirtoid,analisis refocusing anggaran maret buktikan fleksibilitas dana bos krusial,0,
420,X (Twitter),@edunews,pemerintah batalkan bantuan guru sekolah keagamaan demi efisiensi covid-19,1,
421,Kemendikbud,@Kemdikbud_RI,nadiem makarim realokasi rp miliar pelatihan guru daring,0,
422,WhatsApp,Grup Guru,perintah setor ponsel password email verifikasi bantuan paket data,1,
423,Kompas.com,@kompascom,kemendikbud gandeng operator seluler sediakan kuota edukasi murah efisiensi biaya,0,
424,Facebook,Info Guru,nadiem resmi cabut tunjangan profesi guru mengajar jam siang,1,
425,Antara News,@antaranews,dana bos transparansi laporan daring arkas pangkas inefisiensi pelaporan,0,
426,TikTok,@edukasiviral,berita buruk mahasiswa kip kuliah wajib ganti rugi biaya makan kampus,1,
427,Detik Edu,@detikcom,kemendikbud tunda seleksi guru penggerak fisik anggaran dialihkan daring,0,
428,Instagram,@beasiswahunter,dana beasiswa ditunda cairnya status pandemi berakhir nasional,1,
429,Tempo.co,@tempodotco,kemendikbud dorong efisiensi penggunaan buku elektronik book massal,0,
430,WhatsApp,Broadcast,link registrasi subsidi biaya kuliah rp juta kemendikbud bulan maret,1,
431,Liputan6,@liputan6dotcom,mendikbud pjj momentum efisiensi penggunaan kertas sekolah,0,
432,X (Twitter),@anon_indo,dana pembangunan lab sekolah jawa dipindahkan membayar utang bpjs,1,
433,CNN Indonesia,@CNNIndonesia,efisiensi anggaran kemendikbud hentikan sementara kegiatan workshop tatap muka,0,
434,Facebook,Kabar Guru,sertifikasi guru cair guru menunjukkan struk belanja alat kesehatan,1,
435,Tirto.id,@tirtoid,analisis pemotongan biaya perjalanan dinas maret selamatkan anggaran pendidikan,0,
436,YouTube,Berita News,video mendikbud umumkan tunjangan guru dialihkan apd dokter,1,
437,Republika,@republikaonline,pemerintah fokuskan dana pendidikan pengadaan internet daerah selama pjj,0,
438,WhatsApp,Grup Sekolah,subsidi pulsa gb cair instal aplikasi link phishing,1,
439,LLDikti,@lldikti_wil3,digitalisasi layanan persuratan kampus letter hemat biaya operasional rp juta,0,
440,Instagram,@infokampus,mahasiswa dapat akses perpustakaan selamanya gedung dijual,1,
441,Kemenkeu,Nota Keuangan,sisa dana un sebesar rp dialokasikan subsidi pulsa mahasiswa,0,
442,TikTok,@politikupdate,dana operasional menteri kemendikbud naik gaji guru honorer terhambat,1,
443,Kompas,@hariankompas,kemendikbud instruksikan sekolah gunakan sisa dana operasional disinfektan,0,
444,Facebook,Forum Honorer,syarat nuptk dihapus maret gaji honorer dapat cair dana bos,0,
445,Setkab RI,@setkabgoid,presiden anggaran pendidikan harus lincah agile hadapi dinamika pandemi,0,
446,Kemendikbud,@Kemdikbud_RI,program belajar rumah tvri diluncurkan efisiensi akses pendidikan daring,0,
447,WhatsApp,Grup Guru,link pendaftaran bansos covid-19 khusus guru honorer rp juta per bulan daftar bansos guru com,1,
448,Kompas.com,@kompascom,kemendikbud ubah aturan dana bos kini dapat digunakan membayar honorer tanpa batas,0,
449,Facebook,Info Viral,pemerintah resmi hentikan tunjangan profesi guru selama masa psbb april,1,
450,Antara News,@antaranews,nadiem makarim pangkas anggaran kementerian rp triliun penanganan covid-19,0,
451,TikTok,@edukasiviral,berita gembira nadiem makarim berikan kuota internet gb cuma cuma link bit ly,1,
452,Detik Edu,@detikcom,juknis bos reguler diubah sekolah boleh membeli pulsa paket data siswa guru,0,
453,Instagram,@beasiswahunter,dana beasiswa dialihkan bantuan sosial sembako nasional,1,
454,Tempo.co,@tempodotco,efisiensi belanja kemendikbud tunda pengadaan sarana fisik sekolah akhir,0,
455,WhatsApp,Broadcast,login kementerian pendidikan site klaim subsidi uang kuliah rp juta,1,
456,Liputan6,@liputan6dotcom,mendikbud tvri dipilih efisien menjangkau siswa daerah minim internet,0,
457,X (Twitter),@anon_indo,dana pembangunan gedung kemendikbud dipakai membayar utang bpjs april,1,
458,CNN Indonesia,@CNNIndonesia,efisiensi birokrasi kemendikbud gunakan tanda tangan elektronik pencairan dana hibah,0,
459,Facebook,Kabar Guru,guru memiliki ponsel android dipotong gaji sertifikasinya bulan april,1,
460,Tirto.id,@tirtoid,nadiem makarim penghematan dana un dialihkan subsidi platform digital,0,
461,YouTube,Berita News,video presiden jokowi resmi gratiskan biaya kuliah ptn selama pandemi,1,
462,Republika,@republikaonline,rs perguruan tinggi negeri menerima dana tambahan membeli alat tes pcr,0,
463,WhatsApp,Grup Sekolah,bantuan uang tunai rp juta kementerian link bantuan pelajar tk,1,
464,LLDikti,@lldikti_wil3,perguruan tinggi diminta lapor efisiensi penggunaan anggaran selama masa wfh,0,
465,Instagram,@infokampus,mahasiswa penerima kip kuliah wajib mengembalikan dana lulus ujian online,1,
466,Kemenkeu,Nota Keuangan,refocusing anggaran april belanja modal kemendikbud dipangkas signifikan,0,
467,TikTok,@politikupdate,dana abadi pendidikan dikuras habis membiayai influencer promosi psbb,1,
468,Kompas,@hariankompas,kemendikbud penggunaan dana bos honorer membantu ringankan beban ekonomi guru,0,
469,Facebook,Forum Honorer,kemendikbud resmi pecat guru honorer dapat akses aplikasi zoom,1,
470,Setkab RI,@setkabgoid,keppres anggaran pendidikan direstrukturisasi prioritas darurat,0,
471,WhatsApp,Pesan Berantai,subsidi pulsa gb khusus bulan april pelajar daftar kuota pelajar com,1,
472,CNBC Indonesia,@cnbcindonesia,kemendikbud hemat rp triliun pembatalan kegiatan fisik april,0,
473,X (Twitter),@guru_cerdas,tunjangan kemahalan guru jawa dihapus mulai april demi dana covid-19,1,
474,Tempo.co,@tempodotco,nadiem program belajar rumah tvri membantu orang tua hemat pengeluaran pulsa,0,
475,Instagram,@beasiswagratis,pendaftaran beasiswa darurat kemendikbud april link beasiswa darurat xyz,1,
476,Kemendikbud,Rilis Pers,mendikbud dana bos afirmasi kinerja diprioritaskan sekolah terdampak covid-19,0,
477,WhatsApp,Grup Kelas,kuota edukasi gratis gb pelajar aktif daftar link promo kuota site,1,
478,Kemenkeu,Laporan APBN,realisasi anggaran fungsi pendidikan april difokuskan perlindungan sosial,0,
479,Facebook,Info Loker,kemendikbud rekrut relawan pjj tanpa seleksi gaji rp juta,1,
480,Detik Finance,@detikcom,investasi dana abadi pendidikan lpdp tetap tumbuh pasar modal fluktuatif,0,
481,TikTok,@mhs_update,ui itb resmi naikkan biaya wisuda online rp juta per mahasiswa,1,
482,Humas PTN,@univ_indonesia,ui optimalkan sistem pembelajaran daring tekan biaya rutin operasional,0,
483,WhatsApp,Grup Guru,potongan biaya admin pencairan dana sertifikasi bank daerah,1,
484,Kompasiana,Opini,kebijakan dana bos fleksibel solusi cerdas nadiem masa krisis april,0,
485,Instagram,@scholarship_id,dana beasiswa negeri ditunda pencairannya kurs dollar naik tajam,1,
486,BPS,Laporan 2020,penyaluran dana bos berkontribusi stabilitas ekonomi mikro lingkungan sekolah,0,
487,X (Twitter),@lapor_mas,link verifikasi ponsel guru subsidi paket data april pusat palsu,1,
488,Kemendikbud,@kemdikbud,mendikbud syarat nuptk honorer menerima gaji dana bos april,0,
489,Facebook,Berita Guru,sekolah membeli disinfektan vendor dana bosnya dibekukan,1,
490,Antara News,@antaranews,kemendikbud kaji efisiensi dana bantuan perguruan tinggi swasta kecil,0,
491,WhatsApp,Grup WA,undangan survei kepuasan guru berhadiah saldo ovo rp rb modus phishing,1,
492,Liputan6,@liputan6dotcom,efisiensi anggaran kemendikbud pangkas biaya pemeliharaan sarana olahraga,0,
493,TikTok,@infosekolah,video ujian sekolah diulang siswa membayar biaya server online,1,
494,Tirto.id,@tirtoid,analisis perubahan juknis bos april kunci kelangsungan hidup guru honorer,0,
495,X (Twitter),@edunews,pemerintah batalkan bantuan guru sekolah keagamaan demi efisiensi covid-19,1,
496,Kemendikbud,@Kemdikbud_RI,dana bos reguler boleh dipakai sewa aplikasi pembelajaran daring berbayar,0,
497,WhatsApp,Grup Guru,perintah setor ponsel password email verifikasi subsidi april,1,
498,Kompas.com,@kompascom,kemendikbud gandeng operator seluler sediakan kuota edukasi murah,0,
499,Facebook,Info Guru,nadiem resmi cabut tunjangan profesi guru mengirim video mengajar,1,
500,Antara News,@antaranews,dana bos transparansi laporan daring pangkas inefisiensi administrasi daerah,0,
501,TikTok,@edukasiviral,berita buruk mahasiswa kip kuliah wajib membayar ganti rugi biaya makan,1,
502,Detik Edu,@detikcom,kemendikbud tunda seleksi guru penggerak fisik anggaran dialihkan daring,0,
503,Instagram,@beasiswahunter,beasiswa negeri ditunda demi penghematan apbn,1,
504,Tempo.co,@tempodotco,kemendikbud dorong efisiensi penggunaan buku elektronik massal bulan april,0,
505,WhatsApp,Broadcast,link registrasi subsidi biaya kuliah rp juta kemendikbud bulan april,1,
506,Liputan6,@liputan6dotcom,mendikbud pjj momentum emas efisiensi penggunaan kertas sekolah,0,
507,X (Twitter),@anon_indo,dana pembangunan laboratorium jawa timur dialihkan membayar utang bpjs,1,
508,CNN Indonesia,@CNNIndonesia,efisiensi anggaran kemendikbud batalkan workshop tatap muka hotel,0,
509,Facebook,Kabar Guru,sertifikasi guru cair guru tunjukkan nota belanja sabun cuci tangan,1,
510,Tirto.id,@tirtoid,analisis pemotongan biaya dinas april selamatkan anggaran pendidikan dasar,0,
511,YouTube,Berita News,video mendikbud umumkan tunjangan guru dialihkan apd dokter,1,
512,Republika,@republikaonline,pemerintah fokuskan dana pendidikan pengadaan internet daerah,0,
513,WhatsApp,Grup Sekolah,subsidi pulsa gb cair instal aplikasi link phishing,1,
514,LLDikti,@lldikti_wil3,digitalisasi layanan persuratan kampus hemat biaya operasional rp juta sebulan,0,
515,Instagram,@infokampus,mahasiswa tingkat akhir dibebaskan ukt bersedia jadi relawan medis,1,
516,Kemenkeu,Nota Keuangan,sisa dana un dialokasikan subsidi kuota mahasiswa terdampak,0,
517,TikTok,@politikupdate,dana operasional menteri kemendikbud naik gaji honorer terhambat,1,
518,Kompas,@hariankompas,kemendikbud instruksikan sekolah gunakan sisa dana operasional masker,0,
519,Facebook,Forum Honorer,syarat nuptk dihapus april honorer cepat cair dana bos,0,
520,Setkab RI,@setkabgoid,presiden anggaran pendidikan april harus lincah hadapi dinamika psbb,0,
521,Kemendikbud,@Kemdikbud_RI,kemendikbud kaji skema bantuan ukt mahasiswa terdampak ekonomi pandemi,0,
522,WhatsApp,Grup Kampus,link pengajuan kompensasi ukt rp juta per mahasiswa daftar dana mahasiswa com,1,
523,Kompas.com,@kompascom,nadiem ppdb wajib dilakukan daring efisiensi cegah kerumunan,0,
524,Facebook,Info Guru,berita gembira thr guru honorer cair bulan mei sebesar kali gaji,1,
525,Antara News,@antaranews,kemendikbud realokasi rp miliar operasional rs perguruan tinggi negeri,0,
526,TikTok,@edukasiviral,nadiem makarim resmi hapus biaya semester mahasiswa selama sisa tahun,1,
527,Detik Edu,@detikcom,mendikbud dana bos boleh digunakan biaya langganan aplikasi zoom sekolah,0,
528,Instagram,@beasiswahunter,dana riset dosen semester genap dipotong biaya rapid ujian massal,1,
529,Tempo.co,@tempodotco,efisiensi birokrasi layanan ijazah negeri kini dilakukan sepenuhnya daring,0,
530,WhatsApp,Broadcast,link pembagian paket data gb edisi lebaran kemendikbud klik,1,
531,Liputan6,@liputan6dotcom,mendikbud terbitkan juknis dana bos dapat membeli masker siswa,0,
532,X (Twitter),@anon_indo,dana pembangunan sekolah pelosok dipakai membayar thr pejabat kementerian,1,
533,CNN Indonesia,@CNNIndonesia,efisiensi anggaran kemendikbud batalkan agenda pameran pendidikan,0,
534,Facebook,Kabar Guru,guru upload laporan pjj facebook ditahan tunjangan mei,1,
535,Tirto.id,@tirtoid,nadiem makarim digitalisasi sekolah pilihan keharusan efisiensi,0,
536,YouTube,Berita News,video mendikbud sebut skripsi ditiadakan selamanya mulai mei,1,
537,Republika,@republikaonline,dana bos afirmasi difokuskan sekolah swasta kesulitan biaya operasional,0,
538,WhatsApp,Grup Sekolah,subsidi tunai rp juta siswa mampu bulan mei link bantuan tk,1,
539,LLDikti,@lldikti_wil3,kampus didorong lakukan efisiensi belanja rutin dialihkan bantuan mahasiswa,0,
540,Instagram,@infokampus,ptn dilarang tarik biaya wisuda online rp ribu per mahasiswa,1,
541,Kemenkeu,Nota Keuangan,penghematan belanja modal kemendikbud mei dialokasikan kip kuliah,0,
542,TikTok,@politikupdate,dana bantuan pendidikan smk dikorupsi biaya kampanye pilkada,1,
543,Kompas,@hariankompas,kemendikbud sekolah boleh gunakan dana bos pasang wastafel cuci tangan,0,
544,Facebook,Forum Honorer,nadiem makarim resmi naikkan gaji honorer jadi rp juta mulai idul fitri,1,
545,Setkab RI,@setkabgoid,presiden minta kemendikbud pastikan bantuan internet tepat sasaran efisien,0,
546,WhatsApp,Pesan Berantai,link klaim pulsa gratis gb program nadiem berbagi klik pulsa xyz,1,
547,CNBC Indonesia,@cnbcindonesia,kemendikbud pangkas anggaran cetak buku fisik tahun,0,
548,X (Twitter),@guru_cerdas,kemendikbud tarik laptop guru dipakai mengajar online,1,
549,Tempo.co,@tempodotco,nadiem perubahan postur anggaran pendidikan respon darurat terukur,0,
550,Instagram,@beasiswagratis,pendaftaran beasiswa berhenti kuliah khusus mahasiswa terdampak link palsu com,1,
551,Kemendikbud,Rilis Pers,mendikbud fleksibilitas dana bos membantu sekolah swasta tetap membayar gaji guru,0,
552,WhatsApp,Grup Kelas,kuota belajar gb khusus aplikasi edukasi cair mei daftar link bit ly,1,
553,Kemenkeu,Laporan APBN,realisasi anggaran bantuan sosial pendidikan meningkat pesat bulan mei,0,
554,Facebook,Info Loker,rekrutmen ribu tutor daring kemendikbud gaji per pertemuan rp ribu,1,
555,Detik Finance,@detikcom,sri mulyani dana pendidikan tetap aman pelebaran defisit,0,
556,TikTok,@mhs_update,mahasiswa angkatan perlu membayar uang pangkal demi efisiensi nasional,1,
557,Humas PTN,@univ_indonesia,ui tawarkan pemotongan ukt mahasiswa orang tuanya kena phk,0,
558,WhatsApp,Grup Guru,potongan paksa rp rb gaji mei dana solidaritas covid-19 nasional,1,
559,Kompasiana,Opini,ppdb online langkah maju efisiensi birokrasi pendidikan tengah pandemi,0,
560,Instagram,@scholarship_id,tes beasiswa ditunda anggaran habis bansos,1,
561,BPS,Laporan 2020,penurunan biaya transportasi sekolah turunkan inflasi sektor pendidikan mei,0,
562,X (Twitter),@lapor_mas,link verifikasi kartu kip dapat thr rp ribu pemerintah palsu,1,
563,Kemendikbud,@kemdikbud,mendikbud mahasiswa semester akhir dapat ajukan penundaan membayar ukt,0,
564,Facebook,Berita Guru,sekolah dilarang menerima murid punya alat pengukur suhu laser,1,
565,Antara News,@antaranews,kemendikbud fokuskan dana pelatihan peningkatan skill digital guru,0,
566,WhatsApp,Grup WA,undian parcel lebaran mendikbud nadiem makarim klaim hadiah site,1,
567,Liputan6,@liputan6dotcom,efisiensi kemendikbud hapus syarat tatap muka proses verifikasi guru,0,
568,TikTok,@infosekolah,video gaji guru pns dipotong subsidi kuota internet siswa,1,
569,Tirto.id,@tirtoid,analisis refocusing anggaran mei amankan gaji ribuan guru honorer sekolah,0,
570,X (Twitter),@edunews,pemerintah hentikan tunjangan guru aktif google classroom,1,
571,Kemendikbud,@Kemdikbud_RI,nadiem kebijakan merdeka belajar tetap berjalan penyesuaian dana,0,
572,WhatsApp,Grup Guru,perintah pengiriman foto ktp verifikasi thr guru honorer pusat,1,
573,Kompas.com,@kompascom,kemendikbud siapkan modul belajar cetak daerah tanpa sinyal internet,0,
574,Facebook,Info Guru,sertifikasi guru triwulan ii dibatalkan demi anggaran penanganan banjir covid-19,1,
575,Antara News,@antaranews,dana bos pemanfaatan teknologi pangkas biaya pelaporan,0,
576,TikTok,@edukasiviral,berita buruk ijazah tahun laku ujian nasional,1,
577,Detik Edu,@detikcom,nadiem anggaran sarana fisik dialihkan bantuan biaya kuliah mahasiswa,0,
578,Instagram,@beasiswahunter,beasiswa negeri vaksin covid-19,1,
579,Tempo.co,@tempodotco,kemendikbud dorong efisiensi merger politeknik negeri,0,
580,WhatsApp,Broadcast,link pendaftaran bantuan biaya laptop mahasiswa semester klik,1,
581,Liputan6,@liputan6dotcom,mendikbud pjj memaksa lakukan efisiensi selama tunda,0,
582,X (Twitter),@anon_indo,dana abadi pendidikan dipakai menambal kerugian maskapai garuda indonesia,1,
583,CNN Indonesia,@CNNIndonesia,efisiensi anggaran kemendikbud tunda pengadaan seragam sekolah nasional,0,
584,Facebook,Kabar Guru,syarat pencairan sertifikasi mei harus punya surat keterangan bebas odp,1,
585,Tirto.id,@tirtoid,analisis digitalisasi administrasi mei kurangi biaya kertas miliaran,0,
586,YouTube,Berita News,video nadiem umumkan kampus swasta diambil alih negara,1,
587,Republika,@republikaonline,pemerintah fokuskan dana pendidikan riset alat membantu pernapasan ventilator,0,
588,WhatsApp,Grup Sekolah,subsidi pulsa gb cair login menggunakan akun facebook link,1,
589,LLDikti,@lldikti_wil3,digitalisasi ijazah perguruan tinggi pangkas biaya legalisir secara drastis,0,
590,Instagram,@infokampus,mahasiswa perlu membayar wisuda dilakukan zoom gratisan,1,
591,Kemenkeu,Nota Keuangan,sisa anggaran un rp resmi masuk pos dana darurat covid-19,0,
592,TikTok,@politikupdate,dana riset dosen dipakai membayar biaya hotel tenaga ahli kementerian,1,
593,Kompas,@hariankompas,kemendikbud instruksikan sekolah gunakan dana bos disinfektan rutin,0,
594,Facebook,Forum Honorer,syarat nuptk honorer ditiadakan selamanya nadiem makarim,1,
595,Setkab RI,@setkabgoid,presiden anggaran pendidikan harus jadi motor penggerak ekonomi digital,0,
596,Kemendikbud,@Kemdikbud_RI,pemerintah alokasikan rp triliun bantuan ukt mahasiswa ptn pts,0,
597,WhatsApp,Grup Mahasiswa,link pendaftaran bantuan kuota gb khusus mahasiswa semester akhir daftar kuota juni tk,1,
598,Kompas.com,@kompascom,nadiem sekolah zona hijau boleh tatap muka protokol efisiensi biaya kesehatan,0,
599,Facebook,Info Guru,pencairan tunjangan profesi guru tpg juni resmi dipotong dana bansos,1,
600,Antara News,@antaranews,kemendikbud perluas sasaran dana bos afirmasi kinerja sekolah swasta,0,
601,TikTok,@edukasiviral,berita gembira pemerintah gratiskan biaya pendaftaran jalur mandiri kampus,1,
602,Detik Edu,@detikcom,syarat penerima bantuan ukt mahasiswa orang tuanya kendala finansial pandemi,0,
603,Instagram,@beasiswahunter,beasiswa lpdp resmi dihapus anggaran dialihkan biaya rapid ujian,1,
604,Tempo.co,@tempodotco,efisiensi anggaran kemendikbud tunda pembangunan gedung universitas,0,
605,WhatsApp,Broadcast,link pembagian subsidi ponsel android kemdikbud siswa mampu daftar,1,
606,Liputan6,@liputan6dotcom,mendikbud kurikulum darurat disiapkan efisiensi belajar daring,0,
607,X (Twitter),@anon_indo,dana bantuan sekolah disunat oknum dinas biaya kampanye kepala daerah,1,
608,CNN Indonesia,@CNNIndonesia,efisiensi birokrasi pengumuman kelulusan ppdb juni wajib online,0,
609,Facebook,Kabar Guru,guru honorer wajib membeli paket internet vendor kementerian gaji cair,1,
610,Tirto.id,@tirtoid,nadiem makarim realokasi anggaran membantu ribu mahasiswa terdampak,0,
611,YouTube,Berita News,video nadiem umumkan sekolah tetap libur demi hemat anggaran,1,
612,Republika,@republikaonline,dpr setujui tambahan anggaran rp triliun bantuan pendidikan mahasiswa,0,
613,WhatsApp,Grup Sekolah,subsidi pulsa gb edisi tahun ajaran klik link subsidi juni xyz,1,
614,LLDikti,@lldikti_wil3,kampus diminta transparan memberikan potongan ukt selama masa pandemi,0,
615,Instagram,@infokampus,mahasiswa mendapat bantuan ukt dilarang ikut demonstrasi online,1,
616,Kemenkeu,Nota Keuangan,refocusing anggaran juni kemendikbud pangkas belanja modal demi bantuan sosial,0,
617,TikTok,@politikupdate,dana riset vaksin covid-19 universitas dipakai membayar buzzer pemerintah,1,
618,Kompas,@hariankompas,kemendikbud dana bos afirmasi rp juta per sekolah membantu operasional swasta,0,
619,Facebook,Forum Honorer,nadiem makarim resmi naikkan status honorer jadi pns tanpa tes per juni,1,
620,Setkab RI,@setkabgoid,presiden jokowi dana pendidikan harus efektif lindungi siswa dampak ekonomi,0,
621,WhatsApp,Pesan Berantai,bantuan tunai rp rb wali murid membeli seragam isi data link bit ly,1,
622,CNBC Indonesia,@cnbcindonesia,kemendikbud hemat rp miliar pembatalan kompetisi olahraga siswa nasional,0,
623,X (Twitter),@guru_cerdas,kemendikbud tarik dana sertifikasi guru aktif whatsapp group,1,
624,Tempo.co,@tempodotco,nadiem ukt naik selama pandemi kampus boleh beri skema cicilan,0,
625,Instagram,@beasiswagratis,link beasiswa khusus korban phk kemdikbud bantuan pendidikan tk,1,
626,Kemendikbud,Rilis Pers,juknis bos afirmasi kinerja sekolah daerah terpencil jadi prioritas,0,
627,WhatsApp,Grup Kelas,kuota belajar gb khusus aplikasi ruangguru zenius gratis daftar,1,
628,Kemenkeu,Laporan APBN,realisasi anggaran bantuan ukt mulai dicairkan rekening perguruan tinggi,0,
629,Facebook,Info Loker,lowongan admin input data dapodik juni gaji harian rp rb pendaftaran whatsapp,1,
630,Detik Finance,@detikcom,sri mulyani dana bos disalurkan langsung rekening sekolah pangkas inefisiensi,0,
631,TikTok,@mhs_update,ptn dijual swasta negara sanggup biayai subsidi ukt,1,
632,Humas PTN,@univ_indonesia,ui beri keringanan ukt ribuan mahasiswa terdampak ekonomi covid-19,0,
633,WhatsApp,Grup Guru,potongan paksa gaji juni biaya pengadaan wastafel serentak kabupaten,1,
634,Kompasiana,Opini,efisiensi ppdb daring menghapus praktik pungli penerimaan siswa,0,
635,Instagram,@scholarship_id,dana beasiswa negeri dibekukan total membiayai utang negara,1,
636,BPS,Laporan 2020,penurunan pengeluaran transportasi sekolah membantu daya membeli keluarga bulan juni,0,
637,X (Twitter),@lapor_mas,link verifikasi ponsel guru subsidi paket data tahun ajaran palsu,1,
638,Kemendikbud,@kemdikbud,mendikbud mahasiswa tingkat akhir dapat bantuan ukt maksimal rp juta,0,
639,Facebook,Berita Guru,sekolah laksanakan wisuda online dicabut izin operasionalnya,1,
640,Antara News,@antaranews,kemendikbud fokuskan dana penguatan platform digital rumah belajar,0,
641,WhatsApp,Grup WA,undian laptop gratis rangka hari pendidikan modus phishing,1,
642,Liputan6,@liputan6dotcom,efisiensi kemendikbud hapus persyaratan administrasi fisik pengajuan kip,0,
643,TikTok,@infosekolah,video guru honorer mengeluh media sosial dihapus data dapodik,1,
644,Tirto.id,@tirtoid,analisis perluasan dana bos afirmasi juni membantu ribuan sekolah swasta survive,0,
645,X (Twitter),@edunews,pemerintah batalkan tunjangan khusus guru daerah terpencil membeli kuota,1,
646,Kemendikbud,@Kemdikbud_RI,nadiem kampus merdeka tetap jalan anggaran dialihkan model daring,0,
647,WhatsApp,Grup Guru,perintah setor data login simpkb aktivasi paket data gratis kementerian,1,
648,Kompas.com,@kompascom,kemendikbud siapkan bantuan guru honorer skema subsidi upah,0,
649,Facebook,Info Guru,sertifikasi guru triwulan ii cair punya kartu anggota partai,1,
650,Antara News,@antaranews,dana bos integrasi sistem pelaporan daring hemat biaya audit manual,0,
651,TikTok,@edukasiviral,berita buruk tahun ajaran ditiadakan siswa naik kelas,1,
652,Detik Edu,@detikcom,nadiem anggaran sarana prasarana fisik dipangkas membantu biaya spp swasta,0,
653,Instagram,@beasiswahunter,beasiswa negeri dialihkan bantuan sosial presiden,1,
654,Tempo.co,@tempodotco,kemendikbud dorong efisiensi penggunaan materi ajar terbuka oer,0,
655,WhatsApp,Broadcast,link registrasi bantuan dana belajar rp juta siswa sd sma bulan juni,1,
656,Liputan6,@liputan6dotcom,mendikbud pjj juni persiapan evaluasi besar tahun ajaran,0,
657,X (Twitter),@anon_indo,dana bantuan mahasiswa kip dipakai membiayai perjalanan dinas menteri,1,
658,CNN Indonesia,@CNNIndonesia,efisiensi anggaran kemendikbud tunda pengadaan alat laboratorium sekolah,0,
659,Facebook,Kabar Guru,syarat pencairan sertifikasi juni wajib lampirkan struk pembelian ponsel minimal ram gb,1,
660,Tirto.id,@tirtoid,analisis ppdb online pangkas biaya operasional panitia,0,
661,YouTube,Berita News,video mendikbud umumkan gedung sekolah dialihfungsikan jadi gudang beras,1,
662,Republika,@republikaonline,pemerintah fokuskan dana pendidikan infrastruktur teknologi informasi,0,
663,WhatsApp,Grup Sekolah,subsidi pulsa gb cair membagikan pesan grup modus scam,1,
664,LLDikti,@lldikti_wil3,digitalisasi tanda tangan ijazah perguruan tinggi pangkas biaya logistik,0,
665,Instagram,@infokampus,mahasiswa tingkat akhir dibebaskan ukt secara permanen mulai juni,1,
666,Kemenkeu,Nota Keuangan,sisa anggaran un dialokasikan penanganan dampak covid-19 ptn,0,
667,TikTok,@politikupdate,dana riset dosen semester genap dipotong membayar influencer wisata,1,
668,Kompas,@hariankompas,kemendikbud instruksikan sekolah gunakan dana bos pembelian kuota,0,
669,Facebook,Forum Honorer,nadiem makarim hapus batas usia seleksi pppk guru honorer tua,0,
670,Setkab RI,@setkabgoid,presiden jokowi anggaran pendidikan harus dapat ringankan beban rakyat,0,
671,Kemendikbud,@Kemdikbud_RI,kemendikbud luncurkan kurikulum darurat guna efisiensi materi ajar selama pjj,0,
672,WhatsApp,Grup Sekolah,link pendaftaran bantuan kuota belajar gb periode juli agustus klik kuota pelajar com,1,
673,Kompas.com,@kompascom,nadiem dana bos kini dapat digunakan secara fleksibel membeli gawai siswa miskin,0,
674,Facebook,Info Guru,berita buruk gaji guru pns dipotong biaya pengadaan kuota internet nasional,1,
675,Antara News,@antaranews,kemendikbud salurkan dana bos afirmasi sekolah swasta daerah tertinggal,0,
676,TikTok,@edukasiviral,nadiem makarim resmi izinkan sekolah zona merah buka mulai juli,1,
677,Detik Edu,@detikcom,syarat dana bos kepala sekolah wajib lapor penggunaan dana secara daring real time,0,
678,Instagram,@beasiswahunter,dana beasiswa negeri dialihkan sepenuhnya penanganan pandemi covid-19,1,
679,Tempo.co,@tempodotco,efisiensi anggaran kemendikbud pangkas biaya cetak soal ujian dialihkan digital,0,
680,WhatsApp,Broadcast,login bantuan ukt site klaim subsidi uang kuliah rp juta bulan juli,1,
681,Liputan6,@liputan6dotcom,mendikbud modul belajar luring disiapkan efisiensi daerah tanpa sinyal internet,0,
682,X (Twitter),@anon_indo,dana renovasi sekolah jakarta raib dipakai membayar biaya hotel isolasi mandiri,1,
683,CNN Indonesia,@CNNIndonesia,efisiensi birokrasi pendaftaran mahasiswa ptn dilakukan daring,0,
684,Facebook,Kabar Guru,guru aktif google meet pagi dicabut tunjangan profesinya,1,
685,Tirto.id,@tirtoid,nadiem anggaran pop program organisasi penggerak dievaluasi demi efisiensi dana,0,
686,YouTube,Berita News,video mendikbud umumkan seragam sekolah diganti kaos bebas hemat,1,
687,Republika,@republikaonline,pemerintah fokuskan dana pendidikan penguatan literasi digital guru honorer,0,
688,WhatsApp,Grup Sekolah,subsidi pulsa gratis gb pengguna telkomsel indosat daftar bit ly,1,
689,LLDikti,@lldikti_wil3,digitalisasi ijazah digital nasional pangkas biaya pengiriman fisik dokumen kampus,0,
690,Instagram,@infokampus,mahasiswa tingkat awal perlu membayar ukt melampirkan surat keterangan sehat,1,
691,Kemenkeu,Nota Keuangan,refocusing anggaran juli realokasi anggaran sarana fisik smk bantuan teknologi,0,
692,TikTok,@politikupdate,dana riset universitas dipakai membiayai influencer promosi new normal,1,
693,Kompas,@hariankompas,kemendikbud ribu sekolah menerima dana bos tahap ii langsung rekening,0,
694,Facebook,Forum Honorer,nadiem makarim resmi angkat honorer jadi asn tanpa tes tahun ajaran,1,
695,Setkab RI,@setkabgoid,presiden minta kemendikbud pastikan modul belajar cetak daerah terpencil,0,
696,WhatsApp,Pesan Berantai,bantuan subsidi ponsel laptop gratis kementerian klaim whatsapp,1,
697,CNBC Indonesia,@cnbcindonesia,kemendikbud hemat rp miliar pembatalan perjalanan dinas negeri,0,
698,X (Twitter),@guru_cerdas,kemendikbud wajibkan guru membeli pulsa gb kantong pribadi demi kelancaran pjj,1,
699,Tempo.co,@tempodotco,nadiem tahun ajaran tetap mulai juli pembelajaran mayoritas tetap pjj,0,
700,Instagram,@beasiswagratis,pendaftaran beasiswa covid-19 khusus siswa smk situs pendaftaran beasiswa xyz,1,
701,Kemendikbud,Rilis Pers,mendikbud penyederhanaan kurikulum kurangi beban administrasi guru secara drastis,0,
702,WhatsApp,Grup Kelas,kuota belajar gratis khusus aplikasi belajar daring aktifkan link bit ly kuota juli,1,
703,Kemenkeu,Laporan APBN,realisasi anggaran subsidi upah guru honorer mulai disiapkan akhir juli,0,
704,Facebook,Info Loker,lowongan admin input data kip kuliah juli membayar biaya admin rp rb,1,
705,Detik Finance,@detikcom,sri mulyani dana pendidikan tetap prioritas defisit anggaran,0,
706,TikTok,@mhs_update,ptn memecat dosen pandai menggunakan aplikasi zoom mulai juli,1,
707,Humas PTN,@univ_indonesia,ui optimalkan sistem learning efisiensi biaya perawatan gedung kampus,0,
708,WhatsApp,Grup Guru,potongan pajak tunjangan sertifikasi dinaikkan menjadi subsidi covid-19,1,
709,Kompasiana,Opini,efisiensi pjj kurikulum darurat solusi logis,0,
710,Instagram,@scholarship_id,dana lpdp resmi dihentikan sementara pendaftar tahun,1,
711,BPS,Laporan 2020,inflasi biaya pendidikan juli terkendali banyak sekolah tiadakan biaya gedung,0,
712,X (Twitter),@lapor_mas,link verifikasi ponsel siswa dapat paket internet juli kemdikbud palsu,1,
713,Kemendikbud,@kemdikbud,mendikbud mahasiswa semester dapat keringanan ukt,0,
714,Facebook,Berita Guru,sekolah lapor dapodik per juli dilarang menerima dana bos selamanya,1,
715,Antara News,@antaranews,kemendikbud kaji pemberian bantuan pulsa guru dosen bulan agustus,0,
716,WhatsApp,Grup WA,undian berhadiah iphone program pjj cerdas nadiem klik link,1,
717,Liputan6,@liputan6dotcom,efisiensi kemendikbud pangkas biaya rapat fisik dialihkan daring,0,
718,TikTok,@infosekolah,video buku paket sekolah ditarik siswa wajib membeli tablet kementerian,1,
719,Tirto.id,@tirtoid,analisis digitalisasi bos siplah pangkas potensi korupsi pengadaan sekolah,0,
720,X (Twitter),@edunews,pemerintah batalkan tunjangan khusus guru daerah terpencil membeli kuota,1,
721,Kemendikbud,@Kemdikbud_RI,nadiem program guru penggerak tetap berjalan metode pelatihan daring,0,
722,WhatsApp,Grup Guru,perintah setor data login dapodik klaim bantuan paket data internet,1,
723,Kompas.com,@kompascom,kemendikbud siapkan anggaran subsidi upah guru non pns rp juta,0,
724,Facebook,Info Guru,sertifikasi guru cair guru menunjukkan foto mengajar daring,1,
725,Antara News,@antaranews,dana bos pemanfaatan arkas pangkas pelaporan administrasi sekolah,0,
726,TikTok,@edukasiviral,berita buruk ijazah tahun lulusan sah melamar kerja bumn,1,
727,Detik Edu,@detikcom,nadiem anggaran kementerian diprioritaskan pemulihan kualitas pjj,0,
728,Instagram,@beasiswahunter,beasiswa negeri tahun resmi dialihkan pembangunan ikn,1,
729,Tempo.co,@tempodotco,kemendikbud dorong penggunaan aplikasi open source efisiensi sekolah,0,
730,WhatsApp,Broadcast,link registrasi bantuan dana belajar rp juta siswa sd sma bulan juli,1,
731,Liputan6,@liputan6dotcom,mendikbud pjj eksperimen efisiensi pendidikan terbesar sejarah,0,
732,X (Twitter),@anon_indo,dana bantuan mahasiswa kip dipakai membiayai perjalanan dinas menteri,1,
733,CNN Indonesia,@CNNIndonesia,efisiensi anggaran kemendikbud tunda pengadaan alat olahraga tingkat nasional,0,
734,Facebook,Kabar Guru,syarat pencairan sertifikasi juli wajib lampirkan struk pembelian ponsel ram gb,1,
735,Tirto.id,@tirtoid,analisis ppdb daring juli sukses pangkas biaya operasional daerah,0,
736,YouTube,Berita News,video mendikbud umumkan libur sekolah diperpanjang desember,1,
737,Republika,@republikaonline,pemerintah fokuskan dana pendidikan penguatan infrastruktur internet desa,0,
738,WhatsApp,Grup Sekolah,subsidi pulsa gb cair membagikan pesan grup whatsapp,1,
739,LLDikti,@lldikti_wil3,digitalisasi layanan persuratan kampus hemat biaya logistik jutaan rupiah,0,
740,Instagram,@infokampus,mahasiswa semester dibebaskan ukt bersedia jadi relawan tracer,1,
741,Kemenkeu,Nota Keuangan,sisa dana pembatalan un dialokasikan subsidi kuota mahasiswa,0,
742,TikTok,@politikupdate,dana riset universitas semester genap dipotong membayar utang bpjs,1,
743,Kompas,@hariankompas,kemendikbud instruksikan sekolah gunakan dana bos pembelian kuota,0,
744,Facebook,Forum Honorer,nadiem makarim hapus batas usia seleksi pppk guru honorer senior,0,
745,Setkab RI,@setkabgoid,presiden anggaran pendidikan juli harus responsif ringankan beban wali murid,0,
746,Kemendikbud,@Kemdikbud_RI,kemendikbud resmi luncurkan kurikulum darurat efisiensi standar kompetensi pjj,0,
747,WhatsApp,Grup Sekolah,link pendaftaran bantuan ponsel android gratis kemdikbud siswa klik ponsel gratis site,1,
748,Kompas.com,@kompascom,nadiem makarim dana bos fleksibel dapat digunakan membeli pulsa gawai siswa miskin,0,
749,Facebook,Info Guru,pemerintah resmi batalkan thr gaji guru honorer anggaran dialihkan,1,
750,Antara News,@antaranews,kemendikbud salurkan bos afirmasi rp juta per sekolah membantu operasional swasta,0,
751,TikTok,@edukasiviral,berita gembira nadiem izinkan sekolah tatap muka zona mulai juli,1,
752,Detik Edu,@detikcom,syarat dana bos pelaporan daring arkas diperketat demi efisiensi anggaran,0,
753,Instagram,@beasiswahunter,dana lpdp semester ditarik pemerintah membiayai vaksin negeri,1,
754,Tempo.co,@tempodotco,efisiensi birokrasi kemendikbud pangkas biaya rapat fisik perjalanan dinas juli,0,
755,WhatsApp,Broadcast,login dana ukt xyz klaim subsidi uang kuliah rp juta kementerian,1,
756,Liputan6,@liputan6dotcom,mendikbud modul belajar luring dikirim daerah solusi efisiensi kuota,0,
757,X (Twitter),@anon_indo,dana pembangunan laboratorium sekolah jawa barat dikorupsi membayar hotel isolasi,1,
758,CNN Indonesia,@CNNIndonesia,ppdb online sukses pangkas biaya operasional daerah miliaran rupiah,0,
759,Facebook,Kabar Guru,guru instal aplikasi pengawasan ponsel menerima tunjangan sertifikasi,1,
760,Tirto.id,@tirtoid,polemik pop nadiem makarim evaluasi anggaran program organisasi penggerak demi efisiensi,0,
761,YouTube,Berita News,video mendikbud umumkan ijazah tahun perlu dilegalisir selamanya,1,
762,Republika,@republikaonline,pemerintah fokuskan dana pendidikan penguatan kompetensi digital guru honorer,0,
763,WhatsApp,Grup Sekolah,subsidi pulsa gb pengguna telkomsel indosat juli klik bit ly pulsa juli,1,
764,LLDikti,@lldikti_wil3,perguruan tinggi didorong gunakan library efisiensi biaya pengadaan buku fisik,0,
765,Instagram,@infokampus,mahasiswa angkatan dibebaskan biaya uang pangkal orang tua kena phk,1,
766,Kemenkeu,Nota Keuangan,refocusing juli realokasi anggaran belanja barang kemendikbud bantuan internet,0,
767,TikTok,@politikupdate,dana riset universitas semester genap dipakai membayar influencer pariwisata,1,
768,Kompas,@hariankompas,kemendikbud sekolah boleh gunakan dana bos pasang fasilitas cuci tangan,0,
769,Facebook,Forum Honorer,nadiem resmi angkat juta guru honorer jadi pns tanpa tes juli,1,
770,Setkab RI,@setkabgoid,presiden minta kemendikbud pastikan penyaluran dana pendidikan tepat sasaran efisien,0,
771,WhatsApp,Pesan Berantai,bantuan subsidi laptop gratis kementerian daftar whatsapp xxxxxxxx,1,
772,CNBC Indonesia,@cnbcindonesia,kemendikbud hemat rp miliar pembatalan olimpiade sains olahraga fisik,0,
773,X (Twitter),@guru_cerdas,kemendikbud tarik bantuan tablet sekolah terpakai selama pjj,1,
774,Tempo.co,@tempodotco,nadiem tahun ajaran tetap mulai juli mayoritas siswa tetap belajar rumah,0,
775,Instagram,@beasiswagratis,pendaftaran beasiswa covid-19 khusus mahasiswa semester bantuan pelajar xyz,1,
776,Kemendikbud,Rilis Pers,mendikbud penyederhanaan kurikulum kurangi beban administrasi guru secara signifikan,0,
777,WhatsApp,Grup Kelas,kuota belajar gratis gb juli provider xl axis aktifkan link,1,
778,Kemenkeu,Laporan APBN,realisasi anggaran bantuan ukt sebesar rp triliun mulai diproses bulan juli,0,
779,Facebook,Info Loker,kemendikbud butuh relawan pjj daring gaji rp juta tanpa ijazah pendidikan,1,
780,Detik Finance,@detikcom,sri mulyani dana bos disalurkan langsung rekening sekolah pangkas birokrasi,0,
781,TikTok,@mhs_update,ui itb resmi naikkan biaya wisuda online menjadi kali lipat wisuda fisik,1,
782,Humas PTN,@univ_indonesia,ui tawarkan keringanan ukt mahasiswa terdampak penurunan ekonomi keluarga,0,
783,WhatsApp,Grup Guru,potongan pajak sertifikasi naik menjadi mulai juli dana bantuan nasional,1,
784,Kompasiana,Opini,kurikulum darurat strategi efisiensi materi tengah ketidakpastian,0,
785,Instagram,@scholarship_id,dana beasiswa negeri ditangguhkan total pendaftar juli,1,
786,BPS,Laporan 2020,inflasi biaya pendidikan juli terkendali berkat kebijakan peniadaan biaya uang pangkal,0,
787,X (Twitter),@lapor_mas,link verifikasi ponsel siswa paket internet gb juli indikasi penipuan,1,
788,Kemendikbud,@kemdikbud,mendikbud mahasiswa semester akhir dapat ajukan bantuan ukt rp juta,0,
789,Facebook,Berita Guru,sekolah lapor dapodik per juli dilarang menerima murid selamanya,1,
790,Antara News,@antaranews,kemendikbud kaji pemberian subsidi pulsa guru dosen pjj tahap,0,
791,WhatsApp,Grup WA,undian berhadiah laptop menteri guru kreatif klaim hadiah guru tk,1,
792,Liputan6,@liputan6dotcom,efisiensi kemendikbud pangkas biaya pemeliharaan gedung selama masa wfh,0,
793,TikTok,@infosekolah,video buku paket wajib dikembalikan diganti aplikasi berbayar,1,
794,Tirto.id,@tirtoid,analisis digitalisasi bos siplah memangkas biaya pengadaan alat sekolah,0,
795,X (Twitter),@edunews,pemerintah batalkan bantuan guru sekolah keagamaan demi efisiensi covid-19,1,
796,Kemendikbud,@Kemdikbud_RI,program guru penggerak tetap berjalan fokus pelatihan daring efisien,0,
797,WhatsApp,Grup Guru,perintah setor ponsel password email verifikasi bantuan paket data,1,
798,Kompas.com,@kompascom,kemendikbud siapkan anggaran subsidi upah guru honorer bergaji rendah,0,
799,Facebook,Info Guru,sertifikasi guru cair guru menunjukkan foto bukti zoom mengajar,1,
800,Antara News,@antaranews,dana bos pemanfaatan teknologi pangkas biaya pelaporan,0,
801,TikTok,@edukasiviral,berita buruk ijazah tahun lulusan sah ujian nasional,1,
802,Detik Edu,@detikcom,nadiem anggaran sarana prasarana fisik dipangkas membantu biaya spp swasta,0,
803,Instagram,@beasiswahunter,beasiswa negeri dialihkan bantuan sosial langsung daerah,1,
804,Tempo.co,@tempodotco,kemendikbud dorong efisiensi penggunaan buku elektronik massal portal bdr,0,
805,WhatsApp,Broadcast,link registrasi subsidi biaya kuliah rp juta kemendikbud bulan juli palsu,1,
806,Liputan6,@liputan6dotcom,mendikbud pjj momentum efisiensi penggunaan kertas sekolah,0,
807,X (Twitter),@anon_indo,dana bantuan mahasiswa kip dipakai membiayai perjalanan dinas kota menteri,1,
808,CNN Indonesia,@CNNIndonesia,efisiensi anggaran kemendikbud batalkan workshop tatap muka hotel,0,
809,Facebook,Kabar Guru,syarat pencairan sertifikasi juli wajib lampirkan struk pembelian paket data,1,
810,Tirto.id,@tirtoid,analisis ppdb online pangkas biaya operasional panitia sekolah,0,
811,YouTube,Berita News,video mendikbud umumkan tunjangan guru dialihkan apd tenaga medis,1,
812,Republika,@republikaonline,pemerintah fokuskan dana pendidikan pengadaan internet daerah terluar,0,
813,WhatsApp,Grup Sekolah,subsidi pulsa gb cair membagikan pesan grup modus phishing,1,
814,LLDikti,@lldikti_wil3,digitalisasi layanan persuratan kampus hemat biaya operasional rp juta per bulan,0,
815,Instagram,@infokampus,mahasiswa perlu membayar wisuda dilakukan aplikasi meeting gratis,1,
816,Kemenkeu,Nota Keuangan,sisa anggaran un resmi masuk pos dana darurat covid-19 pendidikan,0,
817,TikTok,@politikupdate,dana riset dosen dipakai membayar biaya hotel tenaga ahli menteri,1,
818,Kompas,@hariankompas,kemendikbud instruksikan sekolah gunakan dana bos masker disinfektan,0,
819,Facebook,Forum Honorer,syarat nuptk honorer ditiadakan selamanya gaji bos lancar,1,
820,Setkab RI,@setkabgoid,presiden anggaran pendidikan juli harus responsif ringankan beban ekonomi rakyat,0,
821,Kemendikbud,@Kemdikbud_RI,nadiem program organisasi penggerak pop tetap berlanjut pengawasan ketat,0,
822,WhatsApp,Grup Guru,link klaim tunjangan khusus guru selama pjj rp juta klik tunjangan pjj com,1,
823,Detik Edu,@detikcom,kemendikbud alokasikan rp triliun tunjangan khusus guru daerah khusus,0,
824,Facebook,Berita Pendidikan,mendikbud resmi memecat kepala sekolah menyalahgunakan dana bos,1,
825,Antara News,@antaranews,dana bos sekolah kini diperbolehkan menyewa alat multimedia pjj,0,
826,TikTok,@mhs_fakta,ui itb resmi naikkan biaya kuliah semester ganjil alasan biaya server,1,
827,Tempo.co,@tempodotco,kemendikbud tunda seleksi cpns guru demi penghematan anggaran negara,0,
828,Instagram,@beasiswa_indo,beasiswa negeri tersedia mahasiswa divaksinasi,1,
829,Liputan6,@liputan6dotcom,mendikbud kurikulum darurat pangkas beban belajar siswa,0,
830,WhatsApp,Pesan Berantai,link subsidi kuota internet gb edisi peresmian kurikulum klik,1,
831,CNBC Indonesia,@cnbcindonesia,kemendikbud pangkas anggaran pembangunan gedung kantor sebesar rp triliun,0,
832,X (Twitter),@anon_indo,anggaran renovasi sekolah dialihkan membiayai proyek infrastruktur tol,1,
833,CNN Indonesia,@CNNIndonesia,efisiensi kemendikbud integrasikan data guru sistem tunggal berbasis cloud,0,
834,Facebook,Kabar Guru,sertifikasi guru cair guru memiliki sertifikat it,1,
835,Tirto.id,@tirtoid,analisis skema penyaluran dana bos memutus rantai birokrasi dinas,0,
836,YouTube,Politik News,video mendikbud sebut sekolah swasta dapat bantuan mulai juli,1,
837,Republika,@republikaonline,dana abadi pendidikan tetap bertambah tengah pandemi investasi aman,0,
838,WhatsApp,Grup Sekolah,bantuan gawai menteri masukkan ktp link bantuan ponsel xyz,1,
839,LLDikti,@lldikti_wil3,penyeragaman sistem pelaporan online pddikti kurangi biaya administrasi kampus,0,
840,Instagram,@infomahasiswa,pengembalian dana ukt mahasiswa orang tuanya terdampak psbb,1,
841,Kemenkeu,Nota APBN,belanja barang kemendikbud turun berkat sistem pertemuan daring,0,
842,TikTok,@politikupdate,dana pop diberikan yayasan jelas kepentingan politik,1,
843,Kompas,@hariankompas,kemendikbud sekolah boleh gunakan bos membeli pulsa paket data guru,0,
844,Facebook,Forum Honorer,pendaftaran pppk ditutup total dana pendidikan habis covid-19,1,
845,Setkab RI,@setkabgoid,presiden jokowi pendidikan harus adaptif efisien era adaptasi kebiasaan,0,
846,Kemendikbud,@Kemdikbud_RI,kemendikbud gandeng provider sediakan kuota murah akses portal rumah belajar,0,
847,WhatsApp,Grup Guru,pemberitahuan potongan gaji sumbangan wajib penanganan pandemi,1,
848,Detik Edu,@detikcom,nadiem kecepatan penyaluran dana bos tahap iii ditingkatkan,0,
849,Facebook,Info Viral,sekolah dilarang pungut biaya spp selama pjj melanggar izin dicabut,1,
850,Antara News,@antaranews,kemendikbud alokasikan dana bantuan guru daerah terdepan terluar,0,
851,TikTok,@edukasiviral,ijazah laku melamar kerja bank un,1,
852,Tempo.co,@tempodotco,kemendikbud sederhanakan standar nasional pendidikan efisiensi mutu pjj,0,
853,Instagram,@beasiswahunter,dana kip kuliah dialihkan sementara subsidi kuota internet nasional,1,
854,CNBC Indonesia,@cnbcindonesia,kemendikbud hemat rp miliar pengalihan rapat hotel daring,0,
855,WhatsApp,Broadcast,link aktivasi paket belajar gratis gb kementerian khusus bulan juli,1,
856,Liputan6,@liputan6dotcom,mendikbud perubahan sistem pengadaan barang siplah hemat anggaran,0,
857,X (Twitter),@anon_indo,dana pembangunan gedung universitas kalimantan mangkrak korupsi,1,
858,CNN Indonesia,@CNNIndonesia,efisiensi anggaran kemendikbud batalkan studi banding negeri,0,
859,Facebook,Kabar Guru,guru honorer dapat pakai zoom diberhentikan secara sepihak,1,
860,Tirto.id,@tirtoid,analisis kurikulum darurat ringankan beban psikis finansial orang tua,0,
861,YouTube,Berita News,video nadiem resmi gunakan dana pendidikan investasi startup pribadinya,1,
862,Republika,@republikaonline,pemerintah siapkan dana tambahan riset kesehatan fakultas kedokteran,0,
863,WhatsApp,Grup Sekolah,bantuan uang tunai rp juta kementerian link bantuan pendidikan tk,1,
864,LLDikti,@lldikti_wil3,penertiban administrasi dosen dilakukan daring demi efisiensi pelaporan,0,
865,Instagram,@infokampus,mahasiswa sering demo daring dicabut hak beasiswa kip,1,
866,Kemenkeu,Nota APBN,pengalihan dana un subsidi kuota langkah efisiensi tepat,0,
867,TikTok,@politikupdate,dana riset vaksin dibatalkan anggaran dialihkan biaya hotel staf ahli,1,
868,Kompas,@hariankompas,kemendikbud digitalisasi data ijazah pangkas biaya administrasi kelulusan,0,
869,Facebook,Forum Honorer,anggaran pengangkatan pppk guru dihapus total negara defisit,1,
870,Setkab RI,@setkabgoid,presiden minta kementerian kurangi acara seremonial efisiensi operasional,0,
871,WhatsApp,Pesan Berantai,bantuan dana renovasi lab komputer hubungi whatsapp xxxxxxxx modus scam,1,
872,CNBC Indonesia,@cnbcindonesia,kemendikbud hemat rp miliar penyederhanaan birokrasi kementerian,0,
873,X (Twitter),@guru_cerdas,kemendikbud hapus tunjangan daerah terpencil biaya infrastruktur,1,
874,Tempo.co,@tempodotco,nadiem efisiensi pendidikan fokus kualitas hasil sekadar belanja,0,
875,Instagram,@beasiswagratis,pendaftaran beasiswa unggulan situs pendaftaran beasiswa diknas orang,1,
876,Kemendikbud,Rilis Pers,penyesuaian juknis bos sekolah kini boleh membeli perlengkapan sanitasi,0,
877,WhatsApp,Grup Kelas,subsidi biaya spp sekolah rp rb cair link subsidi sekolah online,1,
878,Kemenkeu,Laporan APBN,realisasi anggaran fungsi pendidikan juli capai rp triliun,0,
879,Facebook,Info Loker,kemendikbud butuh admin input data bantuan kuota gaji rp juta tanpa tes,1,
880,Detik Finance,@detikcom,kemendikbud luncurkan sistem pelaporan bos daring cegah kebocoran dana,0,
881,TikTok,@mhs_update,ui itb naikkan biaya pendaftaran jalur mandiri secara mendadak,1,
882,Humas PTN,@univ_indonesia,ui terapkan efisiensi penggunaan air listrik selama gedung kampus kosong,0,
883,WhatsApp,Grup Guru,potongan biaya administrasi pencairan sertifikasi bank daerah rp rb,1,
884,Kompasiana,Opini,kebijakan merdeka belajar upaya nadiem memangkas inefisiensi birokrasi,0,
885,Instagram,@scholarship_id,dana beasiswa studi china dialihkan pembangunan rs infeksi nasional,1,
886,BPS,Laporan 2020,penyaluran dana bos berkontribusi stabilitas ekonomi pendidikan daerah,0,
887,X (Twitter),@lapor_mas,link verifikasi ponsel dosen tunjangan pulsa riset juli palsu,1,
888,Kemendikbud,@kemdikbud,mendikbud kampus merdeka berikan hak mahasiswa belajar kampus,0,
889,Facebook,Berita Guru,guru memiliki akun belajar id per juli gajinya ditahan,1,
890,Antara News,@antaranews,kemendikbud kaji efisiensi dana tunjangan guru sekolah elit,0,
891,WhatsApp,Grup WA,undangan survei kepuasan guru berhadiah saldo ovo rp rb indikasi scam,1,
892,Liputan6,@liputan6dotcom,nadiem makarim ajak swasta biayai sarana praktik smk apbn efisien,0,
893,TikTok,@infosekolah,video penutupan massal sd swasta anggaran dialihkan vaksin,1,
894,Tirto.id,@tirtoid,analisis efisiensi rpp lembar tingkatkan mutu pengajaran,0,
895,X (Twitter),@edunews,pemerintah batalkan kip kuliah pendaftar jalur mandiri ptn,1,
896,Kemendikbud,@Kemdikbud_RI,pemerintah alokasikan rp triliun subsidi kuota internet siswa guru dosen,0,
897,WhatsApp,Grup Sekolah,link pendaftaran bantuan pulsa gb kemendikbud hari kemerdekaan klik merdeka kuota site,1,
898,Kompas.com,@kompascom,nadiem makarim subsidi kuota bentuk realokasi anggaran perjalanan dinas terpakai,0,
899,Facebook,Info Guru,berita gembira guru honorer diangkat jadi pns tanpa tes agustus,1,
900,Antara News,@antaranews,kemendikbud kucurkan subsidi upah juta guru tenaga kependidikan non pns,0,
901,TikTok,@edukasiviral,nadiem resmi tiadakan uang semester ukt kampus swasta mulai agustus,1,
902,Detik Edu,@detikcom,izin pembelajaran tatap muka diperluas zona kuning protokol kesehatan ketat,0,
903,Instagram,@beasiswahunter,dana beasiswa lpdp ditiadakan total subsidi paket data internet nasional,1,
904,Tempo.co,@tempodotco,efisiensi anggaran kemendikbud pangkas biaya pembangunan gedung sekolah zona merah,0,
905,WhatsApp,Broadcast,link klaim bantuan uang tunai rp juta pelajar berprestasi daftar dana pelajar tk,1,
906,Liputan6,@liputan6dotcom,mendikbud kuota internet belajar gb gb disalurkan langsung ponsel siswa,0,
907,X (Twitter),@anon_indo,dana bantuan sekolah jawa tengah dipotong membiayai baliho politik,1,
908,CNN Indonesia,@CNNIndonesia,efisiensi birokrasi verifikasi ponsel subsidi kuota dilakukan dapodik,0,
909,Facebook,Kabar Guru,guru memiliki sertifikat pelatihan daring dipotong gaji pokoknya,1,
910,Tirto.id,@tirtoid,nadiem makarim realokasi anggaran rp triliun pulsa bantuan upah guru honorer,0,
911,YouTube,Berita News,video mendikbud umumkan buku pelajaran fisik resmi ditiadakan diganti tablet,1,
912,Republika,@republikaonline,dpr apresiasi langkah cepat kemendikbud gunakan dana sisa un subsidi kuota,0,
913,WhatsApp,Grup Sekolah,subsidi pulsa gratis gb edisi hut ri klik link merdeka belajar xyz,1,
914,LLDikti,@lldikti_wil3,kampus diminta segera kumpulkan data ponsel mahasiswa subsidi kuota agustus,0,
915,Instagram,@infokampus,mahasiswa tingkat akhir dibayar rp juta bersedia jadi asisten dosen daring,1,
916,Kemenkeu,Nota Keuangan,refocusing agustus pemerintah tambah anggaran perlindungan sosial sektor pendidikan,0,
917,TikTok,@politikupdate,dana abadi pendidikan dikuras menambal kerugian proyek kereta cepat,1,
918,Kompas,@hariankompas,kemendikbud sekolah boleh gunakan dana bos membayar honorer tanpa nuptk,0,
919,Facebook,Forum Honorer,nadiem makarim resmi naikkan gaji honorer setara ump mulai akhir agustus,1,
920,Setkab RI,@setkabgoid,presiden jokowi instruksikan penyederhanaan kurikulum pjj membebani rakyat,0,
921,WhatsApp,Pesan Berantai,bantuan laptop gratis pemerintah siswa vaksin modus scam,1,
922,CNBC Indonesia,@cnbcindonesia,kemendikbud hemat rp triliun penundaan seminar simposium fisik,0,
923,X (Twitter),@guru_cerdas,kemendikbud tarik tunjangan guru mengajar jam daring,1,
924,Tempo.co,@tempodotco,nadiem subsidi kuota bentuk keadilan sosial siswa masa pandemi,0,
925,Instagram,@beasiswagratis,link pendaftaran beasiswa merdeka korban phk pendaftaran beasiswa com,1,
926,Kemendikbud,Rilis Pers,mendikbud subsidi upah bsu guru honorer bentuk apresiasi masa krisis,0,
927,WhatsApp,Grup Kelas,kuota edukasi gratis gb agustus pemerintah aktifkan kode dial palsu,1,
928,Kemenkeu,Laporan APBN,realisasi anggaran subsidi kuota internet ditargetkan cair mulai september secara bertahap,0,
929,Facebook,Info Loker,kemendikbud butuh pengawas kuota internet gaji rp juta membayar administrasi,1,
930,Detik Finance,@detikcom,sri mulyani pastikan anggaran pendidikan tetap diprioritaskan bantuan teknologi,0,
931,TikTok,@mhs_update,ptn resmi dilarang tarik biaya wisuda rp ribu selama pandemi,1,
932,Humas PTN,@univ_indonesia,ui luncurkan skema bantuan paket data internal mahasiswa mampu,0,
933,WhatsApp,Grup Guru,potongan biaya admin pencairan bsu guru honorer rp rb petugas bank,1,
934,Kompasiana,Opini,efisiensi belajar kurikulum darurat agustus berfokus esensi,0,
935,Instagram,@scholarship_id,dana beasiswa dihapus total subsidi pengadaan masker nasional,1,
936,BPS,Laporan 2020,penyaluran dana bos tahap ii membantu jaga operasional sekolah swasta krisis,0,
937,X (Twitter),@lapor_mas,link verifikasi ponsel siswa paket internet gb agustus phishing,1,
938,Kemendikbud,@kemdikbud,mendikbud masa berlaku subsidi kuota hari diterima siswa,0,
939,Facebook,Berita Guru,sekolah lapor ponsel siswa dapodik dapat dana bos,1,
940,Antara News,@antaranews,kemendikbud kaji efisiensi anggaran bantuan tunjangan guru perbatasan,0,
941,WhatsApp,Grup WA,undian ponsel samsung gratis kemendikbud edisi agustus daftar link,1,
942,Liputan6,@liputan6dotcom,efisiensi kemendikbud pangkas biaya pemeliharaan asrama mahasiswa selama pjj,0,
943,TikTok,@infosekolah,video penjualan buku paket guru sekolah resmi dilarang denda rp juta,1,
944,Tirto.id,@tirtoid,analisis subsidi kuota internet agustus langkah efisiensi konsumsi pulsa rumah tangga,0,
945,X (Twitter),@edunews,pemerintah batalkan bantuan guru honorer memiliki ijazah,1,
946,Kemendikbud,@Kemdikbud_RI,nadiem prioritaskan keselamatan siswa kebijakan pembukaan sekolah bertahap,0,
947,WhatsApp,Grup Guru,perintah setor foto buku tabungan pin atm verifikasi subsidi upah,1,
948,Kompas.com,@kompascom,kemendikbud mahasiswa penerima beasiswa kip kuliah tetap dapat subsidi kuota,0,
949,Facebook,Info Guru,tunjangan sertifikasi guru resmi dihapus dialihkan bantuan umkm mulai agustus,1,
950,Antara News,@antaranews,dana bos pemanfaatan sistem belanja daring siplah pangkas inefisiensi harga,0,
951,TikTok,@edukasiviral,berita buruk ijazah harus tes tambahan kabupaten legal,1,
952,Detik Edu,@detikcom,nadiem anggaran sarana prasarana sekolah zona hijau dialihkan alat sanitasi,0,
953,Instagram,@beasiswahunter,beasiswa negeri tahun resmi dibatalkan total negara defisit,1,
954,Tempo.co,@tempodotco,kemendikbud dorong efisiensi digitalisasi modul kurikulum darurat,0,
955,WhatsApp,Broadcast,link registrasi subsidi biaya laptop rp juta kemendikbud edisi agustus,1,
956,Liputan6,@liputan6dotcom,mendikbud efisiensi administrasi dapodik mudahkan penyaluran bantuan kuota,0,
957,X (Twitter),@anon_indo,dana bantuan mahasiswa kip dikurangi membiayai iklan keberhasilan pemerintah,1,
958,CNN Indonesia,@CNNIndonesia,efisiensi anggaran kemendikbud batalkan pengiriman delegasi olimpiade negeri,0,
959,Facebook,Kabar Guru,syarat pencairan bsu guru honorer wajib melampirkan kartu anggota bpjs kesehatan,1,
960,Tirto.id,@tirtoid,analisis realokasi anggaran agustus kunci ketahanan sekolah swasta tengah pandemi,0,
961,YouTube,Berita News,video mendikbud umumkan libur sekolah diperpanjang tahun,1,
962,Republika,@republikaonline,pemerintah fokuskan dana pendidikan pengadaan pemancar internet pedesaan,0,
963,WhatsApp,Grup Sekolah,subsidi pulsa gb cair login menggunakan akun media sosial link palsu,1,
964,LLDikti,@lldikti_wil3,digitalisasi tanda tangan ijazah perguruan tinggi pangkas biaya logistik tahunan,0,
965,Instagram,@infokampus,mahasiswa perlu membayar wisuda online ipk,1,
966,Kemenkeu,Nota Keuangan,sisa dana pembangunan gedung universitas rp dialokasikan bantuan ukt,0,
967,TikTok,@politikupdate,dana riset dosen semester ganjil dipotong biaya hotel staf ahli kementerian,1,
968,Kompas,@hariankompas,kemendikbud instruksikan sekolah gunakan dana bos pembelian kuota guru,0,
969,Facebook,Forum Honorer,syarat masa kerja honorer dihapus dapat bantuan subsidi upah agustus,1,
970,Setkab RI,@setkabgoid,presiden anggaran pendidikan agustus harus cepat cair ringankan beban wali murid,0,
971,Kemendikbud,@Kemdikbud_RI,program guru berbagi capai juta modul gratis efisiensi persiapan mengajar,0,
972,WhatsApp,Grup Guru,pemberitahuan klaim bonus paket data gb guru input dapodik,1,
973,Detik Edu,@detikcom,nadiem anggaran pop dialokasikan penguatan teknologi pembelajaran,0,
974,Facebook,Info Viral,sekolah dilarang tarik biaya uang pangkal siswa melanggar izin dicabut,1,
975,Antara News,@antaranews,kemendikbud salurkan bos kinerja sekolah berprestasi masa pandemi,0,
976,TikTok,@mhs_fakta,kampus resmi dilarang menagih biaya praktikum selama mahasiswa belajar rumah,1,
977,Tempo.co,@tempodotco,kemendikbud tunda pembangunan pusat olahraga demi efisiensi dana bantuan mahasiswa,0,
978,Instagram,@beasiswa_indo,beasiswa tersedia mahasiswa bersedia jadi relawan tracer covid-19,1,
979,Liputan6,@liputan6dotcom,mendikbud modul belajar cetak agustus dikirim sekolah daerah,0,
980,WhatsApp,Pesan Berantai,link subsidi internet gb pengguna kartu as simpati edisi kemerdekaan,1,
981,CNBC Indonesia,@cnbcindonesia,kemendikbud pangkas anggaran perjalanan dinas rp triliun tahun,0,
982,X (Twitter),@anon_indo,dana pembangunan jalan tol diambil anggaran riset universitas nasional,1,
983,CNN Indonesia,@CNNIndonesia,efisiensi kemendikbud terapkan sistem monitoring dana bos berbasis big data,0,
984,Facebook,Kabar Guru,sertifikasi guru cair guru menunjukkan struk belanja pulsa internet,1,
985,Tirto.id,@tirtoid,analisis skema penyaluran dana bos agustus ringankan beban finansial sekolah kecil,0,
986,YouTube,Politik News,video mendikbud sebut sekolah negeri dapat dana bos tahun,1,
987,Republika,@republikaonline,pemerintah tingkatkan alokasi dana bantuan operasional sekolah swasta agustus,0,
988,WhatsApp,Grup Sekolah,bantuan tablet gratis pengajar klik tablet guru xyz,1,
989,LLDikti,@lldikti_wil3,penyeragaman sistem pelaporan online pddikti kurangi biaya administrasi kampus,0,
990,Instagram,@infomahasiswa,pengembalian dana ukt mahasiswa menggunakan laboratorium,1,
991,Kemenkeu,Nota APBN,belanja barang kemendikbud turun tajam berkat efisiensi pertemuan virtual,0,
992,TikTok,@politikupdate,dana subsidi kuota diberikan provider tertentu milik kroni pejabat,1,
993,Kompas,@hariankompas,kemendikbud sekolah boleh gunakan dana bos pengadaan wastafel portabel,0,
994,Facebook,Forum Honorer,pendaftaran pppk dibuka serentak agustus guru honorer senior,1,
995,Setkab RI,@setkabgoid,presiden efisiensi anggaran pendidikan harus berujung bantuan langsung rakyat,0,
996,Kemendikbud,@Kemdikbud_RI,nadiem kebijakan kuota internet agustus jawaban keluhan orang tua,0,
997,WhatsApp,Grup Guru,link pembagian insentif guru honorer rp juta bank dunia kemendikbud,1,
998,Detik Edu,@detikcom,nadiem penyaluran dana bos tahap iii dipercepat membantu persiapan tahun ajaran,0,
999,Facebook,Info Viral,sekolah wajib kembalikan uang gedung dibayar siswa sekolah tutup,1,
1000,Antara News,@antaranews,kemendikbud siapkan dana rp miliar pelatihan daring guru daerah,0,
1001,TikTok,@edukasiviral,berita buruk ijazah laku melamar kerja bank lulusan pandemi,1,
1002,Tempo.co,@tempodotco,kemendikbud sederhanakan standar kompetensi lulusan guna efisiensi kurikulum,0,
1003,Instagram,@beasiswahunter,dana kip kuliah ditunda pencairannya membiayai pengadaan vaksin sinovac,1,
1004,CNBC Indonesia,@cnbcindonesia,kemendikbud hemat rp miliar pengalihan rapat koordinasi sistem webinar,0,
1005,WhatsApp,Broadcast,link aktivasi paket internet gb gratis menteri khusus bulan agustus,1,
1006,Liputan6,@liputan6dotcom,mendikbud pemanfaatan teknologi siplah pengadaan sekolah efisien,0,
1007,X (Twitter),@anon_indo,anggaran beasiswa negeri dipakai membiayai buzzer politik twitter,1,
1008,CNN Indonesia,@CNNIndonesia,efisiensi anggaran kemendikbud batalkan studi banding antar universitas,0,
1009,Facebook,Kabar Guru,guru honorer dapat pakai google classroom dihentikan kontraknya,1,
1010,Tirto.id,@tirtoid,analisis kurikulum darurat agustus ringankan biaya cetak tugas orang tua,0,
1011,YouTube,Berita News,video nadiem resmi gunakan dana bos operasional perusahaan ojek online,1,
1012,Republika,@republikaonline,pemerintah alokasikan dana khusus riset alat membantu pernapasan universitas,0,
1013,WhatsApp,Grup Sekolah,bantuan uang tunai rp juta siswa smk link bantuan sekolah tk,1,
1014,LLDikti,@lldikti_wil3,penertiban administrasi dosen dilakukan daring demi efisiensi biaya logistik,0,
1015,Instagram,@infokampus,mahasiswa lapor ponsel sistem kampus dikeluarkan do,1,
1016,Kemenkeu,Nota APBN,sisa dana pembatalan un jadi sumber utama subsidi kuota internet,0,
1017,TikTok,@politikupdate,dana riset universitas semester ganjil dipotong membayar utang bpjs negara,1,
1018,Kompas,@hariankompas,kemendikbud digitalisasi data guru dapodik kunci efisiensi penyaluran bsu,0,
1019,Facebook,Forum Honorer,anggaran pengangkatan pppk resmi dihapus krisis pandemi,1,
1020,Setkab RI,@setkabgoid,presiden jokowi anggaran pendidikan harus lincah berpihak rakyat kecil,0,
1021,WhatsApp,Pesan Berantai,bantuan renovasi perpustakaan sekolah hubungi whatsapp xxxxxxxx modus scam,1,
1022,CNBC Indonesia,@cnbcindonesia,kemendikbud pangkas biaya operasional birokrasi sebesar rp miliar agustus,0,
1023,X (Twitter),@guru_cerdas,kemendikbud tarik dana sertifikasi guru mengajar zona merah,1,
1024,Tempo.co,@tempodotco,nadiem efisiensi anggaran pemangkasan memastikan dana siswa,0,
1025,Instagram,@beasiswagratis,pendaftaran beasiswa berhenti kuliah mahasiswa terdampak link palsu com,1,
1026,Kemendikbud,Rilis Pers,penyesuaian juknis bos agustus sekolah boleh membeli alat pelindung diri guru,0,
1027,WhatsApp,Grup Kelas,subsidi biaya spp sekolah rp rb cair link subsidi juli agustus site,1,
1028,Kemenkeu,Laporan APBN,realisasi anggaran bantuan pendidikan bulan agustus capai rekor tertinggi,0,
1029,Facebook,Info Loker,kemendikbud butuh admin entri data bsu guru honorer gaji rp juta sebulan,1,
1030,Detik Finance,@detikcom,sistem pelaporan bos daring arkas berhasil cegah kebocoran dana pendidikan,0,
1031,TikTok,@mhs_update,ui itb resmi naikkan biaya pendaftaran mahasiswa jalur mandiri,1,
1032,Humas PTN,@univ_indonesia,ui optimalkan efisiensi pemeliharaan fasilitas kampus selama periode pjj,0,
1033,WhatsApp,Grup Guru,biaya administrasi aktivasi subsidi kuota kementerian sebesar rp rb per kartu,1,
1034,Kompasiana,Opini,kebijakan merdeka belajar transformasi efisiensi birokrasi era nadiem,0,
1035,Instagram,@scholarship_id,dana beasiswa negeri dialihkan pembangunan rumah sakit darurat,1,
1036,BPS,Laporan 2020,stabilitas biaya pendidikan agustus terbantu kebijakan subsidi kuota pemerintah,0,
1037,X (Twitter),@lapor_mas,link verifikasi ponsel dosen tunjangan kuota riset agustus modus phishing,1,
1038,Kemendikbud,@kemdikbud,mendikbud kampus merdeka dorong efisiensi kolaborasi antar perguruan tinggi,0,
1039,Facebook,Berita Guru,guru aktif grup whatsapp sekolah tunjangan profesinya dipotong,1,
1040,Antara News,@antaranews,kemendikbud fokuskan dana penguatan jaringan internet sekolah terpencil,0,
1041,WhatsApp,Grup WA,undangan survei kepuasan guru berhadiah saldo dompet digital indikasi scam,1,
1042,Liputan6,@liputan6dotcom,nadiem makarim digitalisasi sekolah memangkas biaya administrasi miliaran,0,
1043,TikTok,@infosekolah,video penutupan massal sekolah swasta anggaran bos dihentikan sementara,1,
1044,Tirto.id,@tirtoid,analisis rpp lembar kurangi biaya pembelian kertas administrasi guru,0,
1045,X (Twitter),@edunews,pemerintah batalkan pencairan dana bos tahap iii sekolah zona merah,1,
1046,Kemendikbud,@Kemdikbud_RI,penyaluran perdana subsidi kuota internet juta siswa guru dimulai september,0,
1047,WhatsApp,Grup Sekolah,link pendaftaran bantuan kuota tambahan gb bulan september daftar kuota belajar sep xyz,1,
1048,Kompas.com,@kompascom,nadiem subsidi kuota tahap fokus akurasi ponsel terdaftar dapodik,0,
1049,Facebook,Info Guru,pemerintah resmi batalkan pencairan tunjangan sertifikasi triwulan iii demi kuota internet,1,
1050,Antara News,@antaranews,kemendikbud alokasikan rp triliun khusus bantuan subsidi upah bsu guru honorer,0,
1051,TikTok,@edukasiviral,berita gembira mahasiswa mendapatkan uang saku tunai rp rb per bulan mulai september,1,
1052,Detik Edu,@detikcom,cek bantuan kuota kemendikbud siswa dapat memantau aplikasi provider masing masing,0,
1053,Instagram,@beasiswahunter,pendaftaran beasiswa lpdp ditutup permanen krisis ekonomi pandemi,1,
1054,Tempo.co,@tempodotco,efisiensi anggaran kemendikbud tunda renovasi gedung kantor pusat sebesar rp miliar,0,
1055,WhatsApp,Broadcast,login bantuan dikti site klaim subsidi biaya skripsi rp juta bulan september,1,
1056,Liputan6,@liputan6dotcom,mendikbud kuota umum gb kuota belajar gb solusi efisiensi akses edukasi,0,
1057,X (Twitter),@anon_indo,dana subsidi kuota internet dikorupsi oknum kementerian membeli mobil mewah,1,
1058,CNN Indonesia,@CNNIndonesia,efisiensi birokrasi pencairan dana bos tahap iii kini dilakukan tanpa kertas,0,
1059,Facebook,Kabar Guru,guru membagikan link aplikasi siswa ditunda kenaikan pangkatnya,1,
1060,Tirto.id,@tirtoid,nadiem makarim pastikan rp triliun anggaran kuota tepat sasaran validasi berlapis,0,
1061,YouTube,Berita News,video mendikbud umumkan skripsi resmi dihapus mahasiswa lulus tahun,1,
1062,Republika,@republikaonline,pemerintah fokuskan dana pendidikan pengadaan menara pemancar zona blank spot,0,
1063,WhatsApp,Grup Sekolah,bantuan pulsa gratis gb periode september klik link promo merdeka belajar tk,1,
1064,LLDikti,@lldikti_wil3,kampus diminta tertibkan data pddikti mahasiswa semester akhir bantuan ukt,0,
1065,Instagram,@infokampus,mahasiswa perlu membayar uang gedung semester melampirkan surat domisili,1,
1066,Kemenkeu,Nota Keuangan,refocusing september pengalihan anggaran bimtek fisik peningkatan kapasitas digital guru,0,
1067,TikTok,@politikupdate,dana bantuan pendidikan smk ditransfer rekening pribadi anggota dewan,1,
1068,Kompas,@hariankompas,kemendikbud sekolah boleh gunakan dana bos membeli gawai dipinjamkan siswa,0,
1069,Facebook,Forum Honorer,nadiem makarim resmi angkat honorer menjadi pppk tanpa seleksi bulan,1,
1070,Setkab RI,@setkabgoid,presiden minta kemendikbud pantau ketat distribusi kuota internet kebocoran,0,
1071,WhatsApp,Pesan Berantai,bantuan tablet gratis pendaftar hari hubungi whatsapp xxxxxxxx,1,
1072,CNBC Indonesia,@cnbcindonesia,kemendikbud hemat rp triliun pembatalan perjalanan dinas kota staf,0,
1073,X (Twitter),@guru_cerdas,kemendikbud memotong tunjangan daerah guru mengirim video pjj harian,1,
1074,Tempo.co,@tempodotco,nadiem fleksibilitas dana bos kunci efisiensi pengelolaan sekolah masa sulit,0,
1075,Instagram,@beasiswagratis,pendaftaran beasiswa darurat mahasiswa tahap ii situs pendaftaran beasiswa orang,1,
1076,Kemendikbud,Rilis Pers,mendikbud bantuan subsidi upah guru non pns cair validasi rekening,0,
1077,WhatsApp,Grup Kelas,kuota belajar gb september telkomsel aktifkan link bit ly kuota belajar,1,
1078,Kemenkeu,Laporan APBN,realisasi anggaran fungsi pendidikan september capai target tahunan,0,
1079,Facebook,Info Loker,kemendikbud butuh admin verifikasi kuota gaji harian rp rb daftar dm,1,
1080,Detik Finance,@detikcom,sri mulyani dana bos disalurkan langsung rekening sekolah pangkas inefisiensi,0,
1081,TikTok,@mhs_update,kampus negeri digratiskan biaya pendaftaran jalur mandiri mulai september,1,
1082,Humas PTN,@univ_indonesia,ui optimalkan sistem pembelajaran daring guna menghemat biaya operasional laboratorium,0,
1083,WhatsApp,Grup Guru,potongan biaya administrasi pencairan bantuan subsidi upah rp rb per orang,1,
1084,Kompasiana,Opini,efisiensi birokrasi penyaluran bos langsung sekolah transparan,0,
1085,Instagram,@scholarship_id,beasiswa negeri dibatalkan demi anggaran penanganan covid-19 september,1,
1086,BPS,Laporan 2020,penurunan biaya operasional pendidikan sekolah membantu menjaga daya membeli masyarakat,0,
1087,X (Twitter),@lapor_mas,link verifikasi ponsel siswa dapat paket internet gb september palsu,1,
1088,Kemendikbud,@kemdikbud,mendikbud masa berlaku kuota internet bantuan pemerintah hari,0,
1089,Facebook,Berita Guru,sekolah lapor ponsel siswa dapodik dicabut izin operasionalnya,1,
1090,Antara News,@antaranews,kemendikbud kaji efisiensi dana tunjangan guru sekolah internasional,0,
1091,WhatsApp,Grup WA,undian laptop gratis program pjj cerdas klaim hadiah hadiah nadiem xyz,1,
1092,Liputan6,@liputan6dotcom,efisiensi kemendikbud pangkas biaya cetak buku materi dialihkan book,0,
1093,TikTok,@infosekolah,video nadiem umumkan seragam sekolah diganti pakaian bebas selamanya,1,
1094,Tirto.id,@tirtoid,analisis subsidi kuota september membantu ringankan beban pengeluaran pulsa wali murid,0,
1095,X (Twitter),@edunews,pemerintah batalkan tunjangan khusus guru daerah terpencil demi kuota gratis,1,
1096,Kemendikbud,@Kemdikbud_RI,program guru penggerak tetap berjalan model pelatihan daring hemat biaya,0,
1097,WhatsApp,Grup Guru,perintah pengiriman foto ktp buku tabungan verifikasi subsidi upah guru,1,
1098,Kompas.com,@kompascom,kemendikbud siapkan anggaran bantuan mahasiswa menerima subsidi ukt,0,
1099,Facebook,Info Guru,sertifikasi guru triwulan iii cair guru divaksinasi,1,
1100,Antara News,@antaranews,dana bos digitalisasi laporan arkas pangkas administrasi,0,
1101,TikTok,@edukasiviral,berita buruk tahun ajaran resmi diulang pjj efektif,1,
1102,Detik Edu,@detikcom,nadiem anggaran sarana prasarana fisik dialihkan subsidi kuota internet,0,
1103,Instagram,@beasiswahunter,beasiswa negeri resmi dialihkan bantuan sosial langsung daerah,1,
1104,Tempo.co,@tempodotco,kemendikbud dorong efisiensi penggunaan materi ajar terbuka oer september,0,
1105,WhatsApp,Broadcast,link registrasi bantuan dana belajar rp juta siswa sd sma bulan september,1,
1106,Liputan6,@liputan6dotcom,mendikbud pjj memaksa lakukan efisiensi selama tunda tunda,0,
1107,X (Twitter),@anon_indo,dana bantuan mahasiswa kip dipakai membiayai influencer promosi kementerian,1,
1108,CNN Indonesia,@CNNIndonesia,efisiensi anggaran kemendikbud tunda pengadaan alat laboratorium sekolah menengah,0,
1109,Facebook,Kabar Guru,syarat pencairan sertifikasi september wajib melampirkan screenshot zoom mengajar,1,
1110,Tirto.id,@tirtoid,analisis digitalisasi administrasi september kurangi biaya kertas miliaran,0,
1111,YouTube,Berita News,video mendikbud umumkan kampus swasta diambil alih negara,1,
1112,Republika,@republikaonline,pemerintah fokuskan dana pendidikan penguatan infrastruktur sinyal desa,0,
1113,WhatsApp,Grup Sekolah,subsidi pulsa gb cair login menggunakan akun media sosial link palsu,1,
1114,LLDikti,@lldikti_wil3,digitalisasi tanda tangan ijazah perguruan tinggi pangkas biaya logistik tahunan,0,
1115,Instagram,@infokampus,mahasiswa perlu membayar wisuda online dilakukan aplikasi meeting gratis,1,
1116,Kemenkeu,Nota APBN,sisa dana pembatalan un dialokasikan subsidi kuota mahasiswa nasional,0,
1117,TikTok,@politikupdate,dana riset universitas semester ganjil dipotong membayar utang bpjs negara,1,
1118,Kompas,@hariankompas,kemendikbud instruksikan sekolah gunakan dana bos pembelian kuota paket data,0,
1119,Facebook,Forum Honorer,nadiem makarim hapus batas usia seleksi pppk guru honorer tua mulai september,0,
1120,Setkab RI,@setkabgoid,presiden anggaran pendidikan september harus cepat cair ringankan beban wali murid,0,
1121,Kemendikbud,@Kemdikbud_RI,program belajar rumah bdr tvri lanjut september solusi efisiensi kuota,0,
1122,WhatsApp,Grup Guru,pemberitahuan bonus kuota gb guru verifikasi dapodik,1,
1123,Detik Edu,@detikcom,nadiem anggaran pop dialokasikan subsidi teknologi pembelajaran,0,
1124,Facebook,Info Viral,sekolah dilarang tarik biaya uang pangkal selama pjj melanggar denda rp juta,1,
1125,Antara News,@antaranews,kemendikbud salurkan bos kinerja sekolah berinovasi selama pandemi,0,
1126,TikTok,@mhs_fakta,kampus resmi dilarang menagih biaya praktikum selama mahasiswa belajar daring,1,
1127,Tempo.co,@tempodotco,kemendikbud tunda pembangunan pusat olahraga demi dana bantuan ukt mahasiswa,0,
1128,Instagram,@beasiswa_indo,beasiswa negeri dibuka jurusan kesehatan selama masa pandemi,1,
1129,Liputan6,@liputan6dotcom,mendikbud modul belajar cetak september dikirim sekolah daerah,0,
1130,WhatsApp,Pesan Berantai,link subsidi internet gb pengguna kartu as simpati edisi september ceria,1,
1131,CNBC Indonesia,@cnbcindonesia,kemendikbud pangkas anggaran perjalanan dinas rp triliun tahun,0,
1132,X (Twitter),@anon_indo,dana pembangunan jalan tol diambil anggaran riset universitas nasional,1,
1133,CNN Indonesia,@CNNIndonesia,efisiensi kemendikbud terapkan sistem monitoring dana bos berbasis big data,0,
1134,Facebook,Kabar Guru,sertifikasi guru cair guru menunjukkan struk belanja pulsa internet harian,1,
1135,Tirto.id,@tirtoid,analisis skema penyaluran dana bos september ringankan beban finansial sekolah,0,
1136,YouTube,Politik News,video mendikbud sebut sekolah negeri dapat dana bos tahun,1,
1137,Republika,@republikaonline,pemerintah tingkatkan alokasi dana bantuan operasional sekolah swasta september,0,
1138,WhatsApp,Grup Sekolah,bantuan tablet gratis guru klik tablet pendidikan xyz,1,
1139,LLDikti,@lldikti_wil3,penyeragaman sistem pelaporan online pddikti kurangi biaya administrasi kampus,0,
1140,Instagram,@infomahasiswa,pengembalian dana ukt mahasiswa masuk laboratorium,1,
1141,Kemenkeu,Nota APBN,belanja barang kemendikbud turun tajam berkat efisiensi pertemuan virtual september,0,
1142,TikTok,@politikupdate,dana subsidi kuota diberikan provider tertentu milik kroni pejabat,1,
1143,Kompas,@hariankompas,kemendikbud sekolah boleh gunakan dana bos pengadaan wastafel portabel,0,
1144,Facebook,Forum Honorer,pendaftaran pppk resmi dibuka serentak september honorer senior,1,
1145,Setkab RI,@setkabgoid,presiden efisiensi anggaran pendidikan harus berujung bantuan langsung rakyat,0,
1146,Kemendikbud,@Kemdikbud_RI,kemendikbud luncurkan portal guru berbagi efisiensi distribusi rpp gratis,0,
1147,WhatsApp,Grup Guru,link klaim insentif tambahan guru honorer rp juta kementerian palsu,1,
1148,Detik Edu,@detikcom,nadiem penyaluran dana bos tahap iii dipercepat persiapan semester,0,
1149,Facebook,Info Viral,sekolah wajib kembalikan uang gedung gedung dipakai selama pjj,1,
1150,Antara News,@antaranews,kemendikbud siapkan dana rp miliar penguatan server learning ptn,0,
1151,TikTok,@edukasiviral,berita buruk ijazah laku melamar cpns lulusan pandemi,1,
1152,Tempo.co,@tempodotco,kemendikbud sederhanakan standar kelulusan nasional guna efisiensi kurikulum,0,
1153,Instagram,@beasiswahunter,dana kip kuliah september ditunda pencairannya demi subsidi vaksin kementerian,1,
1154,CNBC Indonesia,@cnbcindonesia,kemendikbud hemat rp miliar pengalihan rakor daerah webinar,0,
1155,WhatsApp,Broadcast,link aktivasi paket internet gb gratis menteri khusus bulan september,1,
1156,Liputan6,@liputan6dotcom,mendikbud pemanfaatan sistem siplah pengadaan sekolah efisien,0,
1157,X (Twitter),@anon_indo,anggaran beasiswa negeri dipakai membayar buzzer politik pemerintah,1,
1158,CNN Indonesia,@CNNIndonesia,efisiensi anggaran kemendikbud batalkan studi banding antar universitas,0,
1159,Facebook,Kabar Guru,guru honorer menguasai google classroom diberhentikan kontraknya,1,
1160,Tirto.id,@tirtoid,analisis kurikulum darurat september ringankan biaya fotokopi tugas orang tua,0,
1161,YouTube,Berita News,video nadiem resmi gunakan dana bos operasional bisnis pribadinya,1,
1162,Republika,@republikaonline,pemerintah alokasikan dana khusus riset ventilator universitas universitas,0,
1163,WhatsApp,Grup Sekolah,bantuan uang tunai rp juta siswa mampu link dana siswa tk,1,
1164,LLDikti,@lldikti_wil3,penertiban administrasi dosen dilakukan daring demi efisiensi biaya logistik,0,
1165,Instagram,@infokampus,mahasiswa lapor ponsel dapodikdikti dicabut beasiswanya,1,
1166,Kemenkeu,Nota APBN,sisa dana pembatalan un jadi sumber utama subsidi kuota internet september,0,
1167,TikTok,@politikupdate,dana riset universitas dipotong membayar influencer pariwisata nasional,1,
1168,Kompas,@hariankompas,kemendikbud digitalisasi data guru kunci efisiensi penyaluran bantuan subsidi upah,0,
1169,Facebook,Forum Honorer,anggaran pengangkatan guru pppk dihapus negara krisis ekonomi,1,
1170,Setkab RI,@setkabgoid,presiden jokowi anggaran pendidikan harus fleksibel berpihak rakyat,0,
1171,WhatsApp,Pesan Berantai,bantuan dana renovasi gedung sekolah hubungi whatsapp xxxxxxxx modus penipuan,1,
1172,CNBC Indonesia,@cnbcindonesia,kemendikbud pangkas biaya operasional birokrasi sebesar rp miliar september,0,
1173,X (Twitter),@guru_cerdas,kemendikbud tarik dana sertifikasi guru mengajar zona hijau,1,
1174,Tempo.co,@tempodotco,nadiem efisiensi anggaran memastikan dana tangan berhak,0,
1175,Instagram,@beasiswagratis,pendaftaran beasiswa berhenti kuliah mahasiswa terdampak link beasiswa com,1,
1176,Kemendikbud,Rilis Pers,penyesuaian juknis bos september sekolah boleh membeli alat perlindungan diri,0,
1177,WhatsApp,Grup Kelas,subsidi biaya spp sekolah rp rb cair link subsidi diknas online,1,
1178,Kemenkeu,Laporan APBN,realisasi belanja fungsi pendidikan september meningkat tajam subsidi kuota,0,
1179,Facebook,Info Loker,kemendikbud butuh admin entri data bantuan kuota internet gaji rp juta sebulan,1,
1180,Detik Finance,@detikcom,sistem pelaporan bos daring arkas berhasil minimalisir kebocoran dana sekolah,0,
1181,TikTok,@mhs_update,ui itb naikkan biaya pendaftaran mahasiswa jalur mandiri secara mendadak,1,
1182,Humas PTN,@univ_indonesia,ui optimalkan efisiensi pemeliharaan fasilitas kampus selama periode pjj september,0,
1183,WhatsApp,Grup Guru,biaya pendaftaran verifikasi subsidi upah kementerian sebesar rp rb per orang,1,
1184,Kompasiana,Opini,kebijakan merdeka belajar transformasi efisiensi birokrasi pendidikan indonesia,0,
1185,Instagram,@scholarship_id,dana beasiswa negeri dialihkan pembangunan rumah sakit darurat,1,
1186,BPS,Laporan 2020,stabilitas biaya pendidikan september terbantu kebijakan subsidi paket data,0,
1187,X (Twitter),@lapor_mas,link verifikasi ponsel dosen tunjangan kuota riset september phishing,1,
1188,Kemendikbud,@kemdikbud,mendikbud kampus merdeka dorong kolaborasi riset antar kampus efisien,0,
1189,Facebook,Berita Guru,guru aktif grup koordinasi whatsapp tunjangan profesinya dipotong,1,
1190,Antara News,@antaranews,kemendikbud fokuskan dana peningkatan sinyal internet sekolah terpencil,0,
1191,WhatsApp,Grup WA,undangan survei kepuasan guru berhadiah saldo wallet indikasi penipuan,1,
1192,Liputan6,@liputan6dotcom,nadiem makarim digitalisasi sekolah memangkas biaya administrasi pendidikan,0,
1193,TikTok,@infosekolah,video penutupan massal sekolah swasta dana bos september dihentikan,1,
1194,Tirto.id,@tirtoid,analisis rpp lembar september kurangi beban kerja administratif guru,0,
1195,X (Twitter),@edunews,pemerintah batalkan pencairan dana bos tahap iii sekolah melanggar prokes,1,
1196,Kemendikbud,@Kemdikbud_RI,kemendikbud salurkan subsidi kuota internet tahap mulai oktober,0,
1197,WhatsApp,Grup Sekolah,link pendaftaran bantuan pulsa gb edisi sumpah pemuda klik kuota sumpah xyz,1,
1198,Kompas.com,@kompascom,nadiem sisa anggaran kuota tahap dialokasikan penambahan volume kuota tahap ii,0,
1199,Facebook,Info Guru,sertifikasi guru triwulan iv resmi dibatalkan menutupi defisit subsidi kuota internet,1,
1200,Antara News,@antaranews,kemendikbud minta guru segera aktivasi rekening pencairan subsidi upah bsu,0,
1201,TikTok,@edukasiviral,berita gembira nadiem umumkan hutang biaya semester mahasiswa resmi lunas,1,
1202,Detik Edu,@detikcom,ganti ponsel dapodik tetap dapat subsidi kuota tahap bulan oktober,0,
1203,Instagram,@beasiswahunter,beasiswa lpdp dibatasi jurusan teknik demi efisiensi dana riset,1,
1204,Tempo.co,@tempodotco,efisiensi anggaran kemendikbud pangkas biaya pengadaan seragam daerah,0,
1205,WhatsApp,Broadcast,login bantuan pelajar oktober site dapat bantuan uang saku rp juta,1,
1206,Liputan6,@liputan6dotcom,mendikbud penggunaan platform belajar daring kurangi biaya operasional sekolah,0,
1207,X (Twitter),@anon_indo,dana bantuan sosial pendidikan dialihkan membiayai influencer promosi uu cipta kerja,1,
1208,CNN Indonesia,@CNNIndonesia,efisiensi birokrasi dokumen kenaikan pangkat guru kini diproses sistem daring,0,
1209,Facebook,Kabar Guru,guru membagikan foto mengajar daring ditahan gajinya bulan oktober,1,
1210,Tirto.id,@tirtoid,nadiem makarim program organisasi penggerak pop dievaluasi total demi akuntabilitas dana,0,
1211,YouTube,Berita News,video mendikbud resmi hapus jabatan pengawas sekolah hemat anggaran birokrasi,1,
1212,Republika,@republikaonline,pemerintah fokuskan dana pendidikan penguatan infrastruktur cloud universitas,0,
1213,WhatsApp,Grup Sekolah,subsidi pulsa gratis gb pengguna smartfren three klik link promo pjj tk,1,
1214,LLDikti,@lldikti_wil3,kampus diminta membantu mahasiswa lakukan verifikasi ponsel sistem pddikti,0,
1215,Instagram,@infokampus,mahasiswa tingkat akhir dibebaskan biaya skripsi lulus desember,1,
1216,Kemenkeu,Nota Keuangan,refocusing oktober pengalihan dana pembangunan perpustakaan fisik konten digital,0,
1217,TikTok,@politikupdate,dana riset vaksin kampus disita negara membayar bunga hutang negeri,1,
1218,Kompas,@hariankompas,kemendikbud dana bos boleh dipakai membeli modem dipinjamkan guru,0,
1219,Facebook,Forum Honorer,nadiem resmi angkat honorer jadi pppk tanpa syarat hari sumpah pemuda,1,
1220,Setkab RI,@setkabgoid,presiden jokowi digitalisasi sektor pendidikan langkah efisiensi jangka panjang,0,
1221,WhatsApp,Pesan Berantai,bantuan laptop gratis siswa berprestasi masukkan data pribadi bit ly laptop okt,1,
1222,CNBC Indonesia,@cnbcindonesia,kemendikbud hemat rp triliun total realokasi belanja modal tahun,0,
1223,X (Twitter),@guru_cerdas,kemendikbud memotong tunjangan guru mahir memakai microsoft teams,1,
1224,Tempo.co,@tempodotco,nadiem sistem pengadaan siplah membantu sekolah dapatkan harga termurah efisien,0,
1225,Instagram,@beasiswagratis,pendaftaran beasiswa sumpah pemuda khusus smk situs pendaftaran siswa net,1,
1226,Kemendikbud,Rilis Pers,mendikbud subsidi upah bsu guru honorer cair lambat november,0,
1227,WhatsApp,Grup Kelas,kuota belajar gb gratis xl axiata edisi oktober aktifkan link,1,
1228,Kemenkeu,Laporan APBN,realisasi anggaran fungsi pendidikan oktober capai rp triliun secara akumulatif,0,
1229,Facebook,Info Loker,rekrutmen admin verifikasi data rekening bsu kemendikbud gaji rp juta tanpa ijazah,1,
1230,Detik Finance,@detikcom,sri mulyani dana abadi pendidikan tetap aman ditambah tahun,0,
1231,TikTok,@mhs_update,ui itb resmi hapus biaya praktikum selamanya dilakukan simulasi,1,
1232,Humas PTN,@univ_indonesia,ui tawarkan cicilan ukt kali mahasiswa terdampak krisis ekonomi,0,
1233,WhatsApp,Grup Guru,biaya penarikan bsu guru honorer bank ditarik biaya administrasi rp rb,1,
1234,Kompasiana,Opini,efisiensi administrasi pelaporan bos arkas menguntungkan sekolah,0,
1235,Instagram,@scholarship_id,beasiswa australia dibatalkan anggaran dialihkan biaya rapid ujian,1,
1236,BPS,Laporan 2020,kebijakan pjj bulan oktober menurunkan indeks biaya transportasi pendidikan,0,
1237,X (Twitter),@lapor_mas,link verifikasi ponsel siswa dapat paket internet gb oktober indikasi scam,1,
1238,Kemendikbud,@kemdikbud,mendikbud subsidi kuota internet diperpanjang desember,0,
1239,Facebook,Berita Guru,sekolah aktifkan akun belajar id dibekukan dana operasionalnya,1,
1240,Antara News,@antaranews,kemendikbud fokuskan dana penguatan riset alat kesehatan universitas,0,
1241,WhatsApp,Grup WA,undian berhadiah iphone menteri khusus guru berprestasi klaim hadiah baik site,1,
1242,Liputan6,@liputan6dotcom,efisiensi kemendikbud pangkas biaya pengiriman fisik dokumen kementerian,0,
1243,TikTok,@infosekolah,video nadiem umumkan sekolah tatap muka dimulai november secara total,1,
1244,Tirto.id,@tirtoid,analisis subsidi kuota oktober ringankan beban pengeluaran rumah tangga menengah,0,
1245,X (Twitter),@edunews,pemerintah batalkan bantuan guru honorer terdaftar bpjs ketenagakerjaan,1,
1246,Kemendikbud,@Kemdikbud_RI,program guru penggerak angkatan dimulai secara daring biaya efisien,0,
1247,WhatsApp,Grup Guru,perintah setor data login dapodik pencairan dana hibah khusus bulan oktober,1,
1248,Kompas.com,@kompascom,kemendikbud siapkan dana rp triliun bantuan ukt mahasiswa swasta,0,
1249,Facebook,Info Guru,sertifikasi guru triwulan iii cair guru lulus tes integritas daring,1,
1250,Antara News,@antaranews,dana bos sekolah kini boleh membeli perlengkapan sanitasi masker secara mandiri,0,
1251,TikTok,@edukasiviral,berita buruk ijazah tahun sah melamar kerja negeri,1,
1252,Detik Edu,@detikcom,nadiem anggaran sarana prasarana fisik ditiadakan subsidi kuota mahasiswa,0,
1253,Instagram,@beasiswahunter,beasiswa china ditiadakan total krisis diplomatik anggaran,1,
1254,Tempo.co,@tempodotco,kemendikbud dorong efisiensi penggunaan buku digital portal rumah belajar,0,
1255,WhatsApp,Broadcast,link registrasi bantuan dana belajar rp juta mahasiswa bulan oktober,1,
1256,Liputan6,@liputan6dotcom,mendikbud pjj akselerasi efisiensi teknologi dunia pendidikan,0,
1257,X (Twitter),@anon_indo,dana bantuan mahasiswa kip dipakai membiayai influencer promosi pariwisata,1,
1258,CNN Indonesia,@CNNIndonesia,efisiensi anggaran kemendikbud batalkan pengadaan seragam pramuka nasional,0,
1259,Facebook,Kabar Guru,syarat pencairan sertifikasi oktober wajib upload screenshot zoom,1,
1260,Tirto.id,@tirtoid,analisis digitalisasi administrasi oktober kurangi biaya kertas miliaran rupiah,0,
1261,YouTube,Berita News,video mendikbud sebut sekolah dijual pjj gagal tahun,1,
1262,Republika,@republikaonline,pemerintah fokuskan dana pendidikan penguatan menara sinyal daerah,0,
1263,WhatsApp,Grup Sekolah,subsidi pulsa gb cair membagikan pesan grup whatsapp,1,
1264,LLDikti,@lldikti_wil3,digitalisasi tanda tangan ijazah perguruan tinggi pangkas biaya logistik kampus,0,
1265,Instagram,@infokampus,mahasiswa perlu membayar wisuda online difasilitasi kementerian,1,
1266,Kemenkeu,Nota APBN,sisa dana pembatalan un dialokasikan bantuan ukt mahasiswa,0,
1267,TikTok,@politikupdate,dana riset universitas semester ganjil dipotong membayar influencer pro pemerintah,1,
1268,Kompas,@hariankompas,kemendikbud instruksikan sekolah gunakan dana bos pembelian kuota paket data,0,
1269,Facebook,Forum Honorer,nadiem makarim hapus batas usia seleksi pppk guru honorer tua oktober,0,
1270,Setkab RI,@setkabgoid,presiden anggaran pendidikan oktober harus tepat sasaran ringankan beban rakyat,0,
1271,Kemendikbud,@Kemdikbud_RI,program belajar rumah bdr tvri dilanjutkan efisiensi kuota,0,
1272,WhatsApp,Grup Guru,pemberitahuan klaim bonus paket data gb guru input ponsel,1,
1273,Detik Edu,@detikcom,nadiem anggaran pop dialokasikan penguatan teknologi pembelajaran,0,
1274,Facebook,Info Viral,sekolah dilarang tarik biaya spp selama pjj melanggar denda rp juta,1,
1275,Antara News,@antaranews,kemendikbud salurkan bos kinerja sekolah berprestasi masa pandemi,0,
1276,TikTok,@mhs_fakta,kampus resmi dilarang menagih biaya praktikum selama mahasiswa belajar daring,1,
1277,Tempo.co,@tempodotco,kemendikbud tunda pembangunan pusat olahraga demi dana bantuan mahasiswa,0,
1278,Instagram,@beasiswa_indo,beasiswa negeri tersedia mahasiswa bersedia jadi relawan,1,
1279,Liputan6,@liputan6dotcom,mendikbud modul belajar cetak oktober dikirim sekolah daerah,0,
1280,WhatsApp,Pesan Berantai,link subsidi internet gb edisi sumpah pemuda klik link promo oktober xyz,1,
1281,CNBC Indonesia,@cnbcindonesia,kemendikbud pangkas anggaran perjalanan dinas rp triliun tahun,0,
1282,X (Twitter),@anon_indo,dana pembangunan jalan tol diambil anggaran riset universitas nasional,1,
1283,CNN Indonesia,@CNNIndonesia,efisiensi kemendikbud terapkan sistem monitoring dana bos berbasis real time,0,
1284,Facebook,Kabar Guru,sertifikasi guru cair guru menunjukkan struk belanja pulsa internet,1,
1285,Tirto.id,@tirtoid,analisis skema penyaluran dana bos oktober ringankan beban finansial sekolah,0,
1286,YouTube,Politik News,video mendikbud sebut sekolah negeri dapat dana bos tahun,1,
1287,Republika,@republikaonline,pemerintah tingkatkan alokasi dana bantuan operasional sekolah swasta oktober,0,
1288,WhatsApp,Grup Sekolah,bantuan gawai gratis pengajar klik bantuan ponsel xyz,1,
1289,LLDikti,@lldikti_wil3,penyeragaman sistem pelaporan online pddikti kurangi biaya administrasi kampus,0,
1290,Instagram,@infomahasiswa,pengembalian dana ukt mahasiswa masuk laboratorium,1,
1291,Kemenkeu,Nota APBN,belanja barang kemendikbud turun tajam berkat efisiensi pertemuan virtual oktober,0,
1292,TikTok,@politikupdate,dana subsidi kuota diberikan provider tertentu milik kroni pejabat,1,
1293,Kompas,@hariankompas,kemendikbud sekolah boleh gunakan dana bos pengadaan wastafel portabel,0,
1294,Facebook,Forum Honorer,pendaftaran pppk resmi dibuka oktober guru honorer senior,1,
1295,Setkab RI,@setkabgoid,presiden efisiensi anggaran pendidikan harus berujung bantuan langsung rakyat,0,
1296,Kemendikbud,@Kemdikbud_RI,kemendikbud luncurkan portal guru berbagi efisiensi distribusi rpp gratis,0,
1297,WhatsApp,Grup Guru,link klaim insentif tambahan guru honorer rp juta kementerian palsu,1,
1298,Detik Edu,@detikcom,nadiem penyaluran dana bos tahap iii dipercepat persiapan semester genap,0,
1299,Facebook,Info Viral,sekolah wajib kembalikan uang gedung gedung dipakai selama pjj,1,
1300,Antara News,@antaranews,kemendikbud siapkan dana rp miliar penguatan server learning ptn,0,
1301,TikTok,@edukasiviral,berita buruk ijazah laku melamar kerja lulusan pandemi,1,
1302,Tempo.co,@tempodotco,kemendikbud sederhanakan standar kelulusan nasional guna efisiensi kurikulum,0,
1303,Instagram,@beasiswahunter,dana kip kuliah oktober ditunda pencairannya demi subsidi vaksin kementerian,1,
1304,CNBC Indonesia,@cnbcindonesia,kemendikbud hemat rp miliar pengalihan rakor daerah webinar,0,
1305,WhatsApp,Broadcast,link aktivasi paket internet gb gratis menteri khusus bulan oktober,1,
1306,Liputan6,@liputan6dotcom,mendikbud pemanfaatan sistem siplah pengadaan sekolah efisien,0,
1307,X (Twitter),@anon_indo,anggaran beasiswa negeri dipakai membayar buzzer politik pemerintah,1,
1308,CNN Indonesia,@CNNIndonesia,efisiensi anggaran kemendikbud batalkan studi banding antar universitas,0,
1309,Facebook,Kabar Guru,guru honorer menguasai google classroom diberhentikan kontraknya,1,
1310,Tirto.id,@tirtoid,analisis kurikulum darurat oktober ringankan biaya fotokopi tugas orang tua,0,
1311,YouTube,Berita News,video nadiem resmi gunakan dana bos operasional bisnis pribadinya,1,
1312,Republika,@republikaonline,pemerintah alokasikan dana khusus riset ventilator universitas universitas,0,
1313,WhatsApp,Grup Sekolah,bantuan uang tunai rp juta siswa mampu link dana siswa tk,1,
1314,LLDikti,@lldikti_wil3,penertiban administrasi dosen dilakukan daring demi efisiensi biaya logistik,0,
1315,Instagram,@infokampus,mahasiswa lapor ponsel dapodikdikti dicabut beasiswanya,1,
1316,Kemenkeu,Nota APBN,sisa dana pembatalan un jadi sumber utama subsidi kuota internet oktober,0,
1317,TikTok,@politikupdate,dana riset universitas dipotong membayar influencer pariwisata nasional,1,
1318,Kompas,@hariankompas,kemendikbud digitalisasi data guru kunci efisiensi penyaluran bantuan subsidi upah,0,
1319,Facebook,Forum Honorer,anggaran pengangkatan guru pppk dihapus negara krisis ekonomi,1,
1320,Setkab RI,@setkabgoid,presiden jokowi anggaran pendidikan harus fleksibel berpihak rakyat,0,
1321,WhatsApp,Pesan Berantai,bantuan dana renovasi gedung sekolah hubungi whatsapp xxxxxxxx modus scam,1,
1322,CNBC Indonesia,@cnbcindonesia,kemendikbud pangkas biaya operasional birokrasi sebesar rp miliar oktober,0,
1323,X (Twitter),@guru_cerdas,kemendikbud tarik dana sertifikasi guru mengajar zona hijau,1,
1324,Tempo.co,@tempodotco,nadiem efisiensi anggaran memastikan dana tangan berhak,0,
1325,Instagram,@beasiswagratis,pendaftaran beasiswa berhenti kuliah mahasiswa terdampak link beasiswa com,1,
1326,Kemendikbud,Rilis Pers,penyesuaian juknis bos oktober sekolah boleh membeli alat perlindungan diri,0,
1327,WhatsApp,Grup Kelas,subsidi biaya spp sekolah rp rb cair link subsidi diknas online,1,
1328,Kemenkeu,Laporan APBN,realisasi belanja fungsi pendidikan oktober meningkat tajam subsidi kuota,0,
1329,Facebook,Info Loker,kemendikbud butuh admin entri data bantuan kuota internet gaji rp juta sebulan,1,
1330,Detik Finance,@detikcom,sistem pelaporan bos daring arkas berhasil minimalisir kebocoran dana sekolah,0,
1331,TikTok,@mhs_update,ui itb naikkan biaya pendaftaran mahasiswa jalur mandiri secara mendadak,1,
1332,Humas PTN,@univ_indonesia,ui optimalkan efisiensi pemeliharaan fasilitas kampus selama periode pjj oktober,0,
1333,WhatsApp,Grup Guru,biaya pendaftaran verifikasi subsidi upah kementerian sebesar rp rb per orang,1,
1334,Kompasiana,Opini,kebijakan merdeka belajar transformasi efisiensi birokrasi pendidikan indonesia,0,
1335,Instagram,@scholarship_id,dana beasiswa negeri dialihkan pembangunan rumah sakit darurat,1,
1336,BPS,Laporan 2020,stabilitas biaya pendidikan oktober terbantu kebijakan subsidi paket data,0,
1337,X (Twitter),@lapor_mas,link verifikasi ponsel dosen tunjangan kuota riset oktober phishing,1,
1338,Kemendikbud,@kemdikbud,mendikbud kampus merdeka dorong kolaborasi riset antar kampus efisien,0,
1339,Facebook,Berita Guru,guru aktif grup koordinasi whatsapp tunjangan profesinya dipotong,1,
1340,Antara News,@antaranews,kemendikbud fokuskan dana peningkatan sinyal internet sekolah terpencil,0,
1341,WhatsApp,Grup WA,undangan survei kepuasan guru berhadiah saldo wallet indikasi penipuan,1,
1342,Liputan6,@liputan6dotcom,nadiem makarim digitalisasi sekolah memangkas biaya administrasi pendidikan,0,
1343,TikTok,@infosekolah,video penutupan massal sekolah swasta dana bos oktober dihentikan,1,
1344,Tirto.id,@tirtoid,analisis rpp lembar oktober kurangi beban kerja administratif guru,0,
1345,X (Twitter),@edunews,pemerintah batalkan pencairan dana bos tahap iii sekolah melanggar prokes,1,
1346,Kemendikbud,@Kemdikbud_RI,mendikbud resmi meluncurkan bsu juta guru honorer tenaga kependidikan,0,
1347,WhatsApp,Grup Guru,link pendaftaran pencairan bsu kemendikbud rp juta klik pencairan bsu xyz,1,
1348,Kompas.com,@kompascom,nadiem bantuan subsidi upah disalurkan langsung rekening cegah pungli,0,
1349,Facebook,Info Guru,berita buruk dana bsu diberikan guru mengajar tahun,1,
1350,Antara News,@antaranews,kemendikbud salurkan subsidi kuota internet tahap mulai november,0,
1351,TikTok,@edukasiviral,nadiem umumkan siswa sd dapat tablet gratis bermerek samsung akhir november,1,
1352,Detik Edu,@detikcom,syarat cairkan bsu guru honorer membawa ktp npwp sptjm informasi gtk,0,
1353,Instagram,@beasiswahunter,beasiswa lpdp periode november resmi dibatalkan anggaran dipakai membeli vaksin,1,
1354,Tempo.co,@tempodotco,efisiensi anggaran kemendikbud pangkas biaya pengadaan alat peraga fisik smk,0,
1355,WhatsApp,Broadcast,login bantuan ukt mahasiswa site klaim subsidi uang kuliah rp juta,1,
1356,Liputan6,@liputan6dotcom,mendikbud pjj tahap efisien berkat kurikulum darurat ringkas,0,
1357,X (Twitter),@anon_indo,dana bsu guru honorer disunat dinas pendidikan daerah biaya operasional,1,
1358,CNN Indonesia,@CNNIndonesia,efisiensi birokrasi skb menteri izinkan pemerintah daerah putuskan buka sekolah januari,0,
1359,Facebook,Kabar Guru,guru memiliki sertifikat vaksin mandiri dilarang mengajar tatap muka januari,1,
1360,Tirto.id,@tirtoid,nadiem makarim realokasi anggaran rp triliun kesejahteraan guru honorer,0,
1361,YouTube,Berita News,video mendikbud umumkan guru honorer perlu tes jadi pppk tahun,1,
1362,Republika,@republikaonline,pemerintah fokuskan dana pendidikan penguatan literasi digital pesantren,0,
1363,WhatsApp,Grup Sekolah,subsidi pulsa gratis gb khusus hari pahlawan klik link pahlawan kuota tk,1,
1364,LLDikti,@lldikti_wil3,kampus diminta membantu validasi rekening mahasiswa penerima bantuan ukt semester ganjil,0,
1365,Instagram,@infokampus,mahasiswa tingkat akhir dibebaskan biaya wisuda publikasi jurnal november,1,
1366,Kemenkeu,Nota Keuangan,refocusing november penghematan belanja kementerian dialihkan perlindungan sosial guru,0,
1367,TikTok,@politikupdate,dana abadi pendidikan dipakai membangun sirkuit balap internasional,1,
1368,Kompas,@hariankompas,kemendikbud dana bos tetap fokus fleksibilitas kebutuhan sekolah,0,
1369,Facebook,Forum Honorer,nadiem resmi hapus kewajiban mengajar jam guru penerima sertifikasi,1,
1370,Setkab RI,@setkabgoid,presiden jokowi penyaluran bsu guru honorer harus transparan tanpa potongan,0,
1371,WhatsApp,Pesan Berantai,bantuan subsidi ponsel laptop gratis program kemendikbud peduli klik,1,
1372,CNBC Indonesia,@cnbcindonesia,kemendikbud hemat rp triliun pembatalan kegiatan negeri tahun,0,
1373,X (Twitter),@guru_cerdas,kemendikbud tarik dana bos sekolah lapor penggunaan internet,1,
1374,Tempo.co,@tempodotco,nadiem evaluasi pjj menunjukkan efisiensi belajar siswa mandiri,0,
1375,Instagram,@beasiswagratis,pendaftaran beasiswa november ceria situs pendaftaran beasiswa diknas xyz,1,
1376,Kemendikbud,Rilis Pers,informasi gtk guru honorer cek status penerima bsu portal informasi gtk kemdikbud go id,0,
1377,WhatsApp,Grup Kelas,kuota belajar gratis gb november indosat aktifkan link bit ly kuota indosat,1,
1378,Kemenkeu,Laporan APBN,realisasi anggaran bantuan kuota internet mencapai per november,0,
1379,Facebook,Info Loker,lowongan admin pencairan dana bsu kemendikbud gaji rp juta membayar biaya materai,1,
1380,Detik Finance,@detikcom,sri mulyani anggaran pendidikan naik menjadi rp triliun pemulihan,0,
1381,TikTok,@mhs_update,ptn resmi dilarang memungut biaya semester mahasiswa orang tuanya phk,1,
1382,Humas PTN,@univ_indonesia,ui optimalkan penggunaan office efisiensi biaya administrasi persuratan,0,
1383,WhatsApp,Grup Guru,potongan pajak bsu guru honorer naik menjadi punya kartu anggota pgri,1,
1384,Kompasiana,Opini,efisiensi belajar sekolah tatap muka terbatas opsi terbaik,0,
1385,Instagram,@scholarship_id,dana beasiswa negeri resmi dihentikan pendaftar november,1,
1386,BPS,Laporan 2020,inflasi pendidikan november stabil kebijakan subsidi pemerintah tepat sasaran,0,
1387,X (Twitter),@lapor_mas,link verifikasi ponsel siswa paket internet gb periode akhir tahun palsu,1,
1388,Kemendikbud,@kemdikbud,mendikbud mahasiswa dapat gunakan kuota belajar akses jurnal ilmiah gratis,0,
1389,Facebook,Berita Guru,sekolah buka tatap muka januari dicabut dana bos,1,
1390,Antara News,@antaranews,kemendikbud alokasikan dana revitalisasi bangunan sekolah daerah gempa,0,
1391,WhatsApp,Grup WA,undian berhadiah paket umroh kementerian guru honorer daftar link,1,
1392,Liputan6,@liputan6dotcom,efisiensi kemendikbud pangkas biaya konsumsi rapat dialihkan paket data,0,
1393,TikTok,@infosekolah,video buku paket wajib dibuang diganti materi youtube,1,
1394,Tirto.id,@tirtoid,analisis bsu guru honorer membantu gerakkan roda ekonomi tingkat desa,0,
1395,X (Twitter),@edunews,pemerintah batalkan bantuan guru honorer aktif mengajar dapodik,0,
1396,Kemendikbud,@Kemdikbud_RI,nadiem program guru penggerak ciptakan pemimpin pembelajaran efisien,0,
1397,WhatsApp,Grup Guru,perintah setor kartu atm pin verifikasi dana hibah kementerian,1,
1398,Kompas.com,@kompascom,kemendikbud siapkan anggaran subsidi upah dosen tetap non pns,0,
1399,Facebook,Info Guru,sertifikasi guru cair guru mengunggah video pembelajaran menit,1,
1400,Antara News,@antaranews,dana bos sekolah kini wajib laporkan penggunaan dana secara digital,0,
1401,TikTok,@edukasiviral,berita buruk ijazah tahun laku melamar kerja perusahaan asing,1,
1402,Detik Edu,@detikcom,nadiem anggaran kementerian diprioritaskan perlindungan guru siswa,0,
1403,Instagram,@beasiswahunter,beasiswa negeri dialihkan subsidi kuota internet mahasiswa,1,
1404,Tempo.co,@tempodotco,kemendikbud dorong efisiensi digitalisasi modul kurikulum darurat sekolah,0,
1405,WhatsApp,Broadcast,link registrasi bantuan dana belajar rp juta siswa sekolah bulan november,1,
1406,Liputan6,@liputan6dotcom,mendikbud pjj momentum melakukan efisiensi sistem pendidikan nasional,0,
1407,X (Twitter),@anon_indo,dana bsu guru honorer dipakai membayar biaya kampanye pilkada daerah,1,
1408,CNN Indonesia,@CNNIndonesia,efisiensi anggaran kemendikbud tunda pengadaan alat olahraga tingkat nasional,0,
1409,Facebook,Kabar Guru,syarat pencairan bsu november wajib melampirkan kartu vaksin covid-19,1,
1410,Tirto.id,@tirtoid,analisis digitalisasi administrasi sekolah pangkas biaya operasional daerah,0,
1411,YouTube,Berita News,video mendikbud umumkan seragam sekolah diganti kaos demi penghematan,1,
1412,Republika,@republikaonline,pemerintah fokuskan dana pendidikan infrastruktur teknologi sekolah pedesaan,0,
1413,WhatsApp,Grup Sekolah,subsidi pulsa gb cair login menggunakan ponsel link bit ly palsu,1,
1414,LLDikti,@lldikti_wil3,digitalisasi tanda tangan ijazah perguruan tinggi pangkas biaya pengiriman dokumen,0,
1415,Instagram,@infokampus,mahasiswa angkatan bebas biaya ukt selama semester orang tua kena phk,0,
1416,Kemenkeu,Nota Keuangan,sisa anggaran un resmi habis dialokasikan subsidi kuota internet,0,
1417,TikTok,@politikupdate,dana riset universitas dipotong membayar influencer pariwisata nasional,1,
1418,Kompas,@hariankompas,kemendikbud instruksikan sekolah gunakan dana bos pembelian kuota guru,0,
1419,Facebook,Forum Honorer,nadiem makarim hapus syarat nuptk penerima bsu guru honorer,0,
1420,Setkab RI,@setkabgoid,presiden efisiensi anggaran pendidikan harus berujung bantuan langsung rakyat,0,
1421,Kemendikbud,@Kemdikbud_RI,nadiem program guru berbagi capai juta materi gratis efisiensi mengajar,0,
1422,WhatsApp,Grup Guru,pemberitahuan bonus kuota gb guru cetak kartu bsu informasi gtk,1,
1423,Detik Edu,@detikcom,kemendikbud alokasikan rp triliun tunjangan khusus guru daerah terpencil,0,
1424,Facebook,Info Viral,sekolah dilarang pungut biaya perpisahan selama pandemi melanggar denda besar,0,
1425,Antara News,@antaranews,kemendikbud salurkan bos afirmasi sekolah swasta daerah terdampak covid-19,0,
1426,TikTok,@mhs_fakta,kampus resmi dilarang menagih biaya wisuda online menggunakan aplikasi zoom,1,
1427,Tempo.co,@tempodotco,kemendikbud tunda pembangunan pusat seni demi dana bantuan kuota internet,0,
1428,Instagram,@beasiswa_indo,beasiswa negeri tersedia memiliki sertifikat keahlian it,1,
1429,Liputan6,@liputan6dotcom,mendikbud kurikulum darurat kurangi beban psikis siswa finansial orang tua,0,
1430,WhatsApp,Pesan Berantai,link subsidi internet gb pengguna telkomsel edisi akhir tahun klik,1,
1431,CNBC Indonesia,@cnbcindonesia,kemendikbud pangkas anggaran perjalanan dinas rp triliun tahun,0,
1432,X (Twitter),@anon_indo,dana pembangunan jalan tol diambil anggaran riset universitas nasional,1,
1433,CNN Indonesia,@CNNIndonesia,efisiensi kemendikbud terapkan sistem monitoring dana bos berbasis digital,0,
1434,Facebook,Kabar Guru,sertifikasi guru cair guru menunjukkan struk belanja paket data harian,1,
1435,Tirto.id,@tirtoid,analisis skema penyaluran dana bos november ringankan beban sekolah kecil,0,
1436,YouTube,Politik News,video mendikbud sebut sekolah swasta dapat bantuan tahun,1,
1437,Republika,@republikaonline,pemerintah tingkatkan alokasi dana bantuan operasional sekolah swasta november,0,
1438,WhatsApp,Grup Sekolah,bantuan tablet gratis guru honorer klik tablet guru bsu xyz,1,
1439,LLDikti,@lldikti_wil3,penyeragaman sistem pelaporan online pddikti kurangi biaya administrasi kampus,0,
1440,Instagram,@infomahasiswa,pengembalian dana ukt mahasiswa masuk laboratorium,1,
1441,Kemenkeu,Nota APBN,belanja barang kemendikbud turun tajam berkat efisiensi pertemuan virtual november,0,
1442,TikTok,@politikupdate,dana subsidi kuota diberikan provider tertentu milik kroni pejabat,1,
1443,Kompas,@hariankompas,kemendikbud sekolah boleh gunakan dana bos membeli alat cuci tangan otomatis,0,
1444,Facebook,Forum Honorer,pendaftaran pppk resmi dibuka mulai november bertepatan hari guru,0,
1445,Setkab RI,@setkabgoid,presiden anggaran pendidikan harus lincah berpihak rakyat kecil,0,
1446,Kemendikbud,@Kemdikbud_RI,kemendikbud luncurkan portal guru belajar efisiensi pelatihan guru daring,0,
1447,WhatsApp,Grup Guru,link klaim insentif tambahan guru honorer rp juta kementerian palsu,1,
1448,Detik Edu,@detikcom,nadiem penyaluran dana bos tahap iii dipercepat persiapan semester genap,0,
1449,Facebook,Info Viral,sekolah wajib kembalikan uang gedung gedung dipakai selama pjj,1,
1450,Antara News,@antaranews,kemendikbud siapkan dana rp miliar penguatan server learning universitas,0,
1451,TikTok,@edukasiviral,berita buruk ijazah laku melamar kerja lulusan pandemi,1,
1452,Tempo.co,@tempodotco,kemendikbud sederhanakan standar kelulusan nasional guna efisiensi kurikulum,0,
1453,Instagram,@beasiswahunter,dana kip kuliah ditunda pencairannya demi subsidi vaksin kementerian kesehatan,1,
1454,CNBC Indonesia,@cnbcindonesia,kemendikbud hemat rp miliar pengalihan rapat koordinasi daerah webinar,0,
1455,WhatsApp,Broadcast,link aktivasi paket internet gb gratis menteri khusus bulan november,1,
1456,Liputan6,@liputan6dotcom,mendikbud pemanfaatan sistem siplah pengadaan sekolah efisien,0,
1457,X (Twitter),@anon_indo,anggaran beasiswa negeri dipakai membayar buzzer politik pemerintah,1,
1458,CNN Indonesia,@CNNIndonesia,efisiensi anggaran kemendikbud batalkan studi banding antar universitas,0,
1459,Facebook,Kabar Guru,guru honorer menguasai google classroom diberhentikan kontraknya,1,
1460,Tirto.id,@tirtoid,analisis kurikulum darurat november ringankan biaya fotokopi tugas orang tua,0,
1461,YouTube,Berita News,video nadiem resmi gunakan dana bos operasional bisnis pribadinya,1,
1462,Republika,@republikaonline,pemerintah alokasikan dana khusus riset ventilator universitas nasional,0,
1463,WhatsApp,Grup Sekolah,bantuan uang tunai rp juta siswa smk link dana siswa tk,1,
1464,LLDikti,@lldikti_wil3,penertiban administrasi dosen dilakukan daring demi efisiensi biaya logistik,0,
1465,Instagram,@infokampus,mahasiswa lapor ponsel dapodik dicabut beasiswanya,1,
1466,Kemenkeu,Nota APBN,sisa dana pembatalan un jadi sumber utama subsidi kuota internet november,0,
1467,TikTok,@politikupdate,dana riset universitas dipotong membayar influencer pariwisata nasional,1,
1468,Kompas,@hariankompas,kemendikbud digitalisasi data guru kunci efisiensi penyaluran bantuan subsidi upah,0,
1469,Facebook,Forum Honorer,anggaran pengangkatan guru pppk dihapus negara krisis ekonomi,1,
1470,Setkab RI,@setkabgoid,presiden jokowi anggaran pendidikan harus fleksibel berpihak rakyat,0,
1471,WhatsApp,Pesan Berantai,bantuan dana renovasi gedung perpustakaan hubungi whatsapp xxxxxxxx modus penipuan,1,
1472,CNBC Indonesia,@cnbcindonesia,kemendikbud pangkas biaya operasional birokrasi sebesar rp miliar november,0,
1473,X (Twitter),@guru_cerdas,kemendikbud tarik dana sertifikasi guru mengajar zona hijau,1,
1474,Tempo.co,@tempodotco,nadiem efisiensi anggaran memastikan dana tangan berhak,0,
1475,Instagram,@beasiswagratis,pendaftaran beasiswa berhenti kuliah mahasiswa terdampak link beasiswa com,1,
1476,Kemendikbud,Rilis Pers,penyesuaian juknis bos november sekolah boleh membeli alat perlindungan diri guru,0,
1477,WhatsApp,Grup Kelas,subsidi biaya spp sekolah rp rb cair link subsidi pendidikan online,1,
1478,Kemenkeu,Laporan APBN,realisasi belanja fungsi pendidikan november meningkat tajam bsu kuota,0,
1479,Facebook,Info Loker,kemendikbud butuh admin entri data bantuan kuota internet gaji rp juta sebulan,1,
1480,Detik Finance,@detikcom,sistem pelaporan bos daring arkas berhasil minimalisir kebocoran dana sekolah,0,
1481,TikTok,@mhs_update,ui itb naikkan biaya pendaftaran mahasiswa jalur mandiri secara mendadak,1,
1482,Humas PTN,@univ_indonesia,ui optimalkan efisiensi pemeliharaan fasilitas kampus selama periode pjj november,0,
1483,WhatsApp,Grup Guru,biaya pendaftaran verifikasi subsidi upah kementerian sebesar rp rb per orang,1,
1484,Kompasiana,Opini,kebijakan merdeka belajar transformasi efisiensi birokrasi pendidikan indonesia,0,
1485,Instagram,@scholarship_id,dana beasiswa negeri dialihkan pembangunan rumah sakit darurat,1,
1486,BPS,Laporan 2020,stabilitas biaya pendidikan november terbantu kebijakan subsidi paket data,0,
1487,X (Twitter),@lapor_mas,link verifikasi ponsel dosen tunjangan kuota riset november phishing,1,
1488,Kemendikbud,@kemdikbud,mendikbud kampus merdeka dorong kolaborasi riset antar kampus efisien,0,
1489,Facebook,Berita Guru,guru aktif grup koordinasi whatsapp tunjangan profesinya dipotong,1,
1490,Antara News,@antaranews,kemendikbud fokuskan dana peningkatan sinyal internet sekolah terpencil,0,
1491,WhatsApp,Grup WA,undangan survei kepuasan guru berhadiah saldo wallet indikasi penipuan,1,
1492,Liputan6,@liputan6dotcom,nadiem makarim digitalisasi sekolah memangkas biaya administrasi pendidikan,0,
1493,TikTok,@infosekolah,video penutupan massal sekolah swasta dana bos november dihentikan,1,
1494,Tirto.id,@tirtoid,analisis rpp lembar november kurangi beban kerja administratif guru,0,
1495,Kemendikbud,@Kemdikbud_RI,pemerintah izinkan ptm terbatas mulai januari izin pemda orang tua,0,
1496,WhatsApp,Grup Sekolah,link pendaftaran bantuan kuota belajar gb edisi tahun klik kuota januari xyz,1,
1497,Kompas.com,@kompascom,nadiem dana bos dapat digunakan membiayai persiapan prokes sekolah tatap muka,0,
1498,Facebook,Info Guru,berita viral guru vaksin covid-19 dilarang menerima tunjangan sertifikasi januari,1,
1499,Antara News,@antaranews,kemendikbud alokasikan rp triliun peningkatan sarana sanitasi sekolah,0,
1500,TikTok,@edukasiviral,resmi nadiem makarim hapus seragam sekolah nasional mulai semester genap,1,
1501,Detik Edu,@detikcom,aktivasi akun belajar id guru siswa akses bantuan modul digital,0,
1502,Instagram,@beasiswahunter,pendaftaran lpdp ditutup jalur anggaran dialihkan biaya vaksin,1,
1503,Tempo.co,@tempodotco,efisiensi anggaran kemendikbud pangkas biaya rapat fisik tingkat pusat awal tahun,0,
1504,WhatsApp,Broadcast,login dana bansos pelajar site klaim subsidi uang saku januari rp juta,1,
1505,Liputan6,@liputan6dotcom,mendikbud penyaluran dana bos langsung masuk rekening sekolah tanpa perantara,0,
1506,X (Twitter),@anon_indo,dana bsu guru honorer tahap sengaja dipotong membiayai proyek jalan tol,1,
1507,CNN Indonesia,@CNNIndonesia,efisiensi birokrasi kemendikbud gabungkan direktorat pangkas biaya operasional,0,
1508,Facebook,Kabar Guru,guru honorer wajib membayar biaya pendaftaran seleksi pppk sebesar rp rb link,1,
1509,Tirto.id,@tirtoid,nadiem makarim siapkan materi belajar mandiri efisiensi sekolah daring,0,
1510,YouTube,Berita News,video mendikbud umumkan gedung sekolah dijual dipakai tatap muka,1,
1511,Republika,@republikaonline,pemerintah fokuskan dana pendidikan bantuan ukt mahasiswa semester akhir,0,
1512,WhatsApp,Grup Sekolah,subsidi pulsa gb uang tunai rp rb menteri klaim hadiah awal tahun tk,1,
1513,LLDikti,@lldikti_wil3,kampus diminta tertibkan data mahasiswa penerima kip kuliah semester genap januari,0,
1514,Instagram,@infokampus,mahasiswa perlu membayar uang gedung kuliah dilakukan daring bulan,1,
1515,Kemenkeu,Nota Keuangan,refocusing januari alokasi dana pendidikan tetap apbn masa pandemi,0,
1516,TikTok,@politikupdate,dana riset vaksin universitas ditarik kementerian membayar hutang,1,
1517,Kompas,@hariankompas,kemendikbud sekolah zona merah wajib tetap pjj izin ptm pemda,0,
1518,Facebook,Forum Honorer,nadiem resmi angkat honorer jadi pns tanpa tes hari pendidikan nasional,1,
1519,Setkab RI,@setkabgoid,presiden pastikan anggaran pendidikan januari tepat sasaran kebutuhan siswa,0,
1520,WhatsApp,Pesan Berantai,bantuan ponsel gratis kemendikbud pendaftar hari klik,1,
1521,CNBC Indonesia,@cnbcindonesia,kemendikbud hemat rp triliun pembatasan perjalanan dinas awal tahun,0,
1522,X (Twitter),@guru_cerdas,kemendikbud memotong tunjangan guru aktif portal guru belajar,1,
1523,Tempo.co,@tempodotco,nadiem transformasi digital pendidikan kunci efisiensi biaya sekolah masa,0,
1524,Instagram,@beasiswagratis,pendaftaran beasiswa awal tahun mahasiswa berprestasi situs beasiswa xyz,1,
1525,Kemendikbud,Rilis Pers,mendikbud bsu guru honorer dapat dicairkan aktivasi rekening,0,
1526,WhatsApp,Grup Kelas,kuota belajar gratis gb telkomsel khusus januari aktifkan link palsu,1,
1527,Kemenkeu,Laporan APBN,realisasi belanja fungsi pendidikan januari fokus penyaluran dana bos tahap,0,
1528,Facebook,Info Loker,lowongan admin verifikasi rekening bsu kemendikbud gaji rp juta biaya pendaftaran nol,1,
1529,Detik Finance,@detikcom,sri mulyani dana abadi pendidikan dikelola efisien lembaga khusus,0,
1530,TikTok,@mhs_update,ptn resmi dilarang menagih biaya semester mahasiswa dapat subsidi kuota,1,
1531,Humas PTN,@univ_indonesia,ui tawarkan keringanan ukt mahasiswa keluarganya terdampak ekonomi,0,
1532,WhatsApp,Grup Guru,biaya pendaftaran verifikasi bsu guru honorer sebesar rp rb per orang penipuan,1,
1533,Kompasiana,Opini,efisiensi birokrasi dampak positif penyaluran dana bos langsung rekening sekolah,0,
1534,Instagram,@scholarship_id,beasiswa jepang dibatalkan anggaran dialihkan program kuota,1,
1535,BPS,Laporan 2021,biaya operasional pendidikan turun seiring maksimalnya sekolah tatap muka,0,
1536,X (Twitter),@lapor_mas,link verifikasi ponsel siswa dapat paket internet gb januari phishing,1,
1537,Kemendikbud,@kemdikbud,mendikbud subsidi kuota internet dilanjutkan mulai bulan maret,0,
1538,Facebook,Berita Guru,sekolah lapor kesiapan prokes dicabut bantuan dana bos,1,
1539,Antara News,@antaranews,kemendikbud kaji efisiensi dana bantuan operasional sekolah siswa sedikit,0,
1540,WhatsApp,Grup WA,undian laptop program sekolah cerdas klaim hadiah hadiah mhs xyz,1,
1541,Liputan6,@liputan6dotcom,efisiensi kemendikbud pangkas biaya pengadaan buku fisik dialihkan book,0,
1542,TikTok,@infosekolah,video nadiem umumkan libur sekolah diperpanjang desember,1,
1543,Tirto.id,@tirtoid,analisis persiapan ptm januari tingkatkan belanja kebutuhan sanitasi sekolah,0,
1544,X (Twitter),@edunews,pemerintah batalkan bantuan guru honorer mengajar sekolah negeri,1,
1545,Kemendikbud,@Kemdikbud_RI,program guru penggerak fokus kepemimpinan inovasi pembelajaran efisien,0,
1546,WhatsApp,Grup Guru,perintah pengiriman data dapodik klaim bonus tahun kementerian,1,
1547,Kompas.com,@kompascom,kemendikbud siapkan dana rp triliun subsidi ukt mahasiswa swasta januari,0,
1548,Facebook,Info Guru,sertifikasi guru januari cair guru lulus ujian kompetensi it,1,
1549,Antara News,@antaranews,dana bos digitalisasi pelaporan pangkas administrasi bendahara sekolah,0,
1550,TikTok,@edukasiviral,berita buruk tahun ajaran resmi diulang awal jenjang,1,
1551,Detik Edu,@detikcom,nadiem anggaran kementerian diprioritaskan pemulihan kualitas pembelajaran,0,
1552,Instagram,@beasiswahunter,beasiswa negeri dialihkan total subsidi kuota internet mahasiswa,1,
1553,Tempo.co,@tempodotco,kemendikbud dorong efisiensi penggunaan portal rumah belajar secara gratis,0,
1554,WhatsApp,Broadcast,link registrasi bantuan dana belajar rp juta siswa sekolah bulan januari,1,
1555,Liputan6,@liputan6dotcom,mendikbud pjj momentum melakukan efisiensi sistem pendidikan nasional,0,
1556,X (Twitter),@anon_indo,dana bantuan mahasiswa kip dipakai membiayai iklan keberhasilan kementerian,1,
1557,CNN Indonesia,@CNNIndonesia,efisiensi anggaran kemendikbud tunda pengadaan alat olahraga tingkat nasional,0,
1558,Facebook,Kabar Guru,syarat pencairan sertifikasi januari wajib melampirkan bukti vaksinasi tahap,1,
1559,Tirto.id,@tirtoid,analisis digitalisasi administrasi sekolah pangkas biaya operasional daerah,0,
1560,YouTube,Berita News,video mendikbud umumkan seragam sekolah diganti kaos demi penghematan,1,
1561,Republika,@republikaonline,pemerintah fokuskan dana pendidikan infrastruktur teknologi sekolah pedesaan,0,
1562,WhatsApp,Grup Sekolah,subsidi pulsa gb cair login menggunakan ponsel link bit ly palsu,1,
1563,LLDikti,@lldikti_wil3,digitalisasi tanda tangan ijazah perguruan tinggi pangkas biaya pengiriman dokumen,0,
1564,Instagram,@infokampus,mahasiswa angkatan bebas biaya ukt selama semester orang tua kena phk,0,
1565,Kemenkeu,Nota Keuangan,sisa anggaran un resmi habis dialokasikan subsidi kuota internet,0,
1566,TikTok,@politikupdate,dana riset universitas dipotong membayar influencer pariwisata nasional,1,
1567,Kompas,@hariankompas,kemendikbud instruksikan sekolah gunakan dana bos pembelian kuota guru,0,
1568,Facebook,Forum Honorer,nadiem makarim hapus syarat nuptk penerima bsu guru honorer,0,
1569,Setkab RI,@setkabgoid,presiden efisiensi anggaran pendidikan harus berujung bantuan langsung rakyat,0,
1570,Kemendikbud,@Kemdikbud_RI,nadiem program guru berbagi capai juta materi gratis efisiensi mengajar,0,
1571,WhatsApp,Grup Guru,pemberitahuan bonus kuota gb guru cetak kartu bsu informasi gtk,1,
1572,Detik Edu,@detikcom,kemendikbud alokasikan rp triliun tunjangan khusus guru daerah terpencil,0,
1573,Facebook,Info Viral,sekolah dilarang pungut biaya perpisahan selama pandemi melanggar denda besar,0,
1574,Antara News,@antaranews,kemendikbud salurkan bos afirmasi sekolah swasta daerah terdampak covid-19,0,
1575,TikTok,@mhs_fakta,kampus resmi dilarang menagih biaya wisuda online menggunakan aplikasi zoom,1,
1576,Tempo.co,@tempodotco,kemendikbud tunda pembangunan pusat seni demi dana bantuan kuota internet,0,
1577,Instagram,@beasiswa_indo,beasiswa negeri tersedia memiliki sertifikat keahlian it,1,
1578,Liputan6,@liputan6dotcom,mendikbud kurikulum darurat kurangi beban psikis siswa finansial orang tua,0,
1579,WhatsApp,Pesan Berantai,link subsidi internet gb pengguna telkomsel edisi januari klik,1,
1580,CNBC Indonesia,@cnbcindonesia,kemendikbud pangkas anggaran perjalanan dinas rp triliun tahun,0,
1581,X (Twitter),@anon_indo,dana pembangunan jalan tol diambil anggaran riset universitas nasional,1,
1582,CNN Indonesia,@CNNIndonesia,efisiensi kemendikbud terapkan sistem monitoring dana bos berbasis digital,0,
1583,Facebook,Kabar Guru,sertifikasi guru cair guru menunjukkan struk belanja paket data harian,1,
1584,Tirto.id,@tirtoid,analisis skema penyaluran dana bos januari ringankan beban sekolah kecil,0,
1585,YouTube,Politik News,video mendikbud sebut sekolah swasta dapat bantuan tahun,1,
1586,Republika,@republikaonline,pemerintah tingkatkan alokasi dana bantuan operasional sekolah swasta januari,0,
1587,WhatsApp,Grup Sekolah,bantuan tablet gratis guru honorer klik tablet guru bsu xyz,1,
1588,LLDikti,@lldikti_wil3,penyeragaman sistem pelaporan online pddikti kurangi biaya administrasi kampus,0,
1589,Instagram,@infomahasiswa,pengembalian dana ukt mahasiswa masuk laboratorium,1,
1590,Kemenkeu,Nota APBN,belanja barang kemendikbud turun tajam berkat efisiensi pertemuan virtual januari,0,
1591,TikTok,@politikupdate,dana subsidi kuota diberikan provider tertentu milik kroni pejabat,1,
1592,Kompas,@hariankompas,kemendikbud sekolah boleh gunakan dana bos membeli alat cuci tangan otomatis,0,
1593,Facebook,Forum Honorer,pendaftaran pppk resmi dibuka mulai januari bertepatan hari guru,1,
1594,Setkab RI,@setkabgoid,presiden anggaran pendidikan harus lincah berpihak rakyat kecil,0,
1595,Kemendikbud,@Kemdikbud_RI,kemendikbud luncurkan portal guru belajar efisiensi pelatihan guru daring,0,
1596,WhatsApp,Grup Guru,link klaim insentif tambahan guru honorer rp juta kementerian palsu,1,
1597,Detik Edu,@detikcom,nadiem penyaluran dana bos tahap dipercepat persiapan semester genap,0,
1598,Facebook,Info Viral,sekolah wajib kembalikan uang gedung gedung dipakai selama pjj,1,
1599,Antara News,@antaranews,kemendikbud siapkan dana rp miliar penguatan server learning universitas,0,
1600,TikTok,@edukasiviral,berita buruk ijazah laku melamar kerja lulusan pandemi,1,
1601,Tempo.co,@tempodotco,kemendikbud sederhanakan standar kelulusan nasional guna efisiensi kurikulum,0,
1602,Instagram,@beasiswahunter,dana kip kuliah ditunda pencairannya demi subsidi vaksin kementerian kesehatan,1,
1603,CNBC Indonesia,@cnbcindonesia,kemendikbud hemat rp miliar pengalihan rapat koordinasi daerah webinar,0,
1604,WhatsApp,Broadcast,link aktivasi paket internet gb gratis menteri khusus bulan januari,1,
1605,Liputan6,@liputan6dotcom,mendikbud pemanfaatan sistem siplah pengadaan sekolah efisien,0,
1606,X (Twitter),@anon_indo,anggaran beasiswa negeri dipakai membayar buzzer politik pemerintah,1,
1607,CNN Indonesia,@CNNIndonesia,efisiensi anggaran kemendikbud batalkan studi banding antar universitas,0,
1608,Facebook,Kabar Guru,guru honorer menguasai google classroom diberhentikan kontraknya,1,
1609,Tirto.id,@tirtoid,analisis kurikulum darurat januari ringankan biaya fotokopi tugas orang tua,0,
1610,YouTube,Berita News,video nadiem resmi gunakan dana bos operasional bisnis pribadinya,1,
1611,Republika,@republikaonline,pemerintah alokasikan dana khusus riset ventilator universitas nasional,0,
1612,WhatsApp,Grup Sekolah,bantuan uang tunai rp juta siswa smk link dana siswa tk,1,
1613,LLDikti,@lldikti_wil3,penertiban administrasi dosen dilakukan daring demi efisiensi biaya logistik,0,
1614,Instagram,@infokampus,mahasiswa lapor ponsel dapodik dicabut beasiswanya,1,
1615,Kemenkeu,Nota APBN,sisa dana pembatalan un jadi sumber utama subsidi kuota internet januari,0,
1616,TikTok,@politikupdate,dana riset universitas dipotong membayar influencer pariwisata nasional,1,
1617,Kompas,@hariankompas,kemendikbud digitalisasi data guru kunci efisiensi penyaluran bantuan subsidi upah,0,
1618,Facebook,Forum Honorer,anggaran pengangkatan guru pppk dihapus negara krisis ekonomi,1,
1619,Setkab RI,@setkabgoid,presiden jokowi anggaran pendidikan harus fleksibel berpihak rakyat,0,
1620,WhatsApp,Pesan Berantai,bantuan dana renovasi gedung perpustakaan hubungi whatsapp xxxxxxxx modus penipuan,1,
1621,CNBC Indonesia,@cnbcindonesia,kemendikbud pangkas biaya operasional birokrasi sebesar rp miliar januari,0,
1622,X (Twitter),@guru_cerdas,kemendikbud tarik dana sertifikasi guru mengajar zona hijau,1,
1623,Tempo.co,@tempodotco,nadiem efisiensi anggaran memastikan dana tangan berhak,0,
1624,Instagram,@beasiswagratis,pendaftaran beasiswa berhenti kuliah mahasiswa terdampak link beasiswa com,1,
1625,Kemendikbud,Rilis Pers,penyesuaian juknis bos januari sekolah boleh membeli alat perlindungan diri guru,0,
1626,WhatsApp,Grup Kelas,subsidi biaya spp sekolah rp rb cair link subsidi pendidikan online,1,
1627,Kemenkeu,Laporan APBN,realisasi belanja fungsi pendidikan januari meningkat tajam persiapan ptm,0,
1628,Facebook,Info Loker,kemendikbud butuh admin entri data bantuan kuota internet gaji rp juta sebulan,1,
1629,Detik Finance,@detikcom,sistem pelaporan bos daring arkas berhasil minimalisir kebocoran dana sekolah,0,
1630,TikTok,@mhs_update,ui itb naikkan biaya pendaftaran mahasiswa jalur mandiri secara mendadak,1,
1631,Humas PTN,@univ_indonesia,ui optimalkan efisiensi pemeliharaan fasilitas kampus selama periode pjj januari,0,
1632,WhatsApp,Grup Guru,biaya pendaftaran verifikasi subsidi upah kementerian sebesar rp rb per orang,1,
1633,Kompasiana,Opini,kebijakan merdeka belajar transformasi efisiensi birokrasi pendidikan indonesia,0,
1634,Instagram,@scholarship_id,dana beasiswa negeri dialihkan pembangunan rumah sakit darurat,1,
1635,BPS,Laporan 2021,stabilitas biaya pendidikan januari terbantu kebijakan subsidi paket data,0,
1636,X (Twitter),@lapor_mas,link verifikasi ponsel dosen tunjangan kuota riset januari phishing,1,
1637,Kemendikbud,@kemdikbud,mendikbud kampus merdeka dorong kolaborasi riset antar kampus efisien,0,
1638,Facebook,Berita Guru,guru aktif grup koordinasi whatsapp tunjangan profesinya dipotong,1,
1639,Antara News,@antaranews,kemendikbud fokuskan dana peningkatan sinyal internet sekolah terpencil,0,
1640,WhatsApp,Grup WA,undangan survei kepuasan guru berhadiah saldo wallet indikasi penipuan,1,
1641,Liputan6,@liputan6dotcom,nadiem makarim digitalisasi sekolah memangkas biaya administrasi pendidikan,0,
1642,TikTok,@infosekolah,video penutupan massal sekolah swasta dana bos januari dihentikan,1,
1643,Tirto.id,@tirtoid,analisis rpp lembar januari kurangi beban kerja administratif guru,0,
1644,Kompas.com,@kompascom,kemendikbudristek alokasikan rp triliun laptop pelajar mei,0,
1645,Detik.com,@detikcom,nadiem makarim efisiensi anggaran dialihkan subsidi kuota internet,0,
1646,Antara News,@antaranews,pemerintah pangkas anggaran seremonial pendidikan demi bangun sekolah pelosok,0,
1647,YouTube,Berita Nasional,terobosan siplah digitalisasi pengadaan sekolah tekan kebocoran dana bos,0,
1648,Kemendikbud,@kemdikbud_ri,penyaluran dana bos tahap ii langsung rekening sekolah,0,
1649,WhatsApp,Grup Warga,hoaks dana bantuan kuota mei siswa sekolah negeri,1,
1650,Facebook,Kabar Pendidikan,viral subsidi ukt mahasiswa dibatalkan sepihak anggaran kosong,1,
1651,X (Twitter),@RakyatBicara,bocoran uang sertifikasi guru dipangkas efisiensi apbn,1,
1652,Tempo.co,@tempodotco,audit bpk temuan pemborosan anggaran lingkungan perguruan tinggi negeri,0,
1653,Media Indonesia,@mediaindonesia,mendikbudristek dorong kampus cari pendanaan mandiri matching fund,0,
1654,Facebook,Info Beasiswa,hoaks pendaftaran kip kuliah ditutup permanen krisis global,1,
1655,Instagram,@faktakita,cek fakta benarkah dana pendidikan dialihkan seluruhnya proyek ikn,1,
1656,TikTok,@edunews_id,gawat laptop merah putih harganya mark up anggaran pendidikan dirampok,1,
1657,X (Twitter),@anon_leaks,dokumen rahasia dana lpdp dihapus tahun boros,1,
1658,WhatsApp,Forwarded,link pendaftaran bantuan biaya hidup mahasiswa rp juta kemendikbud,1,
1659,CNN Indonesia,@CNNIndonesia,efisiensi birokrasi kemendikbud hapus ratusan jabatan eselon iv,0,
1660,Republika,@republikaonline,pemerintah pastikan anggaran pendidikan apbn tetap terjaga,0,
1661,Liputan6,@liputan6dotcom,inovasi aplikasi arkas permudah sekolah kelola dana bos secara transparan,0,
1662,Kompas.com,@kompascom,kemendikbud klaim hemat rp triliun digitalisasi materi ajar,0,
1663,Antara News,@antaranews,kemendikbudristek pastikan pemotongan gaji guru selama pandemi,0,
1664,Detik.com,@detikcom,mendikbud anggaran riset ditingkatkan skema dana abadi perguruan tinggi,0,
1665,YouTube,Edukasi TV,review penggunaan dana bos pemeliharaan fasilitas sekolah,0,
1666,Instagram,@official.kemdikbud,sosialisasi perubahan juknis dana bos demi fleksibilitas kepala sekolah,0,
1667,X (Twitter),@politik_idn,skandal pejabat kemendikbud terciduk gunakan dana efisiensi liburan,1,
1668,Facebook,Suara Edukasi,hoaks aturan seragam sekolah harus membeli pusat harga mahal,1,
1669,WhatsApp,Grup Alumni,berita duka tunjangan profesi guru dihapus ruu sisdiknas,1,
1670,TikTok,@vlogger_politik,fakta mitos dana pendidikan dipakai membayar hutang negara,1,
1671,Kominfo,@kemkominfo,fitnah pesan berantai kuota internet gratis gb kemendikbud,1,
1672,Facebook,Lowongan Guru,hoaks pengangkatan pppk tanpa tes khusus penghematan anggaran,1,
1673,X (Twitter),@rumor_kampus,mahasiswa demo dana ukt dialihkan pembangunan gedung rektorat,1,
1674,Instagram,@infomahasiswa,beasiswa lpdp fokus bidang stem efisiensi sdm unggul,0,
1675,Tempo.co,@tempodotco,pemerintah evaluasi skema pengembalian dana lpdp pulang,0,
1676,CNN Indonesia,@CNNIndonesia,anggaran kemendikdasmen fokus rehabilitasi sekolah rusak,0,
1677,Kompas.com,@kompascom,kemendiktisaintek dorong hilirisasi riset kampus efisien,0,
1678,WhatsApp,Grup Keluarga,hoaks mulai besok siswa wajib membeli tablet dana bos,1,
1679,Facebook,Berita Viral,gaji guru honorer diganti sembako dana habis,1,
1680,X (Twitter),@citizen_news,benarkah anggaran riset kemendiktisaintek turun drastis tahun,1,
1681,Antara News,@antaranews,menkeu sri mulyani dana abadi pendidikan mencapai rp triliun,0,
1682,Media Indonesia,@mediaindonesia,dpr setujui tambahan anggaran peningkatan kualitas guru pppk,0,
1683,Republika,@republikaonline,audit internal kemendikdasmen penggunaan dana bos akuntabel,0,
1684,YouTube,Kabar Guru,mengisi aplikasi rencana kegiatan anggaran sekolah arkas,0,
1685,LinkedIn,Analis Pendidikan,outsourcing pengelolaan gedung sekolah hemat anggaran,0,
1686,Detik.com,@detikcom,nadiem dana bos kini dapat digunakan membayar guru honorer maks,0,
1687,Kompas.com,@kompascom,kemendiktisaintek fokuskan dana penelitian ketahanan pangan,0,
1688,WhatsApp,Grup RT,hoaks program indonesia pintar pip dihentikan sementara audit,1,
1689,Facebook,Peduli Sekolah,sertifikasi guru berlaku lulus demi efisiensi,1,
1690,X (Twitter),@news_update,investigasi aliran dana pendidikan mengalir akun judi online,1,
1691,TikTok,@faktakonten,mahasiswa kip kuliah ditagih biaya semester kemana larinya dana pusat,1,
1692,Instagram,@cekfakta_id,klarifikasi video viral guru menangis gaji dipotong hoaks,1,
1693,WhatsApp,Forwarded,segera klik bantuan tunai rp juta kemendikdasmen akhir tahun,1,
1694,Antara News,@antaranews,kemendikbudristek anggaran prioritas fokus kurikulum merdeka,0,
1695,Tempo.co,@tempodotco,kemendiktisaintek pangkas birokrasi hibah penelitian efisiensi,0,
1696,Kompas.com,@kompascom,skema dana padanan matching fund hemat apbn inovasi kampus,0,
1697,Detik.com,@detikcom,strategi efisiensi kemendikdasmen gunakan buku digital wilayah,0,
1698,Media Indonesia,@mediaindonesia,audit bpk pemanfaatan dana bos capai target transparansi,0,
1699,Republika,@republikaonline,pemerintah tambah anggaran beasiswa santri dana abadi pesantren,0,
1700,CNN Indonesia,@CNNIndonesia,digitalisasi rapor pendidikan permudah evaluasi anggaran daerah,0,
1701,Liputan6,@liputan6dotcom,menkeu anggaran pendidikan capai rp triliun tertinggi sejarah,0,
1702,Instagram,@kemdikbud.ri,panduan penggunaan dana bosp peningkatan literasi,0,
1703,LinkedIn,Analis Edukasi,dampak positif penggabungan satuan kerja efisiensi dana pusat,0,
1704,WhatsApp,Forwarded,hoaks dana kip kuliah dipotong pajak negara,1,
1705,Facebook,Kabar Guru,hoaks nadiem makarim mengundurkan diri anggaran pendidikan defisit,1,
1706,X (Twitter),@PolitikUpdate,viral dana sertifikasi guru dialihkan subsidi bbm tahun,1,
1707,Antara News,@antaranews,kemendiktisaintek resmikan laboratorium guna hemat alkes riset,0,
1708,Detik.com,@detikcom,program guru penggerak diklaim hemat biaya dibanding diklat lama,0,
1709,Kompas.com,@kompascom,optimalisasi aset negara gedung kemendikbud disewakan umum,0,
1710,YouTube,Info Pendidikan,sekolah cairkan dana bos tanpa dinas pendidikan daerah,0,
1711,CNN Indonesia,@CNNIndonesia,kemendikdasmen evaluasi kontrak vendor seragam sekolah bermasalah,0,
1712,WhatsApp,Grup Sekolah,hoaks mulai bulan iuran spp diberlakukan sekolah negeri,1,
1713,TikTok,@berita_panas,gawat dana bos digunakan kampanye politik daerah,1,
1714,Facebook,Suara Rakyat,hoaks pemerintah batalkan kenaikan gaji guru pppk hutang negeri,1,
1715,X (Twitter),@anon_indo,bocoran anggaran pendidikan dihapus konstitusi,1,
1716,Instagram,@fakta_edu,cek fakta benarkah siswa wajib membayar uang bangunan dana bos,1,
1717,WhatsApp,Grup Alumni,hoaks saldo rekening mahasiswa penerima lpdp diaudit pajak,1,
1718,Facebook,Info Beasiswa,hoaks pendaftaran beasiswa unggulan dibuka anak pns,1,
1719,TikTok,@vlogger_edu,dana pendidikan dikorupsi fakta balik pengadaan laptop juta,1,
1720,X (Twitter),@leaks_id,dokumen palsu kemendiktisaintek hapus anggaran riset sosial humaniora,1,
1721,WhatsApp,Forwarded,link hoaks subsidi pulsa rb kemendikbud operator,1,
1722,Facebook,Forum Guru,hoaks guru honorer lulus pppk langsung dipecat,1,
1723,Instagram,@stophoax,klarifikasi narasi dana pendidikan habis pembangunan tol,1,
1724,Tempo.co,@tempodotco,kemendiktisaintek dorong efisiensi konsorsium riset antar kampus,0,
1725,Media Indonesia,@mediaindonesia,mendikdasmen alokasi dana pendidikan fokus smk unggulan,0,
1726,Antara News,@antaranews,pemerintah salurkan bantuan dana darurat sekolah terdampak gempa,0,
1727,CNN Indonesia,@CNNIndonesia,transformasi lpdp dana abadi kini dapat digunakan pelatihan vokasi,0,
1728,YouTube,Kemdikbud RI,webinar transparansi pengelolaan anggaran era digitalisasi,0,
1729,Kompas.com,@kompascom,penghematan anggaran perjalanan dinas kemendikbud capai,0,
1730,Detik.com,@detikcom,nadiem penggunaan dana bos kini fleksibel tergantung kebutuhan,0,
1731,Republika,@republikaonline,kemenkeu evaluasi efektivitas dana otsus pendidikan papua,0,
1732,X (Twitter),@EduUpdate,inovasi aplikasi siln kurangi biaya operasional sekolah negeri,0,
1733,Instagram,@infomahasiswa,kip kuliah tetap tersedia kuota besar,0,
1734,WhatsApp,Grup Warga,hoaks pemerintah tarik bantuan ponsel gratis sasaran,1,
1735,Facebook,Viral News,dana pendidikan bocor rp triliun rakyat diminta patungan sediakan buku,1,
1736,TikTok,@news_tiktok,berita buruk anggaran makan siang gratis diambil dana sertifikasi guru,1,
1737,X (Twitter),@FactChecker,misinformasi penghapusan mapel sejarah demi efisiensi kurikulum,1,
1738,WhatsApp,Grup Guru,hoaks syarat pencairan tpg harus punya sertifikat vaksin,1,
1739,Instagram,@edunews,hoaks kampus swasta dibubarkan capai target akreditasi,1,
1740,Facebook,Peduli Edukasi,hoaks dana operasional sekolah dipakai membayar cicilan kereta cepat,1,
1741,LinkedIn,Opini Publik,analisis digitalisasi pendidikan hemat anggaran jangka panjang,0,
1742,YouTube,Fokus Berita,mendikdasmen tinjau langsung pembangunan sekolah dana swakelola,0,
1743,Kompas.com,@kompascom,kemendiktisaintek luncurkan program magang bersertifikat hemat biaya,0,
1744,Antara News,@antaranews,kemendiktisaintek alokasikan dana riset khusus startup mahasiswa,0,
1745,Tempo.co,@tempodotco,kebijakan merdeka belajar kampus merdeka hemat biaya pelatihan industri,0,
1746,Kompas.com,@kompascom,kemendikdasmen fokuskan dana dak bangun ruang kelas,0,
1747,Detik.com,@detikcom,anggaran pendidikan diprediksi naik program gizi anak sekolah,0,
1748,CNN Indonesia,@CNNIndonesia,pemerintah klaim aplikasi siplah berhasil cegah korupsi dana bos,0,
1749,Media Indonesia,@mediaindonesia,mendikdasmen pangkas anggaran konsumsi rapat dialihkan buku,0,
1750,Republika,@republikaonline,audit kinerja efektivitas penggunaan dana alokasi umum sektor pendidikan,0,
1751,Instagram,@kemdikbud.ri,pengumuman skema pencairan tunjangan profesi guru cepat,0,
1752,WhatsApp,Grup Berita,hoaks mahasiswa kip kuliah ipk wajib kembalikan uang,1,
1753,Facebook,Kabar Viral,hoaks mulai januari gaji guru dialihkan membiayai pajak negara,1,
1754,X (Twitter),@RumorEdu,bocoran pemerintah hapus program beasiswa negeri,1,
1755,TikTok,@politik_id,gawat dana bos sekolah dipakai kepala sekolah membeli mobil pribadi,1,
1756,WhatsApp,Forwarded,hoaks segera daftar bantuan laptop gratis kemendikdasmen link,1,
1757,Facebook,Forum Guru,hoaks guru honorer wajib membayar rb administrasi pppk,1,
1758,X (Twitter),@InfoHoax,misinformasi foto demo mahasiswa kenaikan ukt foto lama,1,
1759,Instagram,@faktakita,hoaks dana riset kemendiktisaintek diberikan kampus negeri,1,
1760,WhatsApp,Grup Warga,hoaks mulai semester siswa smk wajib membayar uang praktik sendiri,1,
1761,TikTok,@vlogger_news,rahasia anggaran pendidikan indonesia kecil asia tenggara,1,
1762,Facebook,Berita Pendidikan,hoaks syarat kip kuliah harus melampirkan bukti dukung partai,1,
1763,X (Twitter),@Leak_Data,terbongkar dana efisiensi kantor kemendikbud digunakan judi slot,1,
1764,WhatsApp,Forwarded,hoaks pemerintah bagikan pulsa gb pelajar selama libur panjang,1,
1765,Facebook,Info Cepat,hoaks sertifikat guru berlaku mengikuti pelatihan berbayar,1,
1766,Instagram,@edunews,hoaks dana abadi pendidikan dipakai menambal defisit bpjs,1,
1767,Kompas.com,@kompascom,kemendiktisaintek jalin kerja riset jerman guna hemat apbn,0,
1768,Detik.com,@detikcom,reformasi birokrasi kemendikdasmen sederhanakan spj dana bos,0,
1769,Antara News,@antaranews,kemendikbudristek beri penghargaan sekolah efisiensi energi terbaik,0,
1770,CNN Indonesia,@CNNIndonesia,nadiem dana bos dapat digunakan adaptasi teknologi sekolah,0,
1771,Republika,@republikaonline,pemerintah pastikan beasiswa lpdp tetap mengacu kebutuhan nasional,0,
1772,YouTube,Pendidikan Kita,menggunakan dashboard rapor pendidikan perencanaan anggaran,0,
1773,Media Indonesia,@mediaindonesia,kemendiktisaintek fokuskan anggaran kemandirian teknologi,0,
1774,LinkedIn,Praktisi Pendidikan,outsourcing kebersihan sekolah efisien secara anggaran,0,
1775,Instagram,@infomahasiswa,pendaftaran magang instansi pemerintah dipungut biaya sepeserpun,0,
1776,Facebook,Berita Kampus,update jadwal pencairan beasiswa unggulan tahap ii tahun,0,
1777,WhatsApp,Grup Alumni,hoaks alumni penerima beasiswa wajib setor gaji dana abadi,1,
1778,TikTok,@politik_receh,cek rekening bantuan juta kemendikdasmen cair hari link hoaks,1,
1779,Facebook,Peduli Guru,hoaks program guru penggerak kedok menghapus senioritas,1,
1780,X (Twitter),@Netizen_News,skandal anggaran pembangunan perpustakaan nasional dikorupsi,1,
1781,Instagram,@cekfakta_id,klarifikasi benar kantin sekolah dikenakan pajak,1,
1782,WhatsApp,Forwarded,hoaks pendaftaran cpns guru jalur rekomendasi pusat,1,
1783,Facebook,Viral Edu,hoaks siswa punya ponsel android dilarang mengikuti ujian nasional,1,
1784,TikTok,@news_update,fakta mengejutkan dana pendidikan dialokasikan membeli jet pribadi,1,
1785,WhatsApp,Grup RT,hoaks bantuan alat tulis pemerintah harus ditebus biaya mengirim,1,
1786,X (Twitter),@AnonNews,dokumen palsu kemendiktisaintek hentikan pendanaan jurusan seni,1,
1787,Instagram,@fakta_bola,hoaks dana olahraga sekolah dihapus membiayai makan siang,1,
1788,Facebook,Kabar Guru,hoaks guru sertifikasi wajib mengajar jam seminggu,1,
1789,Tempo.co,@tempodotco,kemendiktisaintek luncurkan dana hibah inovasi hijau universitas,0,
1790,Kompas.com,@kompascom,kemendikdasmen dorong sekolah gunakan panel surya guna efisiensi listrik,0,
1791,CNN Indonesia,@CNNIndonesia,menkeu realisasi anggaran pendidikan semester tepat sasaran,0,
1792,Antara News,@antaranews,pemerintah resmikan platform pembelajaran mandiri guru secara gratis,0,
1793,Kemendikbud,@kemdikbud_ri,menerima memberi partisipasi transformasi pendidikan indonesia,0,
1794,Kompas.com,@kompascom,kemendikbudristek sekolah perlu khawatir soal rencana ppn jasa pendidikan,0,
1795,Detik.com,@detikcom,nadiem makarim pastikan dana bos tetap tersalurkan tanpa potongan pajak,0,
1796,Antara News,@antaranews,pemerintah cairkan subsidi kuota internet juni juta penerima,0,
1797,Republika,@republikaonline,efisiensi anggaran kemendikbudristek optimalkan platform digital guru,0,
1798,CNN Indonesia,@CNNIndonesia,anggaran seleksi pppk guru ditanggung pemerintah pusat sepenuhnya,0,
1799,WhatsApp,Grup Warga,hoaks mulai juli sekolah swasta dikenakan pajak per siswa,1,
1800,Facebook,Kabar Guru,hoaks pendaftaran pppk ditutup dana alokasi daerah kosong,1,
1801,X (Twitter),@RumorPolitik,bocoran gaji guru dipotong membayar utang pengadaan laptop,1,
1802,Instagram,@faktakita,cek fakta benarkah dana bantuan ukt mahasiswa dialihkan proyek vaksin,1,
1803,WhatsApp,Forwarded,hoaks link pendaftaran bantuan tunai pelajar rp juta cair juni,1,
1804,Facebook,Info Beasiswa,hoaks mahasiswa kedokteran wajib ganti rugi beasiswa menolak vaksin,1,
1805,X (Twitter),@AnonEdu,dokumen palsu kemendikbud hapus tunjangan daerah terpencil juni,1,
1806,TikTok,@vlogger_id,gawat dana pendidikan dipakai membayar bunga pinjaman negeri,1,
1807,WhatsApp,Grup Sekolah,hoaks instruksi membeli buku juni kurikulum lama dihapus,1,
1808,Facebook,Suara Rakyat,hoaks dana kip kuliah cair mahasiswa memiliki kartu anggota partai,1,
1809,Tempo.co,@tempodotco,kemendikbudristek klaim penghematan rp miliar rapat virtual,0,
1810,Media Indonesia,@mediaindonesia,mendikbud dana bos dapat digunakan persiapan tatap muka,0,
1811,CNBC Indonesia,@cnbcindonesia,sri mulyani tegaskan sekolah negeri tetap bebas pajak ppn,0,
1812,YouTube,Pendidikan TV,strategi arkas mengelola dana bos tanpa kertas efisiensi dinas,0,
1813,Liputan6,@liputan6dotcom,kemendikbudristek beri keringanan ukt mahasiswa terdampak pandemi,0,
1814,Instagram,@kemdikbud.ri,panduan seleksi guru asn pppk transparan bebas biaya,0,
1815,Detik.com,@detikcom,nadiem digitalisasi sekolah investasi efisiensi jangka panjang,0,
1816,Kompas.com,@kompascom,pemerintah salurkan rp triliun dana alokasi khusus fisik pendidikan,0,
1817,WhatsApp,Grup Guru,hoaks syarat pencairan tunjangan sertifikasi harus lulus tes wawasan kebangsaan,1,
1818,Facebook,Info Viral,hoaks mulai juni ijazah tk wajib daftar sd dana bos dicabut,1,
1819,X (Twitter),@NewsUpdate,berita buruk anggaran riset kampus dipangkas proyek kereta cepat,1,
1820,TikTok,@edunews,hoaks dana pendidikan rp triliun hilang terdeteksi audit bpk,1,
1821,Instagram,@stophoax,klarifikasi video nadiem makarim soal penghapusan mapel agama editan,1,
1822,WhatsApp,Forwarded,hoaks kuota internet gratis gb kemdikbud klik bit ly kuota juni,1,
1823,Facebook,Kabar Sekolah,hoaks pemerintah wajibkan orang tua siswa membayar sewa laptop sekolah,1,
1824,X (Twitter),@politik_id,skandal dana hibah pendidikan mengalir rekening pribadi pejabat eselon,1,
1825,TikTok,@vlogger_politik,fakta mitos anggaran pendidikan indonesia sengaja dikurangi,1,
1826,YouTube,Info Berita,benarkah sekolah kena pajak penjelasan lengkap kemenkeu,0,
1827,Antara News,@antaranews,kemendikbudristek juta guru divaksinasi per juni,0,
1828,CNN Indonesia,@CNNIndonesia,mendikbud dorong perguruan tinggi lakukan efisiensi operasional cloud,0,
1829,Republika,@republikaonline,penyaluran dana bos reguler tahap ii capai persen,0,
1830,Tempo.co,@tempodotco,kemendikbudristek fokuskan dana alokasi umum gaji guru pppk,0,
1831,WhatsApp,Grup Alumni,hoaks beasiswa lpdp dibuka lulusan universitas papan,1,
1832,Facebook,Lowongan Kerja,hoaks penerimaan staf kemendikbud jalur khusus membayar juta,1,
1833,X (Twitter),@CitizenNews,viral gedung sekolah roboh direnovasi pakai dana bos,1,
1834,Instagram,@fakta_bola,hoaks anggaran olahraga siswa dihapus demi membayar influencer pendidikan,1,
1835,TikTok,@news_tiktok,berita gembira nadiem beri hadiah juta per siswa juni hoaks,1,
1836,WhatsApp,Grup RT,hoaks sekolah tatap muka dibatalkan permanen gedung sekolah dijual,1,
1837,Facebook,Info Cepat,hoaks guru diberhentikan secara hormat tanpa pesangon,1,
1838,X (Twitter),@FactChecker,misinformasi isu ppn pendidikan menyasar sekolah rakyat kecil,0,
1839,Kompas.com,@kompascom,audit bpk kemendikbud raih predikat wtp tengah efisiensi,0,
1840,Detik.com,@detikcom,kemenkeu pajak jasa pendidikan masuk ruu kup sekolah mahal,0,
1841,Media Indonesia,@mediaindonesia,pemanfaatan platform merdeka belajar tekan biaya pelatihan guru nasional,0,
1842,CNBC Indonesia,@cnbcindonesia,pemerintah siapkan rp triliun bantuan ukt mahasiswa semester ganjil,0,
1843,YouTube,Kemdikbud RI,sosialisasi mekanisme seleksi guru asn pppk tahun,0,
1844,Instagram,@kemdikbud.ri,inovasi siplah belanja kebutuhan sekolah hemat terlacak,0,
1845,Antara News,@antaranews,mendikbudristek sebut kurikulum prototipe efisien siswa,0,
1846,WhatsApp,Grup Berita,hoaks subsidi ukt mahasiswa mendukung pemerintah,1,
1847,Facebook,Viral News,hoaks dana pendidikan dipakai membeli saham perusahaan teknologi asing,1,
1848,X (Twitter),@PolitikUpdate,viral pejabat kemendikbud pesta mewah anggaran guru dipangkas,1,
1849,TikTok,@berita_panas,gawat data juta penerima pip bocor dijual dark web,1,
1850,Instagram,@cekfakta_id,klarifikasi penghapusan mata pelajaran sejarah smk,1,
1851,WhatsApp,Forwarded,hoaks pendaftaran beasiswa negeri tanpa tes khusus alumni sekolah,1,
1852,Facebook,Kabar Guru,hoaks mulai juli sertifikasi guru dibayarkan per bulan hemat admin,1,
1853,X (Twitter),@anon_leaks,bocoran anggaran pendidikan turun menjadi tahun,1,
1854,CNN Indonesia,@CNNIndonesia,pemerintah alokasikan rp triliun kuota internet selama,0,
1855,Tempo.co,@tempodotco,mendikbud nadiem program organisasi penggerak fokus hasil belajar,0,
1856,Republika,@republikaonline,digitalisasi perpustakaan sekolah dinilai efisien dibanding buku fisik,0,
1857,Detik.com,@detikcom,kemendikbudristek hapus kewajiban laporan spj fisik demi efisiensi,0,
1858,Kompas.com,@kompascom,pemerintah dorong smk membangun blu dapat mandiri secara finansial,0,
1859,YouTube,Kabar Pendidikan,review efektivitas belajar menggunakan kuota internet bantuan pemerintah,0,
1860,Media Indonesia,@mediaindonesia,satgas penanganan covid-19 sekolah tatap muka harus seizin pemda,0,
1861,Instagram,@infomahasiswa,kip kuliah biaya hidup kini disesuaikan indeks harga daerah,0,
1862,WhatsApp,Grup Sekolah,hoaks siswa mengikuti vaksin boleh naik kelas,1,
1863,Facebook,Berita Viral,hoaks dana bos tahap ii cair dipakai membayar bunga utang,1,
1864,X (Twitter),@Leak_Indo,terungkap dana pendidikan dialihkan membangun sirkuit balap,1,
1865,TikTok,@vlogger_politik,fakta mitos subsidi listrik sekolah dicabut mulai juni,1,
1866,Instagram,@stophoax,fitnah pesan singkat menang undian laptop kemendikbud rp juta,1,
1867,WhatsApp,Forwarded,hoaks link bantuan pendidikan rp rb per anak kominfo kemdikbud,1,
1868,Facebook,Info Beasiswa,hoaks beasiswa lpdp dibatalkan jurusan agama filsafat,1,
1869,X (Twitter),@RakyatBicara,skandal laptop merah putih produk rebranding negeri,1,
1870,TikTok,@news_update,bahaya sekolah tatap muka eksperimen sosial pemerintah,1,
1871,WhatsApp,Grup RT,hoaks mulai besok pendaftaran kip dibuka kelurahan membawa uang admin,1,
1872,Facebook,Suara Edukasi,hoaks tunjangan profesi guru dihapus rencana pajak jasa pendidikan,1,
1873,Instagram,@faktakonten,hoaks dana kip kuliah dipotong kampus biaya pembangunan,1,
1874,Antara News,@antaranews,mendikbudristek sekolah harus prioritaskan dana bos sanitasi,0,
1875,CNBC Indonesia,@cnbcindonesia,sri mulyani anggaran pendidikan apbn amanat konstitusi,0,
1876,Kompas.com,@kompascom,pemerintah siapkan bonus guru mengajar daerah terpencil,0,
1877,Detik.com,@detikcom,program smk pusat keunggulan gunakan skema pembiayaan industri,0,
1878,Republika,@republikaonline,kemendikbudristek evaluasi penggunaan aplikasi belajar selama pandemi,0,
1879,Tempo.co,@tempodotco,efisiensi anggaran kemendikbud kurangi pengadaan atk kantor pusat,0,
1880,YouTube,Fokus Berita,benarkah anggaran pendidikan dialihkan simak penjelasan pakar hukum,0,
1881,Media Indonesia,@mediaindonesia,kampus merdeka dinilai mampu menekan anggaran magang perusahaan,0,
1882,LinkedIn,Analis Publik,sentralisasi data pendidikan dapodik menghemat anggaran,0,
1883,CNN Indonesia,@CNNIndonesia,mendikbud anggaran kebudayaan digunakan pelestarian desa,0,
1884,WhatsApp,Grup Guru,hoaks mulai juni guru honorer boleh mengajar usia,1,
1885,Facebook,Info Cepat,hoaks sertifikat pendidik kini dijual bebas marketplace seharga juta,1,
1886,X (Twitter),@NetizenNews,berita duka anggaran makan gratis siswa diambil tabungan guru,1,
1887,TikTok,@edunews_id,gawat laptop kemendikbud dapat install aplikasi microsoft office,1,
1888,Instagram,@fakta_edu,hoaks sekolah zona merah tetap wajib masuk demi efisiensi operasional,1,
1889,WhatsApp,Forwarded,hoaks link survei kemendikbud berhadiah uang tunai rp ribu,1,
1890,Facebook,Lowongan Guru,hoaks rekrutmen pppk memiliki sertifikat,1,
1891,X (Twitter),@Politik_Indo,viral anggaran pendidikan dipakai membayar influencer negeri,1,
1892,TikTok,@vlogger_id,fakta tersembunyi dana bos berasal hutang bank dunia,1,
1893,Instagram,@cekfakta,klarifikasi narasi sekolah wajib membayar pajak ppn menyesatkan,1,
1894,Antara News,@antaranews,kemendikbudristek luncurkan program kampus mengajar angkatan,0,
1895,Kompas.com,@kompascom,mendikbudristek sekolah boleh gunakan dana bos membeli pulsa guru,0,
1896,Detik.com,@detikcom,menkeu pastikan pemotongan anggaran fungsi pendidikan,0,
1897,CNBC Indonesia,@cnbcindonesia,pemerintah siapkan dana abadi riset rp triliun tahun,0,
1898,Republika,@republikaonline,mendikbudristek dorong mahasiswa jadi duta perubahan perilaku covid-19,0,
1899,YouTube,Kemdikbud RI,tutorial pendaftaran seleksi guru asn pppk portal sscasn,0,
1900,Media Indonesia,@mediaindonesia,efisiensi anggaran perjalanan dinas pejabat kemendikbud dipangkas,0,
1901,CNN Indonesia,@CNNIndonesia,kemendikbudristek pastikan dana bosp cair tepat,0,
1902,WhatsApp,Grup Sekolah,hoaks dana seragam gratis dibagikan indomaret alfamart,1,
1903,Facebook,Kabar Viral,hoaks mulai juni mata pelajaran matematika dihapus kurikulum sd,1,
1904,X (Twitter),@AnonEdu,dokumen bocor dana pendidikan dipakai bangun lapangan golf pejabat,1,
1905,TikTok,@berita_edu,hoaks ujian nasional diadakan mulai juni secara dadakan,1,
1906,Instagram,@faktakita,hoaks dana kip kuliah dihentikan mahasiswa ikut demo,1,
1907,WhatsApp,Forwarded,hoaks subsidi biaya skripsi rp juta kemendikbud klik link,1,
1908,Facebook,Suara Rakyat,hoaks menteri nadiem sebut belajar online baik tatap muka,1,
1909,X (Twitter),@PolitikUpdate,viral anggaran buku pelajaran dialihkan membayar buzzer,1,
1910,TikTok,@vlogger_politik,fakta mitos dana pendidikan mengalir negara tetangga,1,
1911,Instagram,@stophoax,klarifikasi informasi gaji guru pppk juta rupiah benar,1,
1912,WhatsApp,Grup Guru,hoaks pengangkatan pppk otomatis mengabdi tahun,1,
1913,Facebook,Info Beasiswa,hoaks dana lpdp resmi dialihkan membayar hutang bumn,1,
1914,X (Twitter),@RumorKampus,bocoran ukt mahasiswa naik mulai semester,1,
1915,TikTok,@news_update,bahaya data guru vaksin diserahkan perusahaan asuransi,1,
1916,Instagram,@fakta_bola,hoaks ekskul olahraga dilarang selamanya sekolah pandemi usai,1,
1917,WhatsApp,Grup RT,hoaks sekolah punya panel surya dicabut izinnya,1,
1918,Facebook,Info Cepat,hoaks pemerintah memungut pajak beasiswa negeri,1,
1919,X (Twitter),@Netizen_News,skandal anggaran laptop mark up harga,1,
1920,TikTok,@berita_panas,berita duka anggaran kip kuliah ditutup sementara kas negara kosong,1,
1921,Instagram,@cekfakta_id,hoaks pesan berantai nadiem makarim menghapus gelar sarjana,1,
1922,WhatsApp,Forwarded,hoaks bantuan uang tunai pelajar mendikbud link bit ly bantuan edu,1,
1923,Facebook,Viral Edu,hoaks siswa sd wajib memakai masker medis merk tertentu milik pejabat,1,
1924,Tempo.co,@tempodotco,kemendikbudristek alokasikan rp triliun program guru penggerak,0,
1925,Kompas.com,@kompascom,nadiem dana bos kini dikirim langsung rekening sekolah tanpa antre,0,
1926,Detik.com,@detikcom,kemendikbudristek klaim efisiensi anggaran capai rp triliun semester,0,
1927,Antara News,@antaranews,pemerintah fokuskan dana pendidikan transformasi teknologi informasi,0,
1928,CNBC Indonesia,@cnbcindonesia,realisasi anggaran pendidikan juni tumbuh positif,0,
1929,Republika,@republikaonline,kemenkeu anggaran pendidikan tetap jadi prioritas utama apbn,0,
1930,Media Indonesia,@mediaindonesia,mendikbudristek sekolah tatap muka harus tetap patuhi protokol kesehatan,0,
1931,CNN Indonesia,@CNNIndonesia,audit bpk temukan potensi pemborosan dana pendidikan provinsi,0,
1932,YouTube,Pendidikan Kita,inovasi aplikasi merdeka belajar hemat kertas biaya administrasi,0,
1933,Instagram,@kemdikbud.ri,pengumuman masa sanggah seleksi guru pppk resmi dibuka,0,
1934,LinkedIn,Praktisi Edukasi,dampak positif digitalisasi pendidikan menekan biaya operasional,0,
1935,Facebook,Kabar Guru,update juknis penggunaan dana bos reguler tahun,0,
1936,X (Twitter),@FactChecker,misinformasi foto sertifikat guru dipungut biaya palsu,0,
1937,TikTok,@vlogger_edu,benarkah guru honorer dapat subsidi motor listrik cek penjelasan mendikbud,0,
1938,Instagram,@faktakita,berita gembira kuota internet gratis tahap ii cair juni,0,
1939,WhatsApp,Grup Sekolah,hoaks dana sekolah dipakai membiayai pilkada serentak,1,
1940,Facebook,Berita Viral,hoaks nadiem makarim larang siswa memakai seragam sekolah rumah,1,
1941,X (Twitter),@Politik_Indo,viral dana sertifikasi guru dipakai membayar sewa kantor jakarta,1,
1942,TikTok,@news_tiktok,gawat dana pendidikan bocor pejabat membeli apartemen singapura,1,
1943,WhatsApp,Forwarded,hoaks link undian smartphone gratis siswa berprestasi juni,1,
1944,WhatsApp,Forwarded,hoaks link undian smartphone gratis siswa berprestasi juni,1,
1945,Kompas.com,@kompascom,kemendikbudristek tunda pembelajaran tatap muka terbatas selama ppkm darurat,0,
1946,Detik.com,@detikcom,nadiem makarim anggaran rp miliar dialihkan lanjutkan bantuan ukt,0,
1947,Antara News,@antaranews,pemerintah salurkan bantuan oksigen rumah sakit pendidikan jawa bali,0,
1948,Republika,@republikaonline,optimalisasi anggaran kemendikbudristek fokus digitalisasi modul pjj,0,
1949,CNN Indonesia,@CNNIndonesia,proyek laptop merah putih rp triliun upaya efisiensi pengadaan jangka panjang,0,
1950,WhatsApp,Grup Warga,hoaks sekolah tatap muka dibatalkan selamanya dana bos habis,1,
1951,Facebook,Kabar Guru,hoaks sertifikasi guru juli cair dialihkan bansos,1,
1952,X (Twitter),@PolitikUpdate,viral harga laptop pelajar rp juta spesifikasi rp juta,1,
1953,Instagram,@faktakita,cek fakta benarkah dana pendidikan digunakan membeli vaksin berbayar,1,
1954,WhatsApp,Forwarded,hoaks link pendaftaran subsidi kuota internet gb selama ppkm darurat,1,
1955,Facebook,Info Beasiswa,hoaks beasiswa lpdp tersedia mahasiswa vaksin dosis,1,
1956,X (Twitter),@AnonEdu,dokumen palsu kemendikbud potong gaji guru honorer demi membayar laptop,1,
1957,TikTok,@vlogger_id,gawat laptop merah putih rakitan barang bekas negeri,1,
1958,WhatsApp,Grup Sekolah,hoaks instruksi membeli seragam sekolah daring dana pribadi,1,
1959,Facebook,Suara Rakyat,hoaks mahasiswa kip kuliah wajib ikut program vaksinasi berbayar,1,
1960,Tempo.co,@tempodotco,kemendikbudristek klaim hemat rp miliar pembatalan acara luring juli,0,
1961,Media Indonesia,@mediaindonesia,mendikbud mahasiswa semester berhak dapat bantuan ukt,0,
1962,CNBC Indonesia,@cnbcindonesia,sri mulyani anggaran pendidikan tetap jadi tulang punggung pemulihan nasional,0,
1963,YouTube,Pendidikan TV,strategi kampus merdeka efisiensi biaya kuliah program magang,0,
1964,Liputan6,@liputan6dotcom,kemendikbudristek berikan bantuan kuota internet tambahan selama ppkm,0,
1965,WhatsApp,Grup Guru,hoaks mulai juli guru wajib lapor pajak dana bos dikelola,1,
1966,Facebook,Info Viral,hoaks nadiem makarim menghapus mata pelajaran agama kurikulum,1,
1967,X (Twitter),@NewsUpdate,berita buruk anggaran beasiswa negeri dihentikan krisis,1,
1968,TikTok,@edunews,hoaks dana pendidikan rp triliun terdeteksi masuk rekening ormas,1,
1969,Instagram,@stophoax,klarifikasi narasi sekolah wajib membayar ppn per juli menyesatkan,1,
1970,WhatsApp,Forwarded,hoaks subsidi laptop gratis pemerintah link bit ly laptop pelajar,1,
1971,Facebook,Kabar Sekolah,hoaks orang tua siswa wajib membayar sewa zoom premium sekolah,1,
1972,X (Twitter),@politik_id,skandal dana riset perguruan tinggi dipakai kampanye digital pejabat,1,
1973,TikTok,@vlogger_politik,fakta mitos subsidi listrik pendidikan dicabut selama masa ppkm,1,
1974,YouTube,Info Berita,penjelasan resmi kemendikbud terkait syarat penerima bantuan ukt,0,
1975,Antara News,@antaranews,kemendikbudristek sediakan oksigen konsentrator rs pendidikan,0,
1976,CNN Indonesia,@CNNIndonesia,mendikbudristek dana bos dapat digunakan biaya isoman guru,0,
1977,Republika,@republikaonline,audit bpk penyerapan anggaran kemendikbud semester baik,0,
1978,Tempo.co,@tempodotco,kemendikbudristek efisiensi anggaran perjalanan dinas dana darurat,0,
1979,WhatsApp,Grup Alumni,hoaks penerima kip kuliah dicabut haknya melakukan kritik sosial,1,
1980,Facebook,Lowongan Kerja,hoaks rekrutmen cpns guru jalur orang membayar juta,1,
1981,X (Twitter),@CitizenNews,viral atap sekolah ambruk tengah ppkm dana renovasi disunat,1,
1982,Instagram,@fakta_bola,hoaks anggaran lomba olahraga siswa dihapus total selamanya,1,
1983,TikTok,@news_tiktok,berita gembira pemerintah beri juta per mahasiswa gagal skripsi,1,
1984,WhatsApp,Grup RT,hoaks link bantuan sosial pendidikan khusus anak yatim kemdikbud,1,
1985,Facebook,Info Cepat,hoaks guru non sertifikasi diperbolehkan mengajar mulai agustus,1,
1986,X (Twitter),@FactChecker,misinformasi isu laptop merah putih dapat menjalankan linux,0,
1987,Kompas.com,@kompascom,kemendikbudristek resmikan program pertukaran mahasiswa merdeka,0,
1988,Detik.com,@detikcom,kemenkeu pastikan dana abadi pendidikan ditambah rp triliun,0,
1989,Media Indonesia,@mediaindonesia,digitalisasi pendidikan dinilai mampu memangkas biaya logistik buku,0,
1990,CNBC Indonesia,@cnbcindonesia,pemerintah siapkan tambahan anggaran penanganan covid-19 sektor pendidikan,0,
1991,YouTube,Kemdikbud RI,sosialisasi perpanjangan bantuan kuota data internet tahun,0,
1992,Instagram,@kemdikbud.ri,gunakan aplikasi arkas pelaporan dana bos transparan,0,
1993,Antara News,@antaranews,mendikbudristek kurikulum darurat membantu guru selama ppkm,0,
1994,WhatsApp,Grup Berita,hoaks pemerintah tarik bantuan ponsel anggaran defisit,1,
1995,Facebook,Viral News,hoaks dana pendidikan digunakan membayar hutang perusahaan listrik,1,
1996,X (Twitter),@PolitikUpdate,viral pejabat kemendikbud ketahuan liburan pakai fasilitas dana riset,1,
1997,TikTok,@berita_panas,gawat database guru se indonesia bocor dijual forum hacker,1,
1998,Instagram,@cekfakta_id,klarifikasi video guru dipecat vaksin berita palsu,1,
1999,WhatsApp,Forwarded,hoaks pendaftaran beasiswa full tanpa seleksi bulan juli,1,
2000,Facebook,Kabar Guru,hoaks tunjangan fungsional guru dihapus mulai semester ganjil,1,
2001,X (Twitter),@anon_leaks,bocoran anggaran sertifikasi guru dialihkan proyek infrastruktur,1,
2002,CNN Indonesia,@CNNIndonesia,pemerintah pastikan anggaran kip kuliah mencapai rp triliun,0,
2003,Tempo.co,@tempodotco,mendikbud nadiem program kampus mengajar berhasil efisiensi sdm daerah,0,
2004,Republika,@republikaonline,pemanfaatan rapor hemat anggaran percetakan miliaran rupiah,0,
2005,Detik.com,@detikcom,kemendikbudristek sederhanakan struktur birokrasi efisiensi gaji,0,
2006,Kompas.com,@kompascom,pemerintah dorong ptn menjadi bhmn mandiri secara finansial,0,
2007,YouTube,Kabar Pendidikan,review kebijakan bantuan ukt mahasiswa tengah masa ppkm darurat,0,
2008,Media Indonesia,@mediaindonesia,satgas covid-19 vaksinasi guru capai per juli,0,
2009,Instagram,@infomahasiswa,update mengajukan keringanan ukt kampus,0,
2010,WhatsApp,Grup Sekolah,hoaks siswa divaksin dosis mendapat kuota,1,
2011,Facebook,Berita Viral,hoaks dana bos juli cair dipakai membayar gaji pegawai kontrak,1,
2012,X (Twitter),@Leak_Indo,terungkap dana pendidikan dipakai membangun wisma atlet mewah,1,
2013,TikTok,@vlogger_politik,fakta mitos pajak pendidikan dipungut pulsa ponsel,1,
2014,Instagram,@stophoax,fitnah broadcast menang undian beasiswa kemendikbud rp juta,1,
2015,WhatsApp,Forwarded,hoaks link pendaftaran relawan pendidikan berbayar kemdikbud,1,
2016,Facebook,Info Beasiswa,hoaks beasiswa unggulan dihentikan permanen dana,1,
2017,X (Twitter),@RakyatBicara,skandal laptop kemendikbud dapat digunakan browsing,1,
2018,TikTok,@news_update,bahaya platform merdeka mengajar digunakan memantau ideologi guru,1,
2019,WhatsApp,Grup RT,hoaks mulai besok pembagian sembako pemegang kartu kip,1,
2020,Facebook,Suara Edukasi,hoaks pemerintah menghapus status guru tetap mulai tahun,1,
2021,Instagram,@faktakonten,hoaks dana riset mahasiswa dipotong biaya administrasi pusat,1,
2022,Antara News,@antaranews,mendikbudristek sekolah harus prioritaskan dana bos protokol kesehatan,0,
2023,CNBC Indonesia,@cnbcindonesia,menkeu anggaran pendidikan apbn tetap fokus sdm unggul,0,
2024,Kompas.com,@kompascom,pemerintah beri insentif guru honorer wilayah ppkm darurat,0,
2025,Detik.com,@detikcom,program smk pusat keunggulan gunakan dana padanan industri pemerintah,0,
2026,Republika,@republikaonline,kemendikbudristek pantau penggunaan dana bos secara real time aplikasi,0,
2027,Tempo.co,@tempodotco,efisiensi anggaran kemendikbud hilangkan anggaran sewa hotel mewah,0,
2028,YouTube,Fokus Berita,benarkah anggaran laptop mark up hasil penjelasan inspektorat,0,
2029,Media Indonesia,@mediaindonesia,kampus merdeka dinilai kurangi beban anggaran teori kelas,0,
2030,LinkedIn,Analis Publik,digitalisasi arsip pendidikan mengurangi biaya operasional,0,
2031,CNN Indonesia,@CNNIndonesia,mendikbud dana abadi kebudayaan rp triliun resmi digulirkan,0,
2032,WhatsApp,Grup Guru,hoaks mulai juli guru honorer wajib sertifikasi tanpa dibayar,1,
2033,Facebook,Info Cepat,hoaks ijazah lulusan berlaku daftar kerja bumn,1,
2034,X (Twitter),@NetizenNews,berita duka anggaran pendidikan dipangkas membayar denda pandemi,1,
2035,TikTok,@edunews_id,gawat chip laptop kemendikbud dapat melacak lokasi pengguna,1,
2036,Instagram,@fakta_edu,hoaks mahasiswa ikut kuliah daring dicabut status wni,1,
2037,WhatsApp,Forwarded,hoaks link klaim bantuan biaya sekolah rp juta cair besok,1,
2038,Facebook,Lowongan Guru,hoaks rekrutmen staf honorer kemendikbud jalur khusus orang,1,
2039,X (Twitter),@Politik_Indo,viral anggaran pembangunan perpustakaan dialihkan media sosial pejabat,1,
2040,TikTok,@vlogger_id,fakta tersembunyi dana bos berasal penjualan aset pendidikan,1,
2041,Instagram,@cekfakta,klarifikasi informasi biaya admin kip kuliah rp ribu penipuan,1,
2042,Antara News,@antaranews,kemendikbudristek luncurkan seri webinar guru belajar selama ppkm,0,
2043,Kompas.com,@kompascom,nadiem dana bos kini fleksibel dapat membeli pulsa siswa,0,
2044,Detik.com,@detikcom,kemenkeu realisasi bantuan kuota internet juli capai rp triliun,0,
2045,CNBC Indonesia,@cnbcindonesia,pemerintah siapkan anggaran rp triliun sektor pendidikan,0,
2046,Republika,@republikaonline,mendikbudristek dorong universitas bangun pusat inovasi mandiri,0,
2047,YouTube,Kemdikbud RI,panduan pencairan bantuan ukt mahasiswa semester ganjil,0,
2048,Media Indonesia,@mediaindonesia,efisiensi birokrasi penggabungan kementerian hemat anggaran operasional,0,
2049,CNN Indonesia,@CNNIndonesia,kemendikbudristek pastikan dana bosp juli cair langsung sekolah,0,
2050,WhatsApp,Grup Sekolah,hoaks uang gedung sekolah tetap wajib membayar penuh belajar daring,1,
2051,Facebook,Kabar Viral,hoaks mata pelajaran bahasa indonesia diganti bahasa inggris mulai juli,1,
2052,X (Twitter),@AnonEdu,dokumen bocor dana pendidikan dipakai membeli jet pribadi menteri,1,
2053,TikTok,@berita_edu,hoaks pendaftaran cpns guru dibatalkan selamanya mulai juli,1,
2054,Instagram,@faktakita,hoaks dana kip kuliah dipotong biaya registrasi rp ribu,1,
2055,WhatsApp,Forwarded,hoaks bantuan uang tunai mahasiswa akhir rp juta kemdikbud,1,
2056,Facebook,Suara Rakyat,hoaks menteri nadiem mahasiswa miskin perlu kuliah tinggi,1,
2057,X (Twitter),@PolitikUpdate,viral dana buku sekolah digunakan membayar akun buzzer,1,
2058,TikTok,@vlogger_politik,fakta mitos anggaran pendidikan indonesia diambil alih asing,1,
2059,Instagram,@stophoax,klarifikasi berita gaji guru pppk diambil dana desa,1,
2060,WhatsApp,Grup Guru,hoaks guru wajib membeli laptop merah putih memotong gaji,1,
2061,Facebook,Info Beasiswa,hoaks syarat ipk lpdp naik jadi mulai juli,1,
2062,X (Twitter),@RumorKampus,bocoran mahasiswa semester dapat bantuan ukt,1,
2063,TikTok,@news_update,bahaya sekolah tatap muka membuat siswa kehilangan memori,1,
2064,Instagram,@fakta_bola,hoaks sertifikat juara olahraga berlaku jalur prestasi,1,
2065,WhatsApp,Grup RT,hoaks sekolah berakreditasi ditutup selamanya,1,
2066,Facebook,Info Cepat,hoaks beasiswa kuliah negeri resmi dihapus per juli,1,
2067,X (Twitter),@Netizen_News,skandal laptop kemendikbud menggunakan prosesor tahun,1,
2068,TikTok,@berita_panas,berita duka anggaran makan siang sekolah resmi dihapus selamanya,1,
2069,Instagram,@cekfakta_id,hoaks video nadiem makarim marah dana pendidikan hilang,1,
2070,WhatsApp,Forwarded,hoaks subsidi paket data gb kemdikbud link,1,
2071,Facebook,Viral Edu,hoaks siswa wajib melampirkan bukti pajak orang tua dapat ijazah,1,
2072,Tempo.co,@tempodotco,kemendikbudristek alokasikan rp triliun transformasi vokasi,0,
2073,Kompas.com,@kompascom,nadiem dana bos juli dapat biaya internet siswa miskin,0,
2074,Detik.com,@detikcom,kemendikbudristek klaim efisiensi operasional rp triliun kuartal ii,0,
2075,Antara News,@antaranews,pemerintah prioritaskan dana pendidikan penanganan krisis belajar,0,
2076,CNBC Indonesia,@cnbcindonesia,realisasi belanja fungsi pendidikan juli tunjukkan kenaikan efektif,0,
2077,Republika,@republikaonline,kemenkeu strategi pemulihan ekonomi peningkatan kualitas guru,0,
2078,Media Indonesia,@mediaindonesia,mendikbudristek sekolah tatap muka solusi atasi learning loss,0,
2079,CNN Indonesia,@CNNIndonesia,audit bpk temukan efisiensi biaya perjalanan dinas pendidikan besar,0,
2080,YouTube,Pendidikan Kita,inovasi digitalisasi sekolah mengurangi biaya pengadaan fisik,0,
2081,Instagram,@kemdikbud.ri,selamat juta siswa menerima bantuan kip semester,0,
2082,LinkedIn,Praktisi Edukasi,dampak positif pengalihan anggaran seremonial subsidi ukt,0,
2083,Facebook,Kabar Guru,update mengurus nuptk secara online tanpa biaya,0,
2084,X (Twitter),@FactChecker,misinformasi foto gudang laptop kemendikbud foto negeri,0,
2085,TikTok,@vlogger_edu,benarkah dana pendidikan simak data realisasi kemendikbud,0,
2086,Instagram,@faktakita,berita gembira pendaftaran bantuan ukt mahasiswa dibuka juli,0,
2087,WhatsApp,Grup Sekolah,hoaks dana kematian siswa terpapar covid-19 sekolah,1,
2088,Facebook,Berita Viral,hoaks nadiem makarim sebut guru perlu digaji tinggi,1,
2089,X (Twitter),@Politik_Indo,viral anggaran alat olahraga sekolah dipakai membeli seragam kantor,1,
2090,TikTok,@news_tiktok,gawat dana pendidikan bocor pejabat membeli kapal pesiar,1,
2091,WhatsApp,Forwarded,hoaks bantuan uang tunai rp juta mahasiswa jurusan teknik,1,
2092,Tempo.co,@tempodotco,kemendikbudristek raih opini wtp bpk laporan keuangan,0,
2093,Kompas.com,@kompascom,pemerintah alokasikan rp triliun program pendidikan tinggi,0,
2094,Antara News,@antaranews,kemendikbudristek luncurkan modul pembelajaran jarak sd smp,0,
2095,X (Twitter),@edunews,pemerintah batalkan pencairan dana bos tahap sekolah melanggar prokes,0,Hoax
2096,Kompas.com,@kompascom,kemendikbudristek alokasikan rp triliun lanjutan bantuan kuota internet,0,
2097,Detik.com,@detikcom,nadiem makarim anggaran upacara hut ri kemendikbud dilakukan secara efisien virtual,0,
2098,Antara News,@antaranews,pemerintah pastikan subsidi ukt mahasiswa rp juta cair mulai september,0,
2099,Republika,@republikaonline,optimalisasi dana bos kini dapat digunakan pembelian cairan disinfektan,0,
2100,CNN Indonesia,@CNNIndonesia,kemendikbudristek efisiensi anggaran perjalanan dinas dialihkan beasiswa,0,
2101,WhatsApp,Grup Warga,hoaks hadiah pulsa gb kemendikbud rangka hut ri,1,
2102,Facebook,Kabar Guru,hoaks guru honorer langsung diangkat jadi pppk tanpa tes hari kemerdekaan,1,
2103,X (Twitter),@PolitikUpdate,viral dana pendidikan rp triliun digunakan membayar utang negeri,1,
2104,Instagram,@faktakita,cek fakta benarkah dana kip kuliah dipotong biaya administrasi lomba,1,
2105,WhatsApp,Forwarded,hoaks link pendaftaran bantuan sosial pelajar rp juta cair agustus,1,
2106,Facebook,Info Beasiswa,hoaks beasiswa lpdp dibatalkan anggaran dipakai penanganan covid-19,1,
2107,X (Twitter),@AnonEdu,dokumen palsu kemendikbud hapus tunjangan sertifikasi mulai semester ganjil,1,
2108,TikTok,@vlogger_id,gawat laptop merah putih dapat digunakan tahun,1,
2109,WhatsApp,Grup Sekolah,hoaks siswa wajib membayar uang perayaan hut ri transfer rekening pusat,1,
2110,Facebook,Suara Rakyat,hoaks mahasiswa ikut vaksin merdeka dicabut hak beasiswanya,1,
2111,X (Twitter),@RumorPolitik,bocoran anggaran laptop hasil mark up pejabat teras,1,
2112,TikTok,@edunews,hoaks dana bos tahap iii dibatalkan kas negara kosong,1,
2113,Instagram,@stophoax,klarifikasi narasi sekolah tatap muka berbayar mulai agustus misinformasi,1,
2114,Tempo.co,@tempodotco,kemendikbudristek hemat rp miliar transformasi digital birokrasi,0,
2115,Media Indonesia,@mediaindonesia,mendikbud mahasiswa kesulitan biaya kuliah dapat ajukan penurunan ukt,0,
2116,CNBC Indonesia,@cnbcindonesia,sri mulyani tambahan dana rp triliun bantuan internet ukt mahasiswa,0,
2117,YouTube,Pendidikan TV,strategi arkas memastikan dana bos tepat sasaran minim pemborosan,0,
2118,Liputan6,@liputan6dotcom,kemendikbudristek berikan beasiswa unggulan mahasiswa,0,
2119,WhatsApp,Grup Guru,hoaks mulai agustus sertifikasi guru dibayar vaksin,1,
2120,Facebook,Info Viral,hoaks nadiem makarim siswa sekolah dasar perlu belajar membaca,1,
2121,X (Twitter),@NewsUpdate,berita buruk anggaran beasiswa seni budaya dihapus demi efisiensi apbn,1,
2122,TikTok,@vlogger_politik,fakta mitos subsidi buku pelajaran dicabut membayar pajak negara,1,
2123,YouTube,Info Berita,mendikbudristek menjawab kritikan terkait harga spesifikasi laptop pelajar,0,
2124,Antara News,@antaranews,kemendikbudristek pastikan juta siswa guru terlindungi asuransi pendidikan,0,
2125,CNN Indonesia,@CNNIndonesia,mendikbudristek dana bos fleksibel dapat dipakai membayar guru honorer,0,
2126,Republika,@republikaonline,audit internal efisiensi belanja barang kemendikbud meningkat persen,0,
2127,Tempo.co,@tempodotco,kemendikbudristek fokuskan dana alokasi khusus smk pusat keunggulan,0,
2128,WhatsApp,Grup Alumni,hoaks alumni penerima kip kuliah wajib mengembalikan dana bekerja,1,
2129,Facebook,Lowongan Kerja,hoaks penerimaan admin kemendikbud tanpa ijazah biaya registrasi,1,
2130,X (Twitter),@CitizenNews,viral dana perbaikan sekolah desa dialihkan membeli mobil pejabat,1,
2131,Instagram,@fakta_bola,hoaks anggaran tim olahraga sekolah ditiadakan demi membayar iklan laptop,1,
2132,TikTok,@news_tiktok,berita gembira nadiem beri ribu per siswa uang jajan agustus hoaks,1,
2133,WhatsApp,Grup RT,hoaks link bantuan ponsel gratis pemerintah hari kemerdekaan,1,
2134,Facebook,Info Cepat,hoaks guru dipensiunkan dini tanpa tunjangan per agustus,1,
2135,X (Twitter),@FactChecker,misinformasi foto produk laptop merah putih beredar foto rakitan,0,
2136,Kompas.com,@kompascom,kemendikbudristek luncurkan seri webinar merdeka belajar bulan agustus,0,
2137,Detik.com,@detikcom,menkeu anggaran pendidikan apbn boleh diganggu gugat,0,
2138,Media Indonesia,@mediaindonesia,digitalisasi pendidikan dinilai hemat anggaran distribusi buku pelosok,0,
2139,CNBC Indonesia,@cnbcindonesia,pemerintah siapkan rp triliun kuota internet pelajar periode sep des,0,
2140,YouTube,Kemdikbud RI,pidato mendikbudristek nadiem makarim hari kemerdekaan ri,0,
2141,Instagram,@kemdikbud.ri,melaporkan penyalahgunaan dana bos laman resmi kemendikbud,0,
2142,Antara News,@antaranews,mendikbudristek sekolah wilayah ppkm level boleh tatap muka terbatas,0,
2143,WhatsApp,Grup Berita,hoaks pemerintah tarik bantuan ukt input data,1,
2144,Facebook,Viral News,hoaks dana pendidikan rp triliun hilang tanpa jejak audit rahasia,1,
2145,X (Twitter),@PolitikUpdate,viral pejabat pendidikan ketahuan menggunakan dana riset renovasi rumah,1,
2146,TikTok,@berita_panas,gawat database penerima kip kuliah indonesia dijual murah,1,
2147,Instagram,@cekfakta_id,klarifikasi video guru menolak vaksin diusir sekolah hoaks,1,
2148,WhatsApp,Forwarded,hoaks pendaftaran beasiswa negeri tanpa toefl berlaku agustus,1,
2149,Facebook,Kabar Guru,hoaks tunjangan kemahalan guru papua dihapus mulai semester,1,
2150,X (Twitter),@anon_leaks,bocoran anggaran sertifikasi guru dipotong biaya vaksin nasional,1,
2151,CNN Indonesia,@CNNIndonesia,pemerintah klaim pengadaan laptop pelajar bentuk dukungan industri lokal,0,
2152,Tempo.co,@tempodotco,mendikbud nadiem program organisasi penggerak dievaluasi secara ketat,0,
2153,Republika,@republikaonline,pemanfaatan platform digital hemat biaya sosialisasi kurikulum nasional,0,
2154,Detik.com,@detikcom,kemendikbudristek sederhanakan pelaporan dana bos sistem elektronik,0,
2155,Kompas.com,@kompascom,pemerintah dorong ptn menjadi universitas berkelas dunia efisiensi,0,
2156,YouTube,Kabar Pendidikan,review bantuan kuota internet agustus berubah,0,
2157,Media Indonesia,@mediaindonesia,satgas covid-19 vaksinasi pelajar usia tahun dikejar,0,
2158,Instagram,@infomahasiswa,update syarat penerima bantuan ukt mahasiswa rp juta tahun,0,
2159,WhatsApp,Grup Sekolah,hoaks siswa vaksin boleh mengambil buku cetak sekolah,1,
2160,Facebook,Berita Viral,hoaks dana bos tahap ii macet anggaran dialihkan pesta rakyat,1,
2161,X (Twitter),@Leak_Indo,terungkap dana pendidikan dipakai membeli perlengkapan kantor mewah pejabat,1,
2162,TikTok,@vlogger_politik,fakta mitos pajak pendidikan diambil potongan gaji orang tua,1,
2163,Instagram,@stophoax,fitnah broadcast pengumuman kelulusan seleksi administrasi pppk berbayar,1,
2164,WhatsApp,Forwarded,hoaks link pendaftaran relawan merdeka mengajar digaji juta per bulan,1,
2165,Facebook,Info Beasiswa,hoaks beasiswa unggulan dibuka lulusan sma tahun,1,
2166,X (Twitter),@RakyatBicara,skandal spesifikasi laptop pelajar dapat menjalankan zoom,1,
2167,TikTok,@news_update,bahaya aplikasi pedulilindungi digunakan memantau absensi guru,1,
2168,WhatsApp,Grup RT,hoaks mulai besok pembagian kuota gb balai desa kemdikbud,1,
2169,Facebook,Suara Edukasi,hoaks pemerintah menghapus mapel sejarah efisien,1,
2170,Instagram,@faktakonten,hoaks dana riset kampus swasta dihapus total demi efisiensi apbn,1,
2171,Antara News,@antaranews,mendikbudristek sekolah boleh gunakan dana bos sewa alat prokes,0,
2172,CNBC Indonesia,@cnbcindonesia,menkeu anggaran pendidikan sebesar rp triliun fokus kualitas,0,
2173,Kompas.com,@kompascom,pemerintah beri insentif khusus guru daerah terluar dak,0,
2174,Detik.com,@detikcom,program smk pusat keunggulan berhasil menarik minat investasi industri,0,
2175,Republika,@republikaonline,kemendikbudristek pantau akuntabilitas dana bosp dashboard,0,
2176,Tempo.co,@tempodotco,efisiensi anggaran kemendikbud hapus ratusan pos perjalanan dinas negeri,0,
2177,YouTube,Fokus Berita,benarkah laptop pelajar juta mahal simak analisis pakar teknologi,0,
2178,Media Indonesia,@mediaindonesia,kampus merdeka dinilai memangkas masa tunggu lulusan kerja,0,
2179,LinkedIn,Analis Publik,purchasing sekolah efisien dibanding lelang manual,0,
2180,CNN Indonesia,@CNNIndonesia,mendikbud dana abadi pendidikan mencapai rp triliun per agustus,0,
2181,WhatsApp,Grup Guru,hoaks mulai agustus guru honorer wajib lulus ingin tetap mengajar,1,
2182,Facebook,Info Cepat,hoaks ijazah lulusan pandemi diberi kode khusus sulit cari kerja,1,
2183,X (Twitter),@NetizenNews,berita duka anggaran makan sekolah ditiadakan membayar bunga hutang,1,
2184,TikTok,@edunews_id,gawat laptop kemendikbud menggunakan baterai mudah meledak,1,
2185,Instagram,@fakta_edu,hoaks mahasiswa melakukan demo langsung dicabut kip,1,
2186,WhatsApp,Forwarded,hoaks link klaim subsidi pulsa merdeka rp rb pelajar mahasiswa,1,
2187,Facebook,Lowongan Guru,hoaks rekrutmen cpns guru jalur khusus undangan email,1,
2188,X (Twitter),@Politik_Indo,viral anggaran perbaikan gedung kemendikbud mencapai miliaran tengah krisis,1,
2189,TikTok,@vlogger_id,fakta tersembunyi dana bos berasal potongan pajak hiburan,1,
2190,Instagram,@cekfakta,klarifikasi informasi biaya admin bantuan ukt rp ribu penipuan,1,
2191,Antara News,@antaranews,kemendikbudristek gelar festival merdeka belajar secara virtual,0,
2192,Kompas.com,@kompascom,nadiem dana bos agustus dapat digunakan pembelian modul cetak,0,
2193,Detik.com,@detikcom,kemenkeu pastikan pemotongan gaji guru tahun,0,
2194,CNBC Indonesia,@cnbcindonesia,pemerintah anggarkan rp triliun dana abadi kebudayaan,0,
2195,Republika,@republikaonline,mendikbudristek guru harus menjadi teladan protokol kesehatan sekolah,0,
2196,YouTube,Kemdikbud RI,tutorial sinkronisasi dapodik pencairan bantuan kuota internet,0,
2197,Media Indonesia,@mediaindonesia,efisiensi struktur penghapusan jabatan eselon kemendikbud capai,0,
2198,CNN Indonesia,@CNNIndonesia,kemendikbudristek pastikan dana bos tahap ii cair jadwal,0,
2199,WhatsApp,Grup Sekolah,hoaks uang pangkal sekolah naik mulai agustus demi membayar pajak ppn,1,
2200,Facebook,Kabar Viral,hoaks mata pelajaran fisika kimia digabung jadi demi efisiensi,1,
2201,X (Twitter),@AnonEdu,dokumen bocor dana pendidikan dipakai membeli koleksi seni pejabat,1,
2202,TikTok,@berita_edu,hoaks pendaftaran pppk tahap dibatalkan masalah anggaran daerah,1,
2203,Instagram,@faktakita,hoaks dana kip kuliah dialihkan membiayai proyek kereta cepat,1,
2204,WhatsApp,Forwarded,hoaks bantuan uang tunai spesial hut ri rp juta siswa sd sma,1,
2205,Facebook,Suara Rakyat,hoaks menteri nadiem sekolah swasta diambil alih pemerintah,1,
2206,X (Twitter),@PolitikUpdate,viral dana publikasi jurnal mahasiswa digunakan membayar buzzer,1,
2207,TikTok,@vlogger_politik,fakta mitos anggaran pendidikan hilang rp triliun,1,
2208,Instagram,@stophoax,klarifikasi berita penghapusan tunjangan sertifikasi guru hoaks,1,
2209,WhatsApp,Grup Guru,hoaks guru wajib memasang iklan pemerintah akun media sosial pribadi,1,
2210,Facebook,Info Beasiswa,hoaks syarat kip kuliah wajib memiliki tabungan minimal juta,1,
2211,X (Twitter),@RumorKampus,bocoran subsidi kuota internet berlaku provider tertentu,1,
2212,TikTok,@news_update,bahaya sekolah tatap muka trik menghabiskan dana bos,1,
2213,Instagram,@fakta_bola,hoaks sertifikat lomba nasional diakui masuk ptn,1,
2214,WhatsApp,Grup RT,hoaks sekolah melakukan upacara hut ri dicabut izinnya,1,
2215,Facebook,Info Cepat,hoaks beasiswa kuliah jepang resmi ditutup alasan politik,1,
2216,X (Twitter),@Netizen_News,skandal pengadaan buku sekolah berisi iklan pejabat,1,
2217,TikTok,@berita_panas,berita duka tunjangan hari raya guru tahun ditiadakan,1,
2218,Instagram,@cekfakta_id,hoaks video nadiem makarim mengatakan guru beban negara,1,
2219,WhatsApp,Forwarded,hoaks link subsidi paket data gb hut ri kemdikbud,1,
2220,Facebook,Viral Edu,hoaks siswa wajib melampirkan kartu vaksin menerima raport,1,
2221,Tempo.co,@tempodotco,kemendikbudristek alokasikan rp triliun beasiswa pendidikan indonesia,0,
2222,Kompas.com,@kompascom,nadiem dana bos agustus dapat honor guru non pns,0,
2223,Detik.com,@detikcom,kemendikbudristek klaim efisiensi operasional rp triliun tahun,0,
2224,Antara News,@antaranews,pemerintah prioritaskan dana pendidikan penuntasan buta aksara,0,
2225,CNBC Indonesia,@cnbcindonesia,realisasi belanja fungsi pendidikan agustus capai target,0,
2226,Republika,@republikaonline,kemenkeu strategi pemulihan ekonomi pendidikan vokasi efektif,0,
2227,Media Indonesia,@mediaindonesia,mendikbudristek sekolah tatap muka harus berbasis data epideomiologi,0,
2228,CNN Indonesia,@CNNIndonesia,audit bpk temukan efisiensi pengadaan barang kemendikbudristek,0,
2229,YouTube,Pendidikan Kita,inovasi digitalisasi sekolah mengurangi biaya penggandaan soal,0,
2230,Instagram,@kemdikbud.ri,selamat juta mahasiswa terdaftar penerima ukt,0,
2231,LinkedIn,Praktisi Edukasi,dampak positif pengalihan anggaran seremonial subsidi riset,0,
2232,Facebook,Kabar Guru,update mengajukan bantuan subsidi upah guru honorer,0,
2233,X (Twitter),@FactChecker,misinformasi foto sertifikat diklat berbayar mengatasnamakan kemendikbud,0,
2234,TikTok,@vlogger_edu,benarkah anggaran laptop mark up cek data harga vendor resmi,0,
2235,Instagram,@faktakita,berita gembira pendaftaran bantuan kuota internet dibuka agustus,0,
2236,WhatsApp,Grup Sekolah,hoaks dana kebersihan siswa bersedia membersihkan sekolah,1,
2237,Facebook,Berita Viral,hoaks nadiem makarim sebut sekolah swasta beban apbn,1,
2238,X (Twitter),@Politik_Indo,viral anggaran alat musik sekolah dipakai membeli furniture kantor pusat,1,
2239,TikTok,@news_tiktok,gawat dana pendidikan bocor pejabat membeli helikopter pribadi,1,
2240,WhatsApp,Forwarded,hoaks bantuan uang tunai rp juta mahasiswa jurusan kesehatan,1,
2241,Tempo.co,@tempodotco,kemendikbudristek pertahankan opini wtp bpk selama tahun beruntun,0,
2242,Kompas.com,@kompascom,pemerintah alokasikan rp triliun program kip kuliah,0,
2243,Antara News,@antaranews,kemendikbudristek luncurkan seri modul literasi merdeka belajar,0,
2244,CNBC Indonesia,@cnbcindonesia,sri mulyani belanja pendidikan agustus fokus perlindungan sosial siswa,0,
2245,Republika,@republikaonline,mendikbudristek pastikan dana bosp mengalir langsung rekening sekolah,0,
2246,Kompas.com,@kompascom,kemendikbudristek salurkan bantuan kuota internet tahap september,0,
2247,Detik.com,@detikcom,nadiem makarim seleksi pppk guru tahap fokus keadilan transparansi,0,
2248,Antara News,@antaranews,pemerintah pastikan anggaran pendidikan apbn tetap fokus kualitas sdm,0,
2249,Republika,@republikaonline,efisiensi anggaran kemendikbudristek gunakan sistem cloud data pokok pendidikan,0,
2250,CNN Indonesia,@CNNIndonesia,anggaran subsidi ukt rp miliar mulai disalurkan perguruan tinggi,0,
2251,WhatsApp,Grup Warga,hoaks subsidi kuota internet gb kemdikbud link bit ly kuota sep,1,
2252,Facebook,Kabar Guru,hoaks peserta pppk guru tahap langsung lulus tanpa ambang batas,1,
2253,X (Twitter),@PolitikUpdate,viral dana pendidikan rp triliun laptop produk gagal,1,
2254,Instagram,@faktakita,cek fakta benarkah mahasiswa demo tolak ptm dicabut beasiswanya,1,
2255,WhatsApp,Forwarded,hoaks link bantuan tunai pelajar september rp juta menteri pendidikan,1,
2256,Facebook,Info Beasiswa,hoaks beasiswa lpdp september ditutup permanen pengalihan dana ikn,1,
2257,X (Twitter),@AnonEdu,dokumen palsu kemendikbud pangkas tunjangan profesi guru efisiensi apbn,1,
2258,TikTok,@vlogger_id,gawat laptop merah putih kemendikbud dapat diakses membayar pajak,1,
2259,WhatsApp,Grup Sekolah,hoaks siswa wajib membeli buku paket september kurikulum diganti,1,
2260,Facebook,Suara Rakyat,hoaks dana kip kuliah cair mahasiswa memiliki kartu vaksin,1,
2261,X (Twitter),@RumorPolitik,bocoran anggaran pendidikan september banyak dipakai membayar influencer,1,
2262,TikTok,@edunews,hoaks hasil seleksi pppk tahap dapat dimanipulasi membayar juta,1,
2263,Instagram,@stophoax,klarifikasi isu sekolah tatap muka wajib membayar uang kebersihan hoaks,1,
2264,WhatsApp,Grup RT,hoaks link pendaftaran ponsel gratis siswa mampu september,1,
2265,Facebook,Info Viral,hoaks nadiem makarim guru vaksin boleh mengajar selamanya,1,
2266,Tempo.co,@tempodotco,kemendikbudristek hemat rp miliar transformasi pelatihan guru daring,0,
2267,Media Indonesia,@mediaindonesia,mendikbud mahasiswa semester ganjil dapat ajukan cicilan ukt demi efisiensi,0,
2268,CNBC Indonesia,@cnbcindonesia,sri mulyani anggaran pendidikan sebesar rp triliun inovasi,0,
2269,YouTube,Pendidikan TV,strategi arkas digitalisasi laporan dana bos cegah pungli,0,
2270,Liputan6,@liputan6dotcom,kemendikbudristek pastikan bantuan kuota internet september tepat sasaran,0,
2271,Instagram,@kemdikbud.ri,gunakan laman sscasn bkn go id cek lokasi seleksi pppk guru,0,
2272,Antara News,@antaranews,mendikbudristek dana bos kini dapat digunakan sewa generator oksigen,0,
2273,CNN Indonesia,@CNNIndonesia,kemendikbudristek dorong sekolah wilayah ppkm segera ptm terbatas,0,
2274,Republika,@republikaonline,audit kinerja efisiensi belanja pegawai kemendikbud capai persen,0,
2275,Tempo.co,@tempodotco,kemendikbudristek prioritaskan dana dak fisik renovasi lab komputer,0,
2276,X (Twitter),@NewsUpdate,berita buruk anggaran ekstrakurikuler sekolah dihapus membayar utang,1,
2277,TikTok,@vlogger_politik,fakta mitos pajak pendidikan dipotong langsung dana bos,1,
2278,YouTube,Info Berita,penjelasan pemerintah terkait penyesuaian ambang batas seleksi pppk guru,0,
2279,Antara News,@antaranews,kemendikbudristek klaim program kampus mengajar hemat biaya operasional desa,0,
2280,CNN Indonesia,@CNNIndonesia,mendikbudristek digitalisasi sekolah memangkas biaya distribusi materi ajar,0,
2281,Republika,@republikaonline,kemendikbudristek pantau penggunaan kuota internet dashboard aplikasi,0,
2282,Tempo.co,@tempodotco,efisiensi anggaran kemendikbud pangkas biaya konsumsi rapat,0,
2283,WhatsApp,Grup Alumni,hoaks alumni lpdp wajib membayar pajak tambahan bekerja negeri,1,
2284,Facebook,Lowongan Kerja,hoaks rekrutmen pegawai administrasi sekolah september jalur titipan,1,
2285,X (Twitter),@CitizenNews,viral gedung sekolah pelosok roboh siswa belajar dana disunat,1,
2286,Instagram,@fakta_bola,hoaks anggaran atlet pelajar ditiadakan total demi pengadaan tablet pejabat,1,
2287,TikTok,@news_tiktok,berita gembira nadiem beri saldo dana juta per pelajar september hoaks,1,
2288,WhatsApp,Grup Guru,hoaks guru honorer lolos pppk tahap langsung diberhentikan,1,
2289,Facebook,Info Cepat,hoaks ijazah lulusan dapat digunakan melamar cpns,1,
2290,X (Twitter),@FactChecker,misinformasi foto sertifikat vaksin syarat utama pencairan dana bos,1,
2291,WhatsApp,Forwarded,hoaks link subsidi kuota gratis september provider kemdikbud,1,
2292,Facebook,Kabar Sekolah,hoaks siswa wajib membayar uang gedung tambahan dana operasional dialihkan,1,
2293,X (Twitter),@politik_id,skandal dana hibah riset perguruan tinggi bocor rp triliun asing,1,
2294,TikTok,@vlogger_politik,fakta mitos anggaran pendidikan habis membayar influencer,1,
2295,Instagram,@stophoax,fitnah broadcast pengumuman kelulusan pppk berbayar whatsapp,1,
2296,Kompas.com,@kompascom,kemendikbudristek seleksi pppk guru upaya peningkatan kesejahteraan,0,
2297,Detik.com,@detikcom,kemenkeu anggaran fungsi pendidikan september tumbuh efektif persen,0,
2298,Media Indonesia,@mediaindonesia,mendikbud nadiem program guru penggerak investasi sdm terbesar,0,
2299,CNBC Indonesia,@cnbcindonesia,pemerintah anggarkan rp triliun kip kuliah tahun,0,
2300,YouTube,Kemdikbud RI,live streaming evaluasi pelaksanaan seleksi kompetensi guru asn pppk,0,
2301,Instagram,@kemdikbud.ri,segera update ponsel dapodik mendapatkan bantuan kuota tahap,0,
2302,Antara News,@antaranews,mendikbudristek sekolah wilayah level boleh buka kapasitas,0,
2303,WhatsApp,Grup Sekolah,hoaks bantuan ponsel samsung gratis kemendikbud september klik link,1,
2304,Facebook,Viral News,hoaks dana pendidikan digunakan menambal defisit perusahaan gas negara,1,
2305,X (Twitter),@PolitikUpdate,viral pejabat kemendikbud gunakan fasilitas negara acara ulang tahun,1,
2306,TikTok,@berita_panas,gawat data nilai ujian siswa nasional dijual forum dark web,1,
2307,Instagram,@cekfakta_id,klarifikasi video nadiem makarim mewajibkan bahasa asing sekolah hoaks,1,
2308,WhatsApp,Forwarded,hoaks pendaftaran beasiswa negeri langsung berangkat tanpa tes,1,
2309,Facebook,Kabar Guru,hoaks tunjangan sertifikasi guru dipotong pajak per september,1,
2310,X (Twitter),@anon_leaks,bocoran anggaran pendidikan indonesia diturunkan demi membangun ikn,1,
2311,CNN Indonesia,@CNNIndonesia,pemerintah pastikan juta orang menerima bantuan kuota internet september,0,
2312,Tempo.co,@tempodotco,mendikbud nadiem ptm terbatas penting mencegah dampak psikologis,0,
2313,Republika,@republikaonline,pemanfaatan aplikasi belajar daring mandiri hemat biaya pengadaan buku,0,
2314,Detik.com,@detikcom,kemendikbudristek klaim efisiensi operasional rp triliun semester ii,0,
2315,Kompas.com,@kompascom,pemerintah dorong inovasi riset kampus skema dana padanan,0,
2316,YouTube,Kabar Pendidikan,review pelaksanaan hari seleksi pppk guru daerah,0,
2317,Media Indonesia,@mediaindonesia,satgas covid-19 klaster ptm terbatas signifikan per september,0,
2318,Instagram,@infomahasiswa,update syarat pengajuan keringanan ukt mahasiswa orang tuanya isoman,0,
2319,WhatsApp,Grup Guru,hoaks guru honorer wajib membayar rp ribu mengambil kartu peserta pppk,1,
2320,Facebook,Berita Viral,hoaks dana bos september macet anggaran dipakai membayar hutang bumn,1,
2321,X (Twitter),@Leak_Indo,terungkap dana pendidikan dipakai membeli perlengkapan kantor import mewah,1,
2322,TikTok,@vlogger_politik,fakta mitos subsidi listrik pendidikan dicabut per oktober,1,
2323,Instagram,@stophoax,fitnah broadcast menang undian smartphone pendidikan kemendikbud,1,
2324,WhatsApp,Forwarded,hoaks link pendaftaran guru membantu digaji juta per bulan pusat,1,
2325,Facebook,Info Beasiswa,hoaks beasiswa unggulan dibuka lulusan tahun,1,
2326,X (Twitter),@RakyatBicara,skandal laptop pendidikan barang rekondisi china,1,
2327,TikTok,@news_update,bahaya aplikasi pedulilindungi menyadap data pribadi siswa guru,1,
2328,WhatsApp,Grup RT,hoaks pembagian sembako gratis penerima kip kantor kelurahan,1,
2329,Facebook,Suara Edukasi,hoaks pemerintah menghapus mapel agama dianggap efisien,1,
2330,Instagram,@faktakonten,hoaks dana riset kampus kecil dihapus demi efisiensi anggaran nasional,1,
2331,Antara News,@antaranews,mendikbudristek sekolah harus prioritaskan dana bos sarana cuci tangan,0,
2332,CNBC Indonesia,@cnbcindonesia,menkeu anggaran pendidikan sebesar rp triliun fokus digitalisasi,0,
2333,Kompas.com,@kompascom,pemerintah beri insentif khusus sekolah berhasil cegah covid-19,0,
2334,Detik.com,@detikcom,program smk pusat keunggulan gunakan dana padanan industri pemerintah,0,
2335,Republika,@republikaonline,kemendikbudristek pantau akuntabilitas dana bosp dashboard,0,
2336,Tempo.co,@tempodotco,efisiensi anggaran kemendikbud hapus biaya sewa ruang rapat hotel,0,
2337,YouTube,Fokus Berita,benarkah laptop pelajar juta mahal simak analisis pakar teknologi,0,
2338,Media Indonesia,@mediaindonesia,kampus merdeka dinilai mampu memangkas masa tunggu lulusan kerja,0,
2339,LinkedIn,Analis Publik,purchasing sekolah efisien dibanding lelang manual,0,
2340,CNN Indonesia,@CNNIndonesia,mendikbud dana abadi pendidikan mencapai rp triliun per september,0,
2341,WhatsApp,Grup Guru,hoaks mulai september guru honorer wajib punya sertifikat vaksin gaji,1,
2342,Facebook,Info Cepat,hoaks ijazah lulusan pjj diakui mendaftar anggota tni polri,1,
2343,X (Twitter),@NetizenNews,berita duka anggaran makan sekolah ditiadakan membayar bunga hutang,1,
2344,TikTok,@edunews_id,gawat laptop kemendikbud menggunakan baterai mudah terbakar,1,
2345,Instagram,@fakta_edu,hoaks mahasiswa melakukan demo ptm langsung dicabut kip,1,
2346,WhatsApp,Forwarded,hoaks link klaim subsidi paket data gb kemdikbud cair september,1,
2347,Facebook,Lowongan Guru,hoaks rekrutmen cpns guru september undangan whatsapp,1,
2348,X (Twitter),@Politik_Indo,viral anggaran perbaikan gedung kemendikbud mencapai miliaran tengah krisis,1,
2349,TikTok,@vlogger_id,fakta tersembunyi dana bos berasal pinjaman bank dunia bunga,1,
2350,Instagram,@cekfakta,klarifikasi informasi biaya admin bantuan ukt rp ribu penipuan,1,
2351,Antara News,@antaranews,kemendikbudristek gelar festival inovasi mahasiswa secara virtual,0,
2352,Kompas.com,@kompascom,nadiem dana bos september dapat digunakan pembelian modul cetak,0,
2353,Detik.com,@detikcom,kemenkeu pastikan pemotongan dana sertifikasi guru tahun,0,
2354,CNBC Indonesia,@cnbcindonesia,pemerintah anggarkan rp triliun dana abadi kebudayaan,0,
2355,Republika,@republikaonline,mendikbudristek guru kunci utama transformasi pendidikan nasional,0,
2356,YouTube,Kemdikbud RI,tutorial sinkronisasi dapodik pencairan bantuan kuota internet,0,
2357,Media Indonesia,@mediaindonesia,efisiensi struktur penghapusan jabatan eselon kemendikbud capai,0,
2358,CNN Indonesia,@CNNIndonesia,kemendikbudristek pastikan dana bos tahap iii cair jadwal,0,
2359,WhatsApp,Grup Sekolah,hoaks uang pangkal sekolah naik mulai september demi membayar pajak apbn,1,
2360,Facebook,Kabar Viral,hoaks mata pelajaran sejarah geografi digabung demi efisiensi kurikulum,1,
2361,X (Twitter),@AnonEdu,dokumen bocor dana pendidikan dipakai membeli jet pribadi pejabat tinggi,1,
2362,TikTok,@berita_edu,hoaks seleksi pppk guru tahap dibatalkan masalah anggaran,1,
2363,Instagram,@faktakita,hoaks dana kip kuliah dialihkan membiayai proyek kereta cepat ikn,1,
2364,WhatsApp,Forwarded,hoaks bantuan uang tunai spesial september rp juta siswa sd sma,1,
2365,Facebook,Suara Rakyat,hoaks menteri nadiem sekolah swasta beban apbn terbesar,1,
2366,X (Twitter),@PolitikUpdate,viral dana publikasi riset mahasiswa digunakan membayar buzzer,1,
2367,TikTok,@vlogger_politik,fakta mitos anggaran pendidikan hilang rp triliun september,1,
2368,Instagram,@stophoax,klarifikasi berita penghapusan tunjangan profesi guru hoaks,1,
2369,WhatsApp,Grup Guru,hoaks guru wajib pasang iklan kemendikbud media sosial pribadi,1,
2370,Facebook,Info Beasiswa,hoaks syarat kip kuliah wajib memiliki tabungan minimal juta,1,
2371,X (Twitter),@RumorKampus,bocoran subsidi kuota internet berlaku provider plat merah,1,
2372,TikTok,@news_update,bahaya sekolah tatap muka trik pemerintah menghabiskan dana bos,1,
2373,Instagram,@fakta_bola,hoaks sertifikat juara nasional diakui masuk universitas,1,
2374,WhatsApp,Grup RT,hoaks sekolah melakukan ptm terbatas dicabut izinnya,1,
2375,Facebook,Info Cepat,hoaks beasiswa kuliah jerman resmi ditutup masalah anggaran,1,
2376,X (Twitter),@Netizen_News,skandal pengadaan buku sekolah berisi promosi partai pejabat berkuasa,1,
2377,TikTok,@berita_panas,berita duka tunjangan khusus guru daerah resmi dihapus selamanya,1,
2378,Instagram,@cekfakta_id,hoaks video nadiem makarim mengatakan guru honorer perlu digaji,1,
2379,WhatsApp,Forwarded,hoaks link subsidi paket data gb kemdikbud cair akhir september,1,
2380,Facebook,Viral Edu,hoaks siswa wajib melampirkan bukti pajak orang tua menerima ijazah,1,
2381,Tempo.co,@tempodotco,kemendikbudristek alokasikan rp triliun beasiswa pendidikan,0,
2382,Kompas.com,@kompascom,nadiem dana bos september dapat digunakan honor guru non asn,0,
2383,Detik.com,@detikcom,kemendikbudristek klaim efisiensi operasional rp triliun tahun,0,
2384,Antara News,@antaranews,pemerintah prioritaskan dana pendidikan penuntasan buta aksara,0,
2385,CNBC Indonesia,@cnbcindonesia,realisasi belanja fungsi pendidikan september mencapai target,0,
2386,Republika,@republikaonline,kemenkeu strategi pemulihan ekonomi pendidikan vokasi efektif,0,
2387,Media Indonesia,@mediaindonesia,mendikbudristek ptm terbatas solusi atasi learning loss,0,
2388,CNN Indonesia,@CNNIndonesia,audit bpk temukan efisiensi pengadaan barang kemendikbudristek,0,
2389,YouTube,Pendidikan Kita,inovasi digitalisasi sekolah mengurangi biaya penggandaan soal ujian,0,
2390,Instagram,@kemdikbud.ri,selamat juta mahasiswa terdaftar penerima ukt september,0,
2391,LinkedIn,Praktisi Edukasi,dampak positif pengalihan anggaran seremonial subsidi riset nasional,0,
2392,Facebook,Kabar Guru,update mengajukan bantuan subsidi upah guru honorer,0,
2393,X (Twitter),@FactChecker,misinformasi foto sertifikat diklat berbayar mengatasnamakan kemendikbud,0,
2394,TikTok,@vlogger_edu,benarkah anggaran laptop mark up cek data harga vendor resmi pemerintah,0,
2395,Instagram,@faktakita,berita gembira pendaftaran bantuan kuota internet tahap dibuka september,0,
2396,Kompas.com,@kompascom,kemendikbudristek umumkan hasil pasca sanggah seleksi pppk guru tahap,0,
2397,Detik.com,@detikcom,nadiem makarim guru honorer resmi lulus menjadi asn pppk,0,
2398,Antara News,@antaranews,pemerintah cairkan bantuan kuota internet tahap oktober,0,
2399,Republika,@republikaonline,efisiensi anggaran kemendikbudristek pangkas biaya distribusi buku fisik modul,0,
2400,CNN Indonesia,@CNNIndonesia,anggaran pendidikan rp fokus kualitas guru infrastruktur,0,
2401,WhatsApp,Grup Warga,hoaks bonus kuota gb hari sumpah pemuda kemendikbud klik bit ly sumpah kuota,1,
2402,Facebook,Kabar Guru,hoaks guru lulus pppk tahap wajib mengundurkan diri bulan,1,
2403,X (Twitter),@PolitikUpdate,viral dana laptop pelajar rp hasil pinjaman berbunga tinggi,1,
2404,Instagram,@faktakita,cek fakta benarkah mahasiswa penerima kip wajib mengikuti upacara jakarta,1,
2405,WhatsApp,Forwarded,hoaks bantuan uang tunai sumpah pemuda rp juta pelajar sd kuliah,1,
2406,Facebook,Info Beasiswa,hoaks pendaftaran lpdp tahap dibatalkan anggaran dialihkan ikn,1,
2407,X (Twitter),@AnonEdu,dokumen palsu tunjangan sertifikasi guru dihapus mulai desember,1,
2408,TikTok,@vlogger_id,gawat laptop merah putih kemendikbud dapat meledak dipakai zoom lama,1,
2409,WhatsApp,Grup Sekolah,hoaks instruksi membeli seragam batik nasional peringatan sumpah pemuda,1,
2410,Facebook,Suara Rakyat,hoaks dana kip kuliah oktober dipotong biaya vaksinasi nasional,1,
2411,X (Twitter),@RumorPolitik,bocoran anggaran pendidikan digunakan mendanai influencer negeri,1,
2412,TikTok,@edunews,hoaks hasil seleksi pppk dapat diubah peserta membayar juta tahap sanggah,1,
2413,Instagram,@stophoax,klarifikasi isu sekolah wajib membayar pajak bangunan tambahan hoaks,1,
2414,WhatsApp,Grup RT,hoaks link pembagian tablet gratis pemerintah anak usia sekolah,1,
2415,Facebook,Info Viral,hoaks nadiem makarim bahasa daerah perlu diajarkan sekolah,1,
2416,Tempo.co,@tempodotco,kemendikbudristek hemat rp miliar digitalisasi laporan keuangan sekolah,0,
2417,Media Indonesia,@mediaindonesia,mendikbud program magang bersertifikat hemat biaya pelatihan industri mahasiswa,0,
2418,CNBC Indonesia,@cnbcindonesia,sri mulyani realisasi anggaran pendidikan oktober capai target apbn,0,
2419,YouTube,Pendidikan TV,sosialisasi arkas mudah input spj dana bos tanpa biaya admin,0,
2420,Liputan6,@liputan6dotcom,kemendikbudristek berikan beasiswa adik pelajar papua daerah,0,
2421,Instagram,@kemdikbud.ri,selamat hari sumpah pemuda berinovasi teknologi pendidikan,0,
2422,Antara News,@antaranews,mendikbudristek sekolah wilayah level diizinkan tambah kapasitas ptm,0,
2423,CNN Indonesia,@CNNIndonesia,kemendikbudristek dorong universitas bentuk satgas pencegahan kekerasan seksual,0,
2424,Republika,@republikaonline,audit bpk penghematan anggaran perjalanan dinas kemendikbud capai persen,0,
2425,Tempo.co,@tempodotco,kemendikbudristek fokuskan dana alokasi umum pembayaran gaji pppk,0,
2426,X (Twitter),@NewsUpdate,berita buruk subsidi listrik kampus dicabut anggaran dialihkan alutsista,1,
2427,TikTok,@vlogger_politik,fakta mitos dana bos dihapus diganti sistem pinjaman sekolah,1,
2428,YouTube,Info Berita,penjelasan pemerintah terkait skema penambahan afirmasi seleksi pppk guru,0,
2429,Antara News,@antaranews,kemendikbudristek klaim program guru penggerak tingkatkan efisiensi kepemimpinan,0,
2430,CNN Indonesia,@CNNIndonesia,mendikbudristek digitalisasi sekolah meminimalkan kebocoran anggaran daerah,0,
2431,Republika,@republikaonline,kemendikbudristek monitor distribusi laptop pelajar aplikasi khusus,0,
2432,Tempo.co,@tempodotco,efisiensi birokrasi kemendikbud pangkas peraturan tumpang tindih,0,
2433,WhatsApp,Grup Alumni,hoaks alumni penerima beasiswa wajib setor dana yayasan tertentu,1,
2434,Facebook,Lowongan Kerja,hoaks lowongan guru tetap yayasan kemendikbud tanpa tes membayar juta,1,
2435,X (Twitter),@CitizenNews,viral dana rehabilitasi sekolah pelosok digunakan acara seremonial,1,
2436,Instagram,@fakta_bola,hoaks anggaran olahraga prestasi pelajar dihapus demi membayar iklan aplikasi,1,
2437,TikTok,@news_tiktok,berita gembira nadiem berikan laptop gratis subscriber hoaks,1,
2438,WhatsApp,Grup Guru,hoaks guru honorer lulus pppk wajib membeli laptop vendor pusat,1,
2439,Facebook,Info Cepat,hoaks ijazah tahun wajib diverifikasi ulang biaya ribu,1,
2440,X (Twitter),@FactChecker,misinformasi berita sekolah tatap muka menyebabkan klaster massal oktober,1,
2441,WhatsApp,Forwarded,hoaks link klaim bantuan kuota gb spesial hari guru pemerintah,1,
2442,Facebook,Kabar Sekolah,hoaks siswa wajib membayar uang vaksinasi sekolah sebesar rp,1,
2443,X (Twitter),@politik_id,skandal dana beasiswa mahasiswa digunakan membeli saham perusahaan asing,1,
2444,TikTok,@vlogger_politik,fakta mitos anggaran pendidikan indonesia terkecil dunia,1,
2445,Instagram,@stophoax,fitnah pesan whatsapp pengangkatan pppk tanpa tes mengatasnamakan bkn,1,
2446,Kompas.com,@kompascom,kemendikbudristek evaluasi ptm terbatas menunjukkan hasil positif,0,
2447,Detik.com,@detikcom,kemenkeu anggaran fungsi pendidikan oktober tumbuh persen secara tahunan,0,
2448,Media Indonesia,@mediaindonesia,mendikbud nadiem platform merdeka mengajar hemat persiapan guru,0,
2449,CNBC Indonesia,@cnbcindonesia,pemerintah siapkan rp triliun dana alokasi khusus pendidikan,0,
2450,YouTube,Kemdikbud RI,live pengumuman seleksi kompetensi tahap guru asn pppk,0,
2451,Instagram,@kemdikbud.ri,gunakan akun belajar id akses fitur pendidikan gratis,0,
2452,Antara News,@antaranews,mendikbudristek sekolah harus prioritaskan dana bos alat tes antigen,0,
2453,WhatsApp,Grup Sekolah,hoaks bantuan ponsel iphone gratis kemendikbud klik link,1,
2454,Facebook,Viral News,hoaks dana pendidikan digunakan menambal defisit perusahaan kereta api,1,
2455,X (Twitter),@PolitikUpdate,viral pejabat pendidikan ketahuan menggunakan dana riset renovasi kantor,1,
2456,TikTok,@berita_panas,gawat data nilai ujian nasional bocor dijual dark web,1,
2457,Instagram,@cekfakta_id,klarifikasi video nadiem makarim menghapus pelajaran sejarah hoaks,1,
2458,WhatsApp,Forwarded,hoaks pendaftaran beasiswa full tanpa seleksi guru honorer,1,
2459,Facebook,Kabar Guru,hoaks tunjangan sertifikasi guru dipotong pajak mulai oktober,1,
2460,X (Twitter),@anon_leaks,bocoran anggaran pendidikan indonesia diturunkan biaya vaksin,1,
2461,CNN Indonesia,@CNNIndonesia,pemerintah pastikan juta siswa menerima bantuan kuota internet oktober,0,
2462,Tempo.co,@tempodotco,mendikbud nadiem ptm terbatas kunci pemulihan pembelajaran,0,
2463,Republika,@republikaonline,pemanfaatan aplikasi perpustakaan digital hemat biaya perawatan buku,0,
2464,Detik.com,@detikcom,kemendikbudristek klaim efisiensi operasional rp triliun kuartal iii,0,
2465,Kompas.com,@kompascom,pemerintah dorong kolaborasi riset kampus industri kedaireka,0,
2466,YouTube,Kabar Pendidikan,review persiapan seleksi pppk guru tahap perlu diperhatikan,0,
2467,Media Indonesia,@mediaindonesia,satgas covid-19 lonjakan klaster ptm wilayah level,0,
2468,Instagram,@infomahasiswa,update syarat keringanan ukt mahasiswa orang tuanya terdampak phk,0,
2469,WhatsApp,Grup Guru,hoaks guru honorer wajib membayar rp validasi nuptk,1,
2470,Facebook,Berita Viral,hoaks dana bos oktober macet anggaran dipakai membayar hutang negeri,1,
2471,X (Twitter),@Leak_Indo,terungkap dana pendidikan dipakai membeli perlengkapan kantor import mewah,1,
2472,TikTok,@vlogger_politik,fakta mitos subsidi buku sekolah diganti iklan berbayar,1,
2473,Instagram,@stophoax,fitnah broadcast menang undian smartphone program digitalisasi sekolah,1,
2474,WhatsApp,Forwarded,hoaks link pendaftaran guru kontrak digaji juta per bulan pusat,1,
2475,Facebook,Info Beasiswa,hoaks beasiswa unggulan dibuka berprestasi media sosial,1,
2476,X (Twitter),@RakyatBicara,skandal laptop pendidikan barang rekondisi tanpa garansi resmi,1,
2477,TikTok,@news_update,bahaya aplikasi belajar id digunakan menyadap data orang tua siswa,1,
2478,WhatsApp,Grup RT,hoaks pembagian tablet gratis anak sd kantor desa besok,1,
2479,Facebook,Suara Edukasi,hoaks pemerintah menghapus mapel seni efisien,1,
2480,Instagram,@faktakonten,hoaks dana riset mahasiswa swasta dihapus demi efisiensi nasional,1,
2481,Antara News,@antaranews,mendikbudristek sekolah harus prioritaskan dana bos kebersihan toilet,0,
2482,CNBC Indonesia,@cnbcindonesia,menkeu anggaran pendidikan sebesar rp triliun fokus kualitas sdm,0,
2483,Kompas.com,@kompascom,pemerintah beri insentif khusus sekolah tertib prokes,0,
2484,Detik.com,@detikcom,program smk pusat keunggulan gunakan skema pembiayaan industri,0,
2485,Republika,@republikaonline,kemendikbudristek pantau akuntabilitas dana bosp sistem digital,0,
2486,Tempo.co,@tempodotco,efisiensi anggaran kemendikbud hapus ratusan pos rapat kantor,0,
2487,YouTube,Fokus Berita,benarkah laptop pelajar juta mahal analisis spesifikasi vs harga pasar,0,
2488,Media Indonesia,@mediaindonesia,kampus merdeka dinilai mampu menekan anggaran magang internal perguruan tinggi,0,
2489,LinkedIn,Analis Publik,purchasing sekolah efisien secara biaya administrasi,0,
2490,CNN Indonesia,@CNNIndonesia,mendikbud dana abadi pendidikan mencapai rp triliun per oktober,0,
2491,WhatsApp,Grup Guru,hoaks mulai oktober guru honorer wajib punya sertifikat digital berbayar,1,
2492,Facebook,Info Cepat,hoaks ijazah lulusan pjj diakui mendaftar cpns pppk,1,
2493,X (Twitter),@NetizenNews,berita duka anggaran makan sekolah ditiadakan membayar bunga utang ikn,1,
2494,TikTok,@edunews_id,gawat laptop kemendikbud dilengkapi sensor kamera dapat dimatikan,1,
2495,Instagram,@fakta_edu,hoaks mahasiswa mengkritik ptm langsung dicabut kip,1,
2496,WhatsApp,Forwarded,hoaks link klaim subsidi paket data gb kemdikbud cair oktober,1,
2497,Facebook,Lowongan Guru,hoaks rekrutmen cpns guru oktober jalur khusus orang,1,
2498,X (Twitter),@Politik_Indo,viral anggaran perbaikan gedung kemendikbud mencapai miliaran masa pandemi,1,
2499,TikTok,@vlogger_id,fakta tersembunyi dana bos berasal pinjaman bank dunia tanpa jaminan,1,
2500,Instagram,@cekfakta,klarifikasi informasi biaya pendaftaran beasiswa unggulan rp ribu penipuan,1,
2501,Antara News,@antaranews,kemendikbudristek gelar pekan kebudayaan nasional secara virtual,0,
2502,Kompas.com,@kompascom,nadiem dana bos oktober dapat digunakan pembelian modem sekolah,0,
2503,Detik.com,@detikcom,kemenkeu pastikan pemotongan tunjangan guru tahun,0,
2504,CNBC Indonesia,@cnbcindonesia,pemerintah anggarkan rp triliun dana abadi kebudayaan,0,
2505,Republika,@republikaonline,mendikbudristek guru garda terdepan transformasi pendidikan,0,
2506,YouTube,Kemdikbud RI,tutorial sinkronisasi dapodik pencairan dana bos tahap akhir,0,
2507,Media Indonesia,@mediaindonesia,efisiensi struktur penghapusan jabatan fungsional kemendikbud capai,0,
2508,CNN Indonesia,@CNNIndonesia,kemendikbudristek pastikan dana bos tahap iii cair target,0,
2509,WhatsApp,Grup Sekolah,hoaks uang pangkal sekolah naik mulai oktober demi membayar pajak alutsista,1,
2510,Facebook,Kabar Viral,hoaks mata pelajaran olahraga seni digabung demi efisiensi anggaran,1,
2511,X (Twitter),@AnonEdu,dokumen bocor dana pendidikan dipakai membeli koleksi barang antik pejabat,1,
2512,TikTok,@berita_edu,hoaks seleksi pppk guru tahap dibatalkan selamanya krisis anggaran,1,
2513,Instagram,@faktakita,hoaks dana kip kuliah dialihkan membiayai proyek kereta cepat ikn,1,
2514,WhatsApp,Forwarded,hoaks bantuan uang tunai sumpah pemuda rp juta siswa sd sma,1,
2515,Facebook,Suara Rakyat,hoaks menteri nadiem sekolah swasta beban keuangan negara,1,
2516,X (Twitter),@PolitikUpdate,viral dana publikasi riset mahasiswa digunakan membayar jasa buzzer,1,
2517,TikTok,@vlogger_politik,fakta mitos anggaran pendidikan hilang rp triliun oktober,1,
2518,Instagram,@stophoax,klarifikasi berita penghapusan mata pelajaran kewirausahaan hoaks,1,
2519,WhatsApp,Grup Guru,hoaks guru wajib beriklan produk pemerintah status whatsapp,1,
2520,Facebook,Info Beasiswa,hoaks syarat kip kuliah wajib memiliki saldo tabungan minimal juta,1,
2521,X (Twitter),@RumorKampus,bocoran subsidi kuota internet berlaku provider tertentu oktober,1,
2522,TikTok,@news_update,bahaya ptm terbatas trik memaksa siswa membeli laptop,1,
2523,Instagram,@fakta_bola,hoaks sertifikat juara daerah diakui masuk jalur prestasi,1,
2524,WhatsApp,Grup RT,hoaks sekolah melakukan upacara sumpah pemuda ditutup,1,
2525,Facebook,Info Cepat,hoaks beasiswa kuliah australia resmi ditutup masalah anggaran,1,
2526,Tempo.co,@tempodotco,kemendikbudristek alokasikan rp triliun beasiswa pendidikan,0,
2527,Kompas.com,@kompascom,nadiem dana bos oktober dapat digunakan honor operator dapodik,0,
2528,Detik.com,@detikcom,kemendikbudristek klaim efisiensi operasional rp triliun per oktober,0,
2529,Antara News,@antaranews,pemerintah prioritaskan dana pendidikan pengurangan angka putus sekolah,0,
2530,CNBC Indonesia,@cnbcindonesia,realisasi belanja fungsi pendidikan oktober mencapai target,0,
2531,Republika,@republikaonline,kemenkeu investasi sektor vokasi efektif tingkatkan ekonomi,0,
2532,Media Indonesia,@mediaindonesia,mendikbudristek ptm terbatas dievaluasi minggu,0,
2533,CNN Indonesia,@CNNIndonesia,audit bpk temukan efisiensi pengadaan alat lab kemendikbudristek,0,
2534,YouTube,Pendidikan Kita,inovasi digitalisasi sekolah mengurangi biaya pengadaan alat peraga fisik,0,
2535,Instagram,@kemdikbud.ri,selamat juta mahasiswa terdaftar penerima ukt oktober,0,
2536,LinkedIn,Praktisi Edukasi,dampak positif pengalihan anggaran seminar subsidi kuota siswa,0,
2537,Facebook,Kabar Guru,update mengajukan pencairan bantuan subsidi upah guru semester,0,
2538,X (Twitter),@FactChecker,misinformasi foto sertifikat pelatihan berbayar mencatut logo kemendikbud,0,
2539,TikTok,@vlogger_edu,benarkah anggaran laptop mark up cek faktanya laman resmi pemerintah,0,
2540,Instagram,@faktakita,berita gembira pendaftaran bantuan kuota internet tahap cair oktober,0,
2541,Kompas.com,@kompascom,kemendikbudristek seleksi pppk guru tahap dimulai akhir november,0,
2542,Detik.com,@detikcom,nadiem makarim hari guru nasional jadi momentum kebangkitan pendidikan,0,
2543,Antara News,@antaranews,pemerintah salurkan kuota internet tahap terakhir november,0,
2544,Republika,@republikaonline,efisiensi anggaran kemendikbudristek gunakan platform digital lomba siswa,0,
2545,CNN Indonesia,@CNNIndonesia,kemendikbudristek anggaran perjalanan dinas berhasil dihemat rp triliun,0,
2546,WhatsApp,Grup Warga,hoaks subsidi pulsa rb hari guru kemendikbud klik bit ly hgn kuota,1,
2547,Facebook,Kabar Guru,hoaks guru honorer otomatis lulus pppk tahap tanpa ujian kado hgn,1,
2548,X (Twitter),@PolitikUpdate,viral dana pendidikan triliunan digunakan membeli jet pribadi pejabat,1,
2549,Instagram,@faktakita,cek fakta benarkah libur sekolah desember dihapus total selamanya,1,
2550,WhatsApp,Forwarded,hoaks link bantuan sosial pendidikan rp juta cair november,1,
2551,Facebook,Info Beasiswa,hoaks beasiswa lpdp ditutup jurusan sosial demi efisiensi anggaran,1,
2552,X (Twitter),@AnonEdu,dokumen palsu gaji guru pppk dipotong biaya penanganan covid-19,1,
2553,TikTok,@vlogger_id,gawat laptop merah putih mengandung perangkat penyadapan suara,1,
2554,WhatsApp,Grup Sekolah,hoaks instruksi membeli seragam olahraga tahun ajaran pusat,1,
2555,Facebook,Suara Rakyat,hoaks mahasiswa kip kuliah wajib mengembalikan dana ipk,1,
2556,Tempo.co,@tempodotco,kemendikbudristek hemat rp miliar peralihan rapat luring daring,0,
2557,Media Indonesia,@mediaindonesia,mendikbud bantuan ukt terserap mahasiswa terdampak pandemi,0,
2558,CNBC Indonesia,@cnbcindonesia,sri mulyani realisasi belanja pendidikan november capai puncak efektivitas,0,
2559,YouTube,Pendidikan TV,strategi siplah memastikan belanja sekolah transparan hemat anggaran,0,
2560,Liputan6,@liputan6dotcom,kemendikbudristek luncurkan program kampus mengajar angkatan,0,
2561,WhatsApp,Grup Guru,hoaks mulai november guru wajib melapor harta kekayaan pribadi dapodik,1,
2562,Facebook,Info Viral,hoaks nadiem makarim siswa boleh masuk sekolah punya ponsel,1,
2563,X (Twitter),@NewsUpdate,berita buruk dana riset dosen ditiadakan demi membayar hutang negara,1,
2564,TikTok,@edunews,hoaks hasil ujian pppk tahap dibatalkan sepihak kemendikbud,1,
2565,Instagram,@stophoax,klarifikasi berita sekolah wajib membeli proyek laptop menyesatkan,1,
2566,WhatsApp,Forwarded,hoaks subsidi laptop gratis november link bit ly bantuan laptop nov,1,
2567,Facebook,Kabar Sekolah,hoaks orang tua siswa wajib membayar biaya pemeliharaan gedung indomaret,1,
2568,X (Twitter),@politik_id,skandal dana sertifikasi guru disalahgunakan kampanye partai tertentu,1,
2569,TikTok,@vlogger_politik,fakta mitos anggaran pendidikan dialihkan pembangunan sirkuit,1,
2570,YouTube,Info Berita,penjelasan resmi kemendikbud terkait syarat seleksi pppk tahap,0,
2571,Antara News,@antaranews,kemendikbudristek dana bos dapat digunakan biaya prokes selama ptm,0,
2572,CNN Indonesia,@CNNIndonesia,mendikbudristek sekolah wilayah level tetap dapat ptm terbatas,0,
2573,Republika,@republikaonline,audit kinerja pengadaan barang digital sekolah hemat anggaran daerah,0,
2574,Tempo.co,@tempodotco,kemendikbudristek pangkas birokrasi penyaluran tunjangan guru cepat,0,
2575,WhatsApp,Grup Alumni,hoaks penerima beasiswa lulus wajib mengabdi tanpa gaji ikn,1,
2576,Facebook,Lowongan Kerja,hoaks rekrutmen staf honorer kemendikbud tanpa ijazah gaji juta per bulan,1,
2577,X (Twitter),@CitizenNews,viral atap sekolah ambruk tengah hujan dana renovasi disunat pejabat,1,
2578,Instagram,@fakta_bola,hoaks anggaran lomba olahraga siswa nasional dihapus selamanya krisis,1,
2579,TikTok,@news_tiktok,berita gembira pemerintah beri juta per mahasiswa libur akhir tahun,1,
2580,WhatsApp,Grup RT,hoaks link bantuan sosial pendidikan khusus anak yatim kemendikbud,1,
2581,Facebook,Info Cepat,hoaks guru non sertifikasi diperbolehkan mengajar mulai januari,1,
2582,X (Twitter),@FactChecker,misinformasi isu laptop merah putih dapat menjalankan aplikasi office,0,
2583,Kompas.com,@kompascom,kemendikbudristek resmikan program pertukaran mahasiswa merdeka batch,0,
2584,Detik.com,@detikcom,kemenkeu pastikan dana abadi pendidikan ditambah rp triliun,0,
2585,Media Indonesia,@mediaindonesia,digitalisasi pendidikan mampu memangkas biaya operasional sekolah,0,
2586,CNBC Indonesia,@cnbcindonesia,pemerintah siapkan tambahan anggaran kip kuliah mahasiswa semester,0,
2587,YouTube,Kemdikbud RI,sosialisasi perpanjangan bantuan kuota data internet periode november,0,
2588,Instagram,@kemdikbud.ri,selamat hari guru nasional bergerak hati pulihkan pendidikan,0,
2589,Antara News,@antaranews,mendikbudristek kurikulum merdeka belajar memberi kebebasan finansial sekolah,0,
2590,WhatsApp,Grup Berita,hoaks pemerintah tarik bantuan ponsel anggaran defisit,1,
2591,Facebook,Viral News,hoaks dana pendidikan digunakan membayar hutang perusahaan swasta,1,
2592,X (Twitter),@PolitikUpdate,viral pejabat kemendikbud ketahuan liburan pakai fasilitas dana hibah riset,1,
2593,TikTok,@berita_panas,gawat database guru se indonesia bocor dijual forum peretas rusia,1,
2594,Instagram,@cekfakta_id,klarifikasi video guru dipecat vaksin booster berita palsu,1,
2595,WhatsApp,Forwarded,hoaks pendaftaran beasiswa full tanpa seleksi bulan november,1,
2596,Facebook,Kabar Guru,hoaks tunjangan fungsional guru dihapus mulai desember demi efisiensi,1,
2597,X (Twitter),@anon_leaks,bocoran anggaran sertifikasi guru dialihkan proyek bendungan,1,
2598,CNN Indonesia,@CNNIndonesia,pemerintah pastikan anggaran kip kuliah mencapai rp triliun,0,
2599,Tempo.co,@tempodotco,mendikbud nadiem program kampus mengajar efektif membantu guru daerah,0,
2600,Republika,@republikaonline,pemanfaatan rapor hemat anggaran percetakan nasional miliaran rupiah,0,
2601,Detik.com,@detikcom,kemendikbudristek sederhanakan struktur birokrasi efisiensi anggaran,0,
2602,Kompas.com,@kompascom,pemerintah dorong ptn menjadi bhmn mandiri secara finansial,0,
2603,YouTube,Kabar Pendidikan,review kebijakan bantuan ukt mahasiswa tengah masa pandemi november,0,
2604,Media Indonesia,@mediaindonesia,satgas covid-19 vaksinasi guru capai target per november,0,
2605,Instagram,@infomahasiswa,update mengajukan keringanan ukt aplikasi portal kampus,0,
2606,WhatsApp,Grup Sekolah,hoaks siswa divaksin dosis mendapat kuota internet,1,
2607,Facebook,Berita Viral,hoaks dana bos november cair dipakai membayar gaji pegawai magang,1,
2608,X (Twitter),@Leak_Indo,terungkap dana pendidikan dipakai membangun fasilitas mewah ibu kota,1,
2609,TikTok,@vlogger_politik,fakta mitos pajak pendidikan dipungut potongan pulsa,1,
2610,Instagram,@stophoax,fitnah broadcast menang undian beasiswa kemendikbud rp juta,1,
2611,Antara News,@antaranews,kemendikbudristek sediakan oksigen konsentrator rs pendidikan,0,
2612,CNN Indonesia,@CNNIndonesia,mendikbudristek dana bos dapat digunakan biaya isoman tenaga pendidik,0,
2613,Republika,@republikaonline,audit bpk penyerapan anggaran kemendikbud semester ii berjalan baik,0,
2614,Tempo.co,@tempodotco,kemendikbudristek efisiensi anggaran perjalanan dinas dana darurat,0,
2615,WhatsApp,Grup Alumni,hoaks penerima kip kuliah dicabut haknya melakukan kritik sosial,1,
2616,Facebook,Lowongan Kerja,hoaks rekrutmen cpns guru jalur orang membayar juta,1,
2617,X (Twitter),@CitizenNews,viral atap gedung kampus roboh dana pembangunan digunakan pesta,1,
2618,Instagram,@fakta_bola,hoaks anggaran lomba seni pelajar dihapus demi membayar iklan pejabat,1,
2619,TikTok,@news_update,berita buruk guru honorer gagal pppk digaji per desember,1,
2620,WhatsApp,Grup RT,hoaks link bantuan sosial pendidikan khusus anak yatim pemerintah,1,
2621,Facebook,Info Cepat,hoaks guru non sertifikasi wajib mengikuti tes ulang mulai januari,1,
2622,X (Twitter),@FactChecker,misinformasi isu laptop merah putih memiliki garansi resmi pemerintah,0,
2623,Kompas.com,@kompascom,kemendikbudristek resmikan program magang merdeka batch,0,
2624,Detik.com,@detikcom,kemenkeu pastikan dana abadi kebudayaan mencapai rp triliun,0,
2625,Media Indonesia,@mediaindonesia,digitalisasi arsip pendidikan mampu memangkas biaya operasional birokrasi,0,
2626,CNBC Indonesia,@cnbcindonesia,pemerintah siapkan anggaran penanganan covid-19 realokasi dana seremonial,0,
2627,YouTube,Kemdikbud RI,sosialisasi pencairan dana bos tahap periode november,0,
2628,Instagram,@kemdikbud.ri,gunakan aplikasi arkas pelaporan dana bos transparan,0,
2629,Antara News,@antaranews,mendikbudristek kurikulum darurat membantu guru selama masa ptm,0,
2630,WhatsApp,Grup Berita,hoaks pemerintah mengambil alih sekolah swasta per januari,1,
2631,Facebook,Viral News,hoaks dana pendidikan digunakan membiayai pembuatan film pejabat,1,
2632,X (Twitter),@PolitikUpdate,viral dana beasiswa mahasiswa negeri dipangkas demi membeli mobil dinas,1,
2633,TikTok,@berita_panas,gawat sertifikasi guru tahun berlaku lulus pppk,1,
2634,Instagram,@cekfakta_id,klarifikasi berita nadiem makarim menghapus mata pelajaran sejarah palsu,1,
2635,WhatsApp,Forwarded,hoaks pendaftaran relawan pendidikan digaji juta per bulan pusat,1,
2636,Facebook,Kabar Guru,hoaks tunjangan anak istri guru dihapus per november demi efisiensi apbn,1,
2637,X (Twitter),@anon_leaks,bocoran dana pendidikan apbn dipangkas menjadi tahun,1,
2638,CNN Indonesia,@CNNIndonesia,pemerintah pastikan anggaran kip kuliah disalurkan tanpa potongan biaya,0,
2639,Tempo.co,@tempodotco,mendikbud nadiem program guru penggerak tingkatkan kualitas kepemimpinan,0,
2640,Republika,@republikaonline,pemanfaatan platform digital hemat biaya sosialisasi kurikulum nasional,0,
2641,Detik.com,@detikcom,kemendikbudristek sederhanakan pelaporan dana bos sistem elektronik,0,
2642,Kompas.com,@kompascom,pemerintah dorong ptn menjadi pusat inovasi global anggaran riset,0,
2643,YouTube,Kabar Pendidikan,review kebijakan seleksi pppk tahap strategi lulus guru honorer,0,
2644,Media Indonesia,@mediaindonesia,satgas covid-19 klaster sekolah luas per november,0,
2645,Instagram,@infomahasiswa,update syarat penerima bantuan ukt mahasiswa periode ganjil,0,
2646,WhatsApp,Grup Sekolah,hoaks siswa wajib melampirkan bukti pajak orang tua dapat kuota,1,
2647,Facebook,Berita Viral,hoaks dana bos dibatalkan anggaran dialihkan proyek tol,1,
2648,X (Twitter),@Leak_Indo,terungkap dana pendidikan dipakai membeli software pengintai rakyat,1,
2649,TikTok,@vlogger_politik,fakta mitos subsidi buku pelajaran dihapus mulai tahun,1,
2650,Instagram,@stophoax,fitnah pesan singkat pemenang hadiah laptop gratis kemendikbud,1,
2651,Antara News,@antaranews,mendikbudristek sekolah harus prioritaskan dana bos alat cuci tangan,0,
2652,CNBC Indonesia,@cnbcindonesia,menkeu anggaran pendidikan sebesar rp triliun tetap konsisten,0,
2653,Kompas.com,@kompascom,pemerintah beri insentif guru honorer wilayah terdampak bencana,0,
2654,Detik.com,@detikcom,program smk pusat keunggulan gunakan dana padanan industri pemerintah,0,
2655,Republika,@republikaonline,kemendikbudristek pantau penggunaan dana bos secara real time dashboard,0,
2656,Tempo.co,@tempodotco,efisiensi anggaran kemendikbud hilangkan biaya sewa ballroom hotel,0,
2657,YouTube,Fokus Berita,benarkah laptop pelajar murah perbandingan spesifikasi resmi pemerintah,0,
2658,Media Indonesia,@mediaindonesia,kampus merdeka dinilai mampu memangkas masa tunggu lulusan mencari kerja,0,
2659,LinkedIn,Analis Publik,digitalisasi sekolah mengurangi biaya pengadaan fisik tahunan,0,
2660,CNN Indonesia,@CNNIndonesia,mendikbud dana abadi pendidikan mencapai rp triliun per november,0,
2661,WhatsApp,Grup Guru,hoaks guru wajib membeli buku biografi pejabat menggunakan dana pribadi,1,
2662,Facebook,Info Cepat,hoaks ijazah lulusan berlaku daftar cpns kementerian,1,
2663,X (Twitter),@NetizenNews,berita duka anggaran pendidikan dipangkas membayar denda internasional,1,
2664,TikTok,@edunews_id,gawat chip laptop kemendikbud dapat mengatur pikiran penggunanya,1,
2665,Instagram,@fakta_edu,hoaks mahasiswa ikut organisasi terlarang langsung dicabut kip,1,
2666,WhatsApp,Forwarded,hoaks link klaim bantuan biaya sekolah rp juta cair akhir november,1,
2667,Facebook,Lowongan Guru,hoaks rekrutmen pegawai honorer pusat tanpa seleksi membayar juta,1,
2668,X (Twitter),@Politik_Indo,viral anggaran pembangunan perpustakaan dialihkan tim media sosial pejabat,1,
2669,TikTok,@vlogger_id,fakta tersembunyi dana bos berasal hasil penjualan aset negara,1,
2670,Instagram,@cekfakta,klarifikasi informasi biaya admin kip kuliah rp ribu bentuk penipuan,1,
2671,Antara News,@antaranews,kemendikbudristek luncurkan seri webinar guru belajar selama masa ptm,0,
2672,Kompas.com,@kompascom,nadiem dana bos november dapat digunakan pembelian pulsa guru,0,
2673,Detik.com,@detikcom,kemenkeu realisasi bantuan kuota internet november capai target,0,
2674,CNBC Indonesia,@cnbcindonesia,pemerintah siapkan rp triliun belanja pendidikan pusat,0,
2675,Republika,@republikaonline,mendikbudristek dorong universitas bangun pusat inovasi riset mandiri,0,
2676,YouTube,Kemdikbud RI,panduan sinkronisasi data pencairan tunjangan guru november,0,
2677,Media Indonesia,@mediaindonesia,efisiensi birokrasi penggabungan unit kerja hemat operasional miliaran,0,
2678,CNN Indonesia,@CNNIndonesia,kemendikbudristek pastikan dana bosp november cair tepat,0,
2679,WhatsApp,Grup Sekolah,hoaks uang gedung sekolah tetap membayar penuh ptm terbatas,1,
2680,Facebook,Kabar Viral,hoaks mata pelajaran bahasa indonesia diganti bahasa mandarin mulai januari,1,
2681,X (Twitter),@AnonEdu,dokumen bocor dana pendidikan dipakai membeli mobil mewah menteri,1,
2682,TikTok,@berita_edu,hoaks pendaftaran pppk guru tahap dibatalkan selamanya mulai november,1,
2683,Instagram,@faktakita,hoaks dana kip kuliah dipotong biaya registrasi rp ribu bank,1,
2684,WhatsApp,Forwarded,hoaks bantuan tunai mahasiswa akhir rp juta kemdikbud cair besok,1,
2685,Facebook,Suara Rakyat,hoaks menteri nadiem lulusan perguruan tinggi perlu jadi pns,1,
2686,X (Twitter),@PolitikUpdate,viral dana buku sekolah digunakan membayar jasa influencer politik,1,
2687,TikTok,@vlogger_politik,fakta mitos anggaran pendidikan indonesia diambil alih bank dunia,1,
2688,Instagram,@stophoax,klarifikasi berita gaji guru pppk diambil dana desa fitnah,1,
2689,WhatsApp,Grup Guru,hoaks guru wajib beriklan produk tertentu sertifikasi cair,1,
2690,Antara News,@antaranews,kemendikbudristek luncurkan modul pjj semester genap awal,0,
2691,Kompas.com,@kompascom,kemendikbudristek umumkan hasil seleksi kompetensi pppk guru tahap,0,
2692,Detik.com,@detikcom,nadiem makarim ribu guru honorer tambahan lulus seleksi pppk tahap,0,
2693,Antara News,@antaranews,pemerintah sesuaikan aturan libur sekolah nataru cegah klaster,0,
2694,Republika,@republikaonline,efisiensi anggaran kemendikbudristek capai realisasi akhir tahun,0,
2695,CNN Indonesia,@CNNIndonesia,kemendikbudristek teken kerja transformasi digital google cloud,0,
2696,WhatsApp,Grup Warga,hoaks bonus akhir tahun rp juta kemendikbud pemegang kartu kip,1,
2697,Facebook,Kabar Guru,hoaks peserta lulus tahap pppk guru langsung diangkat januari,1,
2698,X (Twitter),@PolitikUpdate,viral dana pendidikan rp triliun bocor proyek fiktif negeri,1,
2699,Instagram,@faktakita,cek fakta benarkah siswa wajib vaksin booster syarat mengambil raport,1,
2700,WhatsApp,Forwarded,hoaks link subsidi paket data gb akhir tahun pemerintah bit ly kuota des,1,
2701,Facebook,Info Beasiswa,hoaks beasiswa negeri dihapus tahun demi pembiayaan ibu kota,1,
2702,X (Twitter),@AnonEdu,dokumen palsu kemendikbud pangkas libur semester menjadi hari,1,
2703,TikTok,@vlogger_id,gawat laptop merah putih dapat digunakan tanpa koneksi internet,1,
2704,WhatsApp,Grup Sekolah,hoaks sekolah wajib mengumpulkan dana sumbangan tahun dinas pendidikan,1,
2705,Facebook,Suara Rakyat,hoaks dana kip kuliah desember hangus dicairkan tanggal,1,
2706,Tempo.co,@tempodotco,kemendikbudristek hemat rp miliar audit internal pengadaan barang,0,
2707,Media Indonesia,@mediaindonesia,mendikbud nadiem program kampus merdeka berhasil serap ribu mahasiswa,0,
2708,CNBC Indonesia,@cnbcindonesia,sri mulyani anggaran pendidikan rp triliun disetujui dpr,0,
2709,YouTube,Pendidikan TV,evaluasi arkas pelaporan dana bos kini akurat efisien,0,
2710,Liputan6,@liputan6dotcom,kemendikbudristek pastikan seleksi pppk guru tahap dibuka awal,0,
2711,WhatsApp,Grup Guru,hoaks guru honorer lulus pppk wajib setor gaji panitia,1,
2712,Facebook,Info Viral,hoaks nadiem makarim ujian sekolah tahun dihapuskan,1,
2713,X (Twitter),@NewsUpdate,berita buruk anggaran guru garis dihapus demi membayar bunga utang,1,
2714,TikTok,@edunews,hoaks video nadiem makarim mengatakan ijazah penting kerja,1,
2715,Instagram,@stophoax,klarifikasi informasi pemotongan dana sertifikasi guru akhir tahun hoaks,1,
2716,YouTube,Kemdikbud RI,pidato akhir tahun mendikbudristek capaian merdeka belajar sepanjang,0,
2717,Antara News,@antaranews,kemendikbudristek dorong percepatan vaksinasi anak usia tahun,0,
2718,CNN Indonesia,@CNNIndonesia,kemendikbudristek raih opini wtp bpk laporan keuangan,0,
2719,Republika,@republikaonline,optimalisasi dak fisik ruang kelas berhasil direhabilitasi tahun,0,
2720,Tempo.co,@tempodotco,kemendikbudristek pangkas biaya operasional kantor pusat,0,
2721,X (Twitter),@CitizenNews,viral gedung sekolah ambruk liburan material murahan,1,
2722,TikTok,@vlogger_politik,fakta mitos subsidi buku pelajaran dikenakan pajak,1,
2723,YouTube,Info Berita,tutorial pengajuan sanggah hasil seleksi pppk guru tahap,0,
2724,Antara News,@antaranews,mendikbudristek dana bos dikirim langsung rekening sekolah,0,
2725,CNN Indonesia,@CNNIndonesia,pemerintah pastikan guru daerah terpencil tetap menerima tunjangan khusus,0,
2726,Republika,@republikaonline,efisiensi anggaran penyaluran kuota internet desember berakhir jadwal,0,
2727,Tempo.co,@tempodotco,kemendikbudristek hapus aplikasi tumpang tindih demi efisiensi server,0,
2728,WhatsApp,Grup Alumni,hoaks data alumni penerima beasiswa bocor disalahgunakan pinjol,1,
2729,Facebook,Lowongan Kerja,hoaks penerimaan pegawai kontrak kemendikbud tanpa tes mengirim sms,1,
2730,X (Twitter),@RumorPolitik,bocoran anggaran pendidikan akhir tahun banyak dipakai seremonial mewah,1,
2731,Instagram,@fakta_bola,hoaks anggaran tim olahraga sekolah dicabut demi membeli lisensi game online,1,
2732,TikTok,@news_tiktok,berita gembira nadiem beri saldo wallet rb kado natal hoaks,1,
2733,WhatsApp,Grup Guru,hoaks guru sertifikasi wajib mengikuti ujian ulang tahun mulai,1,
2734,Facebook,Info Cepat,hoaks ijazah lulusan wajib diganti versi digital berbayar,1,
2735,X (Twitter),@FactChecker,misinformasi foto sertifikat vaksin syarat mutlak kenaikan kelas,1,
2736,Kompas.com,@kompascom,kemendikbudristek luncurkan kurikulum prototipe pilihan tahun,0,
2737,Detik.com,@detikcom,kemenkeu pastikan gaji guru pppk masuk anggaran,0,
2738,Media Indonesia,@mediaindonesia,digitalisasi pendidikan membantu hemat anggaran penggandaan soal ujian nasional,0,
2739,CNBC Indonesia,@cnbcindonesia,realisasi belanja fungsi pendidikan desember capai target tertinggi tahun,0,
2740,Instagram,@kemdikbud.ri,selamat berlibur nataru tetap jaga protokol kesehatan berkerumun,0,
2741,WhatsApp,Grup Berita,hoaks link pendaftaran beasiswa full bulan desember tanpa ipk,1,
2742,Facebook,Viral News,hoaks dana pendidikan rp triliun hilang tanpa jejak audit rahasia,1,
2743,X (Twitter),@PolitikUpdate,viral pejabat pendidikan ketahuan menggunakan dana riset membeli properti,1,
2744,TikTok,@berita_panas,gawat data dapodik nasional terhapus serangan ransomware,1,
2745,Instagram,@cekfakta_id,klarifikasi informasi libur sekolah hari bulan desember palsu,1,
2746,Antara News,@antaranews,mendikbudristek sekolah boleh gunakan dana bos membeli alat kebersihan,0,
2747,CNN Indonesia,@CNNIndonesia,pemerintah siapkan rp triliun kip kuliah sepanjang tahun,0,
2748,Tempo.co,@tempodotco,mendikbud nadiem program organisasi penggerak berhasil jangkau daerah,0,
2749,Republika,@republikaonline,pemanfaatan platform merdeka mengajar memangkas biaya pelatihan guru,0,
2750,Detik.com,@detikcom,kemendikbudristek klaim efisiensi operasional rp triliun selama,0,
2751,WhatsApp,Forwarded,hoaks subsidi laptop asus gratis kemdikbud klik bit ly laptop gratis des,1,
2752,Facebook,Kabar Guru,hoaks tunjangan sertifikasi guru dipotong pajak akhir tahun,1,
2753,X (Twitter),@anon_leaks,bocoran anggaran pendidikan indonesia dipotong demi biaya kampanye,1,
2754,TikTok,@vlogger_politik,fakta mitos dana pendidikan hilang rp triliun bulan desember,1,
2755,Instagram,@stophoax,fitnah pesan whatsapp berisi link pendaftaran relawan pendidikan bergaji,1,
2756,Kompas.com,@kompascom,kemendikbudristek dorong smk fokus pengembangan start up siswa,0,
2757,Media Indonesia,@mediaindonesia,satgas covid-19 vaksinasi anak tahun dukung ptm tahun,0,
2758,Instagram,@infomahasiswa,update cek status pencairan kip kuliah semester ganjil akhir tahun,0,
2759,YouTube,Kabar Pendidikan,review hasil akhir seleksi pppk tahap banyak guru honorer sujud syukur,0,
2760,CNBC Indonesia,@cnbcindonesia,sri mulyani investasi pendidikan kunci pertumbuhan ekonomi,0,
2761,WhatsApp,Grup Sekolah,hoaks siswa wajib membayar biaya administrasi pengambilan ijazah rp ribu,1,
2762,Facebook,Berita Viral,hoaks dana bos tahap akhir macet anggaran dipakai membayar utang,1,
2763,X (Twitter),@Leak_Indo,terungkap dana pendidikan dipakai membeli perlengkapan kantor import mewah,1,
2764,TikTok,@news_update,bahaya ptm trik pemerintah menghentikan subsidi kuota,1,
2765,Instagram,@fakta_edu,hoaks mahasiswa melakukan vaksinasi dicabut kip,1,
2766,Antara News,@antaranews,kemendikbudristek resmikan program beasiswa pendidikan indonesia tahun,0,
2767,CNN Indonesia,@CNNIndonesia,mendikbud dana abadi kebudayaan rp triliun mulai dioperasikan tahun,0,
2768,Republika,@republikaonline,audit bpk penyerapan anggaran pendidikan vokasi mencapai target,0,
2769,Tempo.co,@tempodotco,kemendikbudristek efisiensi anggaran pengurangan rapat kota,0,
2770,Detik.com,@detikcom,kemenkeu anggaran pendidikan tetap menjadi prioritas utama apbn,0,
2771,WhatsApp,Grup RT,hoaks link pembagian paket sembako gratis keluarga pemegang kip,1,
2772,Facebook,Suara Edukasi,hoaks pemerintah menghapus mapel sejarah nasional mulai januari,1,
2773,X (Twitter),@CitizenNews,viral dana beasiswa mahasiswa mampu digunakan renovasi rumah,1,
2774,Instagram,@faktakonten,hoaks dana riset kampus swasta dihapus total demi efisiensi nasional,1,
2775,TikTok,@edunews_id,gawat chip laptop pelajar dapat meledak terkena suhu panas,1,
2776,Kompas.com,@kompascom,kemendikbudristek salurkan bantuan subsidi upah juta guru honorer,0,
2777,Media Indonesia,@mediaindonesia,efisiensi birokrasi penggabungan unit pelaksana teknis hemat miliaran,0,
2778,Instagram,@kemdikbud.ri,panduan menggunakan platform merdeka mengajar guru,0,
2779,YouTube,Fokus Berita,benarkah anggaran laptop pelajar mark up cek data harga vendor resmi,0,
2780,LinkedIn,Analis Publik,digitalisasi pendidikan mengurangi biaya distribusi tahunan,0,
2781,WhatsApp,Forwarded,hoaks link klaim subsidi uang saku pelajar rp juta kemdikbud,1,
2782,Facebook,Lowongan Guru,hoaks rekrutmen cpns guru undangan whatsapp langsung lulus,1,
2783,X (Twitter),@Politik_Indo,viral anggaran pembangunan perpustakaan dipakai membayar jasa buzzer,1,
2784,TikTok,@vlogger_id,fakta tersembunyi dana bos berasal hasil penjualan aset negara,1,
2785,Instagram,@cekfakta,klarifikasi informasi biaya admin bantuan ukt rp ribu penipuan,1,
2786,Antara News,@antaranews,kemendikbudristek gelar malam puncak apresiasi pendidikan vokasi,0,
2787,Kompas.com,@kompascom,nadiem dana bos desember dapat digunakan pembelian modul cetak,0,
2788,Detik.com,@detikcom,kemenkeu pastikan pemotongan tunjangan guru tahun,0,
2789,CNBC Indonesia,@cnbcindonesia,pemerintah anggarkan rp triliun dana abadi kebudayaan,0,
2790,Republika,@republikaonline,mendikbudristek guru kunci transformasi pendidikan masa,0,
2791,WhatsApp,Grup Guru,hoaks guru wajib beriklan produk pemerintah media sosial pribadi,1,
2792,Facebook,Info Beasiswa,hoaks syarat kip kuliah wajib memiliki saldo tabungan minimal juta,1,
2793,X (Twitter),@RumorKampus,bocoran subsidi kuota internet berlaku provider tertentu,1,
2794,TikTok,@news_update,bahaya sekolah tatap muka trik memaksa siswa membeli seragam,1,
2795,Instagram,@fakta_bola,hoaks sertifikat juara nasional diakui jalur masuk ptn,1,
2796,YouTube,Kemdikbud RI,tutorial sinkronisasi dapodik akhir tahun validasi tunjangan,0,
2797,Media Indonesia,@mediaindonesia,efisiensi struktur penghapusan jabatan eselon iv kemendikbud selesai,0,
2798,CNN Indonesia,@CNNIndonesia,kemendikbudristek pastikan penyaluran dana bos tahap tuntas desember,0,
2799,CNBC Indonesia,@cnbcindonesia,menkeu anggaran pendidikan apbn tetap terjaga angka rp,0,
2800,Republika,@republikaonline,kemendikbudristek pantau akuntabilitas dana bosp sistem digital,0,
2801,WhatsApp,Grup Sekolah,hoaks uang pangkal sekolah naik mulai januari demi membayar pajak alutsista,1,
2802,Facebook,Kabar Viral,hoaks mata pelajaran olahraga seni digabung demi efisiensi jam belajar,1,
2803,X (Twitter),@AnonEdu,dokumen bocor dana pendidikan dipakai membeli koleksi barang antik pejabat,1,
2804,TikTok,@berita_edu,hoaks seleksi pppk guru tahap dibatalkan masalah anggaran negara,1,
2805,Instagram,@faktakita,hoaks dana kip kuliah dialihkan membiayai proyek kereta cepat ikn,1,
2806,Tempo.co,@tempodotco,kemendikbudristek hemat rp triliun sistem procurement terpadu,0,
2807,Kompas.com,@kompascom,pemerintah dorong ptn menjadi pusat riset global skema dana padanan,0,
2808,Detik.com,@detikcom,kemendikbudristek klaim efisiensi operasional rp triliun per desember,0,
2809,Antara News,@antaranews,pemerintah prioritaskan dana pendidikan penurunan angka putus sekolah,0,
2810,CNBC Indonesia,@cnbcindonesia,realisasi belanja fungsi pendidikan desember capai target,0,
2811,WhatsApp,Forwarded,hoaks bantuan uang tunai spesial natal rp juta siswa sd sma,1,
2812,Facebook,Suara Rakyat,hoaks menteri nadiem sekolah swasta beban anggaran negara,1,
2813,X (Twitter),@PolitikUpdate,viral dana publikasi jurnal mahasiswa digunakan membayar jasa buzzer,1,
2814,TikTok,@vlogger_politik,fakta mitos anggaran pendidikan hilang rp triliun desember,1,
2815,Instagram,@stophoax,klarifikasi berita penghapusan tunjangan sertifikasi guru hoaks,1,
2816,Republika,@republikaonline,kemenkeu investasi sektor vokasi efektif tingkatkan ekonomi,0,
2817,Media Indonesia,@mediaindonesia,mendikbudristek ptm harus dilakukan kehati hatian tinggi,0,
2818,CNN Indonesia,@CNNIndonesia,audit bpk temukan efisiensi pengadaan alat lab kemendikbudristek,0,
2819,YouTube,Pendidikan Kita,inovasi digitalisasi sekolah mengurangi biaya penggandaan materi ajar,0,
2820,Instagram,@kemdikbud.ri,selamat juta mahasiswa terdaftar penerima ukt,0,
2821,WhatsApp,Grup RT,hoaks sekolah melakukan ptm dicabut izin operasionalnya,1,
2822,Facebook,Info Cepat,hoaks beasiswa kuliah inggris resmi ditutup masalah anggaran,1,
2823,X (Twitter),@Netizen_News,skandal pengadaan buku sekolah berisi iklan pejabat berkuasa,1,
2824,TikTok,@berita_panas,berita duka tunjangan hari raya guru tahun resmi ditiadakan,1,
2825,Instagram,@cekfakta_id,hoaks video nadiem makarim mengatakan guru honorer perlu digaji,1,
2826,LinkedIn,Praktisi Edukasi,dampak positif pengalihan anggaran seremonial subsidi riset nasional,0,
2827,Facebook,Kabar Guru,update mengajukan bantuan subsidi upah guru honorer desember,0,
2828,X (Twitter),@FactChecker,misinformasi foto sertifikat diklat berbayar mengatasnamakan kemendikbud,0,
2829,TikTok,@vlogger_edu,benarkah anggaran laptop mark up cek data harga vendor resmi pemerintah,0,
2830,Instagram,@faktakita,berita gembira pendaftaran bantuan kuota internet tahap tuntas desember,0,
2831,WhatsApp,Forwarded,hoaks link subsidi paket data gb kemdikbud cair akhir desember,1,
2832,Facebook,Viral Edu,hoaks siswa wajib melampirkan bukti lunas pajak ortu mengambil raport,1,
2833,X (Twitter),@PolitikUpdate,viral dana buku sekolah digunakan membayar jasa influencer politik,1,
2834,TikTok,@vlogger_politik,fakta mitos anggaran pendidikan indonesia diambil alih bank dunia,1,
2835,Instagram,@stophoax,klarifikasi berita gaji guru pppk diambil dana desa fitnah,1,
2836,Tempo.co,@tempodotco,kemendikbudristek alokasikan rp triliun beasiswa pendidikan,0,
2837,Kompas.com,@kompascom,nadiem dana bos desember dapat digunakan honor operator dapodik,0,
2838,Detik.com,@detikcom,kemendikbudristek klaim efisiensi operasional rp triliun sepanjang,0,
2839,Antara News,@antaranews,pemerintah prioritaskan dana pendidikan penuntasan buta aksara,0,
2840,CNBC Indonesia,@cnbcindonesia,sri mulyani belanja pendidikan desember fokus kualitas infrastruktur,0,
2841,Kompas.com,@kompascom,kemendikbudristek ptm persen mulai berlaku wilayah ppkm level,0,
2842,Detik.com,@detikcom,nadiem makarim resmi meluncurkan kurikulum merdeka opsi pemulihan,0,
2843,Antara News,@antaranews,ltmpt registrasi akun snmptn dibuka mulai januari,0,
2844,Republika,@republikaonline,efisiensi anggaran digitalisasi ijazah hemat biaya cetak nasional rp miliar,0,
2845,CNN Indonesia,@CNNIndonesia,pemerintah siapkan formasi juta guru pppk selesaikan masalah honorer,0,
2846,WhatsApp,Grup Warga,hoaks subsidi pulsa pelajar rb januari kemendikbud klik bit ly pulsa jan,1,
2847,Facebook,Kabar Guru,hoaks guru honorer vaksin booster langsung diberhentikan,1,
2848,X (Twitter),@PolitikUpdate,viral dana pembangunan sekolah dipakai sewa apartemen pejabat,1,
2849,Instagram,@faktakita,cek fakta benarkah ptm wajib membeli laptop merk merah putih,1,
2850,WhatsApp,Forwarded,hoaks link bantuan tunai pelajar awal tahun rp juta menteri nadiem,1,
2851,Facebook,Info Beasiswa,hoaks pendaftaran kip kuliah wajib membayar biaya pendaftaran rp,1,
2852,X (Twitter),@AnonEdu,dokumen palsu kemendikbud menghapus mapel sejarah kurikulum,1,
2853,TikTok,@vlogger_id,gawat kurikulum merdeka trik menghapus status guru tetap,1,
2854,WhatsApp,Grup Sekolah,hoaks instruksi membeli seragam olahraga model tahun ajaran,1,
2855,Facebook,Suara Rakyat,hoaks dana bos januari cair sekolah memiliki guru pppk,1,
2856,Tempo.co,@tempodotco,kemendikbudristek hemat rp triliun transformasi sistem katalog,0,
2857,Media Indonesia,@mediaindonesia,mendikbud platform rapor pendidikan membantu sekolah efisiensi evaluasi kinerja,0,
2858,CNBC Indonesia,@cnbcindonesia,sri mulyani anggaran pendidikan januari fokus pemulihan infrastruktur,0,
2859,YouTube,Pendidikan TV,strategi arkas lapor dana bos tanpa perlu kantor dinas,0,
2860,Liputan6,@liputan6dotcom,kemendikbudristek guru lulus pppk tahap mulai menerima sk januari,0,
2861,WhatsApp,Grup Guru,hoaks mulai januari guru wajib melampirkan bukti pajak motor gaji,1,
2862,Facebook,Info Viral,hoaks nadiem makarim siswa perlu pakai seragam selama kurikulum merdeka,1,
2863,X (Twitter),@NewsUpdate,berita buruk dana riset kampus dialihkan membeli vaksin negeri,1,
2864,TikTok,@edunews,hoaks hasil snmptn dapat dimanipulasi membayar juta orang,1,
2865,Instagram,@stophoax,klarifikasi informasi sekolah tatap muka berbayar biaya kebersihan hoaks,1,
2866,Antara News,@antaranews,kemendikbudristek dana bos dapat digunakan sewa alat pcr sekolah,0,
2867,CNN Indonesia,@CNNIndonesia,mendikbudristek perguruan tinggi wajib implementasi permendikbud ppks,0,
2868,Republika,@republikaonline,audit bpk efisiensi belanja pegawai kemendikbud semester mencapai,0,
2869,Tempo.co,@tempodotco,kemendikbudristek prioritaskan dak fisik renovasi sekolah rusak berat,0,
2870,Kompas.com,@kompascom,kemendikbudristek luncurkan akun belajar id versi fitur,0,
2871,X (Twitter),@NewsUpdate,berita buruk anggaran ekskul sekolah dihapus membayar utang negara,1,
2872,TikTok,@vlogger_politik,fakta mitos pajak pendidikan dipotong langsung dana bos,1,
2873,YouTube,Info Berita,penjelasan pemerintah terkait skema penempatan guru pppk tahap,0,
2874,Antara News,@antaranews,kemendikbudristek program kampus mengajar hemat biaya guru pengganti,0,
2875,CNN Indonesia,@CNNIndonesia,mendikbudristek digitalisasi sekolah memangkas biaya distribusi materi,0,
2876,Republika,@republikaonline,kemendikbudristek pantau penggunaan kuota internet dashboard,0,
2877,Tempo.co,@tempodotco,efisiensi anggaran kemendikbud pangkas biaya konsumsi rapat,0,
2878,WhatsApp,Grup Alumni,hoaks alumni lpdp wajib membayar pajak tambahan bekerja swasta,1,
2879,Facebook,Lowongan Kerja,hoaks rekrutmen staf administrasi sekolah januari jalur tanpa tes,1,
2880,X (Twitter),@CitizenNews,viral gedung sekolah pelosok roboh dana pembangunan disunat,1,
2881,Instagram,@fakta_bola,hoaks anggaran atlet pelajar ditiadakan demi pengadaan tablet pejabat,1,
2882,TikTok,@news_tiktok,berita gembira nadiem beri saldo dana juta per pelajar januari hoaks,1,
2883,WhatsApp,Grup Guru,hoaks guru honorer lolos pppk diberhentikan massal januari,1,
2884,Facebook,Info Cepat,hoaks ijazah lulusan dapat digunakan daftar cpns,1,
2885,X (Twitter),@FactChecker,misinformasi foto sertifikat vaksin syarat utama pencairan dana bos,1,
2886,Kompas.com,@kompascom,kemendikbudristek kurikulum merdeka kurangi beban administrasi guru,0,
2887,Detik.com,@detikcom,kemenkeu anggaran pendidikan januari tumbuh efektif persen,0,
2888,Media Indonesia,@mediaindonesia,mendikbud nadiem program guru penggerak investasi sdm terbesar,0,
2889,CNBC Indonesia,@cnbcindonesia,pemerintah anggarkan rp triliun kip kuliah tahun,0,
2890,YouTube,Kemdikbud RI,live streaming sosialisasi kurikulum merdeka platform mengajar,0,
2891,Instagram,@kemdikbud.ri,segera registrasi akun ltmpt snmptn sbmptn,0,
2892,Antara News,@antaranews,mendikbudristek sekolah wilayah level boleh ptm kapasitas,0,
2893,WhatsApp,Grup Sekolah,hoaks bantuan ponsel samsung gratis kemendikbud januari klik link,1,
2894,Facebook,Viral News,hoaks dana pendidikan digunakan menambal defisit perusahaan gas,1,
2895,X (Twitter),@PolitikUpdate,viral pejabat kemendikbud gunakan fasilitas negara acara pribadi,1,
2896,TikTok,@berita_panas,gawat data nilai ujian siswa nasional dijual forum dark web,1,
2897,Instagram,@cekfakta_id,klarifikasi video nadiem makarim mewajibkan bahasa asing sekolah hoaks,1,
2898,WhatsApp,Forwarded,hoaks pendaftaran beasiswa negeri langsung berangkat tanpa tes,1,
2899,Facebook,Kabar Guru,hoaks tunjangan sertifikasi guru dipotong pajak per januari,1,
2900,X (Twitter),@anon_leaks,bocoran anggaran pendidikan indonesia diturunkan demi membangun ikn,1,
2901,CNN Indonesia,@CNNIndonesia,pemerintah pastikan juta orang menerima bantuan kuota internet januari,0,
2902,Tempo.co,@tempodotco,mendikbud nadiem ptm terbatas penting mencegah dampak psikologis,0,
2903,Republika,@republikaonline,pemanfaatan aplikasi belajar daring mandiri hemat biaya pengadaan buku,0,
2904,Detik.com,@detikcom,kemendikbudristek klaim efisiensi operasional rp triliun awal tahun,0,
2905,Kompas.com,@kompascom,pemerintah dorong inovasi riset kampus skema dana padanan,0,
2906,YouTube,Kabar Pendidikan,review pelaksanaan hari ptm persen daerah,0,
2907,Media Indonesia,@mediaindonesia,satgas covid-19 klaster ptm signifikan per januari,0,
2908,Instagram,@infomahasiswa,update syarat pengajuan keringanan ukt semester genap,0,
2909,WhatsApp,Grup Guru,hoaks guru honorer wajib membayar rp ribu mengambil sk pppk,1,
2910,Facebook,Berita Viral,hoaks dana bos januari macet anggaran dipakai membayar hutang bumn,1,
2911,Antara News,@antaranews,mendikbudristek sekolah harus prioritaskan dana bos sarana kesehatan,0,
2912,CNBC Indonesia,@cnbcindonesia,menkeu anggaran pendidikan sebesar rp triliun fokus digitalisasi,0,
2913,Kompas.com,@kompascom,pemerintah beri insentif khusus sekolah berhasil cegah covid-19,0,
2914,Detik.com,@detikcom,program smk pusat keunggulan gunakan dana padanan industri pemerintah,0,
2915,Republika,@republikaonline,kemendikbudristek pantau akuntabilitas dana bosp dashboard,0,
2916,Tempo.co,@tempodotco,efisiensi anggaran kemendikbud hapus biaya sewa ruang rapat hotel,0,
2917,YouTube,Fokus Berita,analisis kurikulum merdeka apakah benar memudahkan siswa guru,0,
2918,Media Indonesia,@mediaindonesia,kampus merdeka dinilai mampu memangkas masa tunggu lulusan kerja,0,
2919,LinkedIn,Analis Publik,purchasing sekolah efisien dibanding lelang manual,0,
2920,CNN Indonesia,@CNNIndonesia,mendikbud dana abadi pendidikan mencapai rp triliun per januari,0,
2921,WhatsApp,Grup Guru,hoaks mulai januari guru honorer wajib punya sertifikat vaksin gaji,1,
2922,Facebook,Info Cepat,hoaks ijazah lulusan pjj diakui mendaftar cpns,1,
2923,X (Twitter),@NetizenNews,berita duka anggaran makan sekolah ditiadakan membayar bunga hutang,1,
2924,TikTok,@edunews_id,gawat laptop kemendikbud menggunakan baterai mudah terbakar,1,
2925,Instagram,@fakta_edu,hoaks mahasiswa melakukan demo ptm langsung dicabut kip,1,
2926,Kompas.com,@kompascom,kemendikbudristek seleksi pppk tahap tetap memberi afirmasi,0,
2927,Media Indonesia,@mediaindonesia,efisiensi struktur penghapusan jabatan eselon kemendikbud capai,0,
2928,CNN Indonesia,@CNNIndonesia,kemendikbudristek pastikan dana bos januari cair jadwal,0,
2929,Republika,@republikaonline,mendikbudristek guru kunci utama transformasi pendidikan nasional,0,
2930,YouTube,Kemdikbud RI,tutorial registrasi akun ltmpt siswa sekolah,0,
2931,Antara News,@antaranews,mendikbudristek kurikulum merdeka belajar memberi fleksibilitas tinggi,0,
2932,CNBC Indonesia,@cnbcindonesia,kemenkeu realisasi belanja fungsi pendidikan januari positif,0,
2933,Kompas.com,@kompascom,pemerintah dorong digitalisasi koperasi sekolah efisiensi ekonomi,0,
2934,Detik.com,@detikcom,mendikbudristek evaluasi ptm menjadi prioritas pekan,0,
2935,Media Indonesia,@mediaindonesia,inovasi pendidikan vokasi mampu tekan anggaran pelatihan industri,0,
2936,WhatsApp,Grup Sekolah,hoaks uang pangkal sekolah naik mulai januari demi membayar pajak apbn,1,
2937,Facebook,Kabar Viral,hoaks mata pelajaran sejarah geografi digabung demi efisiensi,1,
2938,X (Twitter),@AnonEdu,dokumen bocor dana pendidikan dipakai membeli jet pribadi pejabat,1,
2939,TikTok,@berita_edu,hoaks seleksi pppk guru tahap dibatalkan masalah anggaran,1,
2940,Instagram,@faktakita,hoaks dana kip kuliah dialihkan membiayai proyek kereta cepat,1,
2941,WhatsApp,Forwarded,hoaks bantuan uang tunai spesial januari rp juta siswa sd sma,1,
2942,Facebook,Suara Rakyat,hoaks menteri nadiem sekolah swasta beban apbn terbesar,1,
2943,X (Twitter),@PolitikUpdate,viral dana publikasi riset mahasiswa digunakan membayar buzzer,1,
2944,TikTok,@vlogger_politik,fakta mitos anggaran pendidikan hilang rp triliun januari,1,
2945,Instagram,@stophoax,klarifikasi berita penghapusan tunjangan profesi guru hoaks,1,
2946,Kompas.com,@kompascom,kemendikbudristek luncurkan program wirausaha merdeka mahasiswa,0,
2947,Detik.com,@detikcom,kemenkeu anggaran pendidikan fokus penguatan karakter,0,
2948,CNBC Indonesia,@cnbcindonesia,pemerintah siapkan rp triliun transformasi teknologi pendidikan,0,
2949,Republika,@republikaonline,mendikbud nadiem platform merdeka mengajar hemat guru,0,
2950,YouTube,Pendidikan Kita,memilih mata pelajaran kurikulum merdeka siswa sma,0,
2951,Media Indonesia,@mediaindonesia,kampus merdeka dinilai mampu menekan anggaran magang internal kampus,0,
2952,Antara News,@antaranews,mendikbudristek dana bos fleksibel kebutuhan sekolah,0,
2953,CNN Indonesia,@CNNIndonesia,kemendikbudristek sekolah boleh tutup sementara temuan covid-19,0,
2954,Tempo.co,@tempodotco,efisiensi anggaran kemendikbud pangkas biaya publikasi fisik jadi digital,0,
2955,WhatsApp,Grup Berita,hoaks ptm dihentikan total mulai besok varian omicron,1,
2956,Facebook,Info Beasiswa,hoaks syarat kip kuliah wajib memiliki tabungan minimal juta,1,
2957,X (Twitter),@RumorKampus,bocoran subsidi kuota internet berlaku pengguna kartu tertentu,1,
2958,TikTok,@news_update,bahaya sekolah tatap muka trik pemerintah menghabiskan dana bos,1,
2959,Instagram,@fakta_bola,hoaks sertifikat juara daerah diakui masuk jalur prestasi,1,
2960,WhatsApp,Grup RT,hoaks sekolah melakukan ptm dicabut izinnya,1,
2961,Facebook,Info Cepat,hoaks beasiswa kuliah jerman resmi ditutup masalah anggaran,1,
2962,X (Twitter),@Netizen_News,skandal pengadaan buku sekolah berisi promosi partai pejabat berkuasa,1,
2963,TikTok,@berita_panas,berita duka tunjangan khusus guru daerah resmi dihapus selamanya,1,
2964,Instagram,@cekfakta_id,hoaks video nadiem makarim mengatakan guru honorer perlu digaji,1,
2965,LinkedIn,Praktisi Edukasi,dampak positif pengalihan anggaran seremonial subsidi riset nasional,0,
2966,Kompas.com,@kompascom,nadiem dana bos januari dapat digunakan honor guru non asn,0,
2967,Detik.com,@detikcom,kemendikbudristek klaim efisiensi operasional rp triliun tahun,0,
2968,Antara News,@antaranews,pemerintah prioritaskan dana pendidikan penuntasan buta aksara,0,
2969,CNBC Indonesia,@cnbcindonesia,realisasi belanja fungsi pendidikan januari mencapai target,0,
2970,Republika,@republikaonline,kemenkeu strategi pemulihan ekonomi pendidikan vokasi efektif,0,
2971,Media Indonesia,@mediaindonesia,mendikbudristek ptm solusi atasi learning loss,0,
2972,CNN Indonesia,@CNNIndonesia,audit bpk temukan efisiensi pengadaan barang kemendikbudristek,0,
2973,YouTube,Pendidikan Kita,inovasi digitalisasi sekolah mengurangi biaya penggandaan soal ujian,0,
2974,Instagram,@kemdikbud.ri,selamat juta mahasiswa terdaftar penerima ukt januari,0,
2975,WhatsApp,Forwarded,hoaks link klaim subsidi paket data gb kemdikbud cair januari,1,
2976,Facebook,Viral Edu,hoaks siswa wajib melampirkan bukti pajak orang tua menerima ijazah,1,
2977,X (Twitter),@PolitikUpdate,viral dana buku sekolah digunakan membayar jasa influencer politik,1,
2978,TikTok,@vlogger_politik,fakta mitos anggaran pendidikan indonesia diambil alih bank dunia,1,
2979,Instagram,@stophoax,klarifikasi berita gaji guru pppk diambil dana desa fitnah,1,
2980,Tempo.co,@tempodotco,kemendikbudristek alokasikan rp triliun beasiswa pendidikan,0,
2981,Kompas.com,@kompascom,nadiem dana bos januari dapat digunakan honor operator dapodik,0,
2982,Detik.com,@detikcom,kemendikbudristek klaim efisiensi operasional rp triliun semester ii,0,
2983,Antara News,@antaranews,pemerintah pastikan anggaran pendidikan apbn tetap fokus kualitas,0,
2984,CNBC Indonesia,@cnbcindonesia,sri mulyani belanja pendidikan januari fokus kualitas infrastruktur,0,
2985,Republika,@republikaonline,kemendikbudristek pantau akuntabilitas dana bosp dashboard,0,
2986,Media Indonesia,@mediaindonesia,mendikbudristek ptm dievaluasi minggu,0,
2987,CNN Indonesia,@CNNIndonesia,audit bpk temukan efisiensi pengadaan alat lab kemendikbudristek,0,
2988,YouTube,Pendidikan Kita,inovasi digitalisasi sekolah mengurangi biaya pengadaan alat peraga,0,
2989,Instagram,@kemdikbud.ri,selamat juta mahasiswa terdaftar penerima ukt januari,0,
2990,LinkedIn,Praktisi Edukasi,dampak positif pengalihan anggaran seminar subsidi kuota siswa,0,
2991,Kompas.com,@kompascom,kemendikbudristek beri diskresi wilayah ppkm level dapat ptm persen,0,
2992,Detik.com,@detikcom,nadiem makarim kurikulum merdeka jadi jawaban ketertinggalan belajar,0,
2993,Antara News,@antaranews,pendaftaran kip kuliah resmi dibuka cek syarat daftar,0,
2994,Republika,@republikaonline,efisiensi anggaran kemendikbudristek pangkas biaya cetak modul jadi digital,0,
2995,CNN Indonesia,@CNNIndonesia,kemendikbudristek luncurkan platform merdeka mengajar guru se indonesia,0,
2996,WhatsApp,Grup Warga,hoaks subsidi pulsa rb spesial bulan februari kemendikbud klik link bit ly pulsa feb,1,
2997,Facebook,Kabar Guru,hoaks guru honorer wajib membayar pajak sertifikasi tambahan mulai februari,1,
2998,X (Twitter),@PolitikUpdate,viral dana beasiswa mahasiswa dipakai renovasi ruang kerja menteri,1,
2999,Instagram,@faktakita,cek fakta benarkah ptm berlaku siswa vaksin,1,
3000,WhatsApp,Forwarded,hoaks link klaim bantuan biaya sekolah rp juta pemerintah bit ly bansos sekolah,1,
3001,Facebook,Info Beasiswa,hoaks pendaftaran kip kuliah harus membayar biaya admin rp,1,
3002,X (Twitter),@AnonEdu,dokumen palsu kemendikbud menghapus mapel olahraga kurikulum merdeka,1,
3003,TikTok,@vlogger_id,gawat kurikulum merdeka eksperimen tanpa dasar hukum,1,
3004,WhatsApp,Grup Sekolah,hoaks instruksi membeli tablet khusus mengakses platform merdeka mengajar,1,
3005,Facebook,Suara Rakyat,hoaks dana bos februari dipotong pembangunan ikn kalimantan,1,
3006,Tempo.co,@tempodotco,kemendikbudristek hemat rp triliun digitalisasi pengadaan barang sekolah,0,
3007,Media Indonesia,@mediaindonesia,mendikbud rapor pendidikan memudahkan sekolah melakukan perencanaan anggaran,0,
3008,CNBC Indonesia,@cnbcindonesia,sri mulyani realisasi anggaran pendidikan februari fokus vaksinasi pelajar,0,
3009,YouTube,Pendidikan TV,sosialisasi arkas pelaporan dana bos kini cepat akurat,0,
3010,Liputan6,@liputan6dotcom,kemendikbudristek pastikan seleksi pppk tahap dibuka evaluasi tahap,0,
3011,WhatsApp,Grup Guru,hoaks guru memiliki akun belajar id diberhentikan per maret,1,
3012,Facebook,Info Viral,hoaks nadiem makarim seragam sekolah diganti menjadi pakaian bebas rapi,1,
3013,X (Twitter),@NewsUpdate,berita buruk anggaran subsidi buku dicabut demi membayar bunga utang negara,1,
3014,TikTok,@edunews,hoaks bocoran soal snmptn tersedia membayar ribu link,1,
3015,Instagram,@stophoax,klarifikasi informasi sekolah tatap muka wajib membeli alat tes antigen sendiri hoaks,1,
3016,Antara News,@antaranews,kemendikbudristek sekolah boleh gunakan dana bos membeli masker medis,0,
3017,CNN Indonesia,@CNNIndonesia,mendikbudristek kurikulum merdeka mengurangi beban hafalan siswa,0,
3018,Republika,@republikaonline,audit bpk penghematan anggaran perjalanan dinas kemendikbud capai persen,0,
3019,Tempo.co,@tempodotco,kemendikbudristek prioritaskan dak fisik pembangunan ruang praktik smk,0,
3020,Kompas.com,@kompascom,kemendikbudristek luncurkan fitur akun belajar id akses canva pro,0,
3021,X (Twitter),@NewsUpdate,berita buruk anggaran perpustakaan daerah dihapus membayar influencer ikn,1,
3022,TikTok,@vlogger_politik,fakta mitos dana bos diganti menjadi pinjaman sekolah tanpa bunga,1,
3023,YouTube,Info Berita,penjelasan pemerintah terkait syarat pendaftaran kip kuliah jalur mandiri,0,
3024,Antara News,@antaranews,kemendikbudristek program praktisi mengajar hemat biaya pelatihan eksternal,0,
3025,CNN Indonesia,@CNNIndonesia,mendikbudristek digitalisasi sekolah mengurangi kebocoran anggaran daerah,0,
3026,Republika,@republikaonline,kemendikbudristek pantau distribusi laptop pelajar aplikasi pelacakan,0,
3027,Tempo.co,@tempodotco,efisiensi anggaran kemendikbud hapus peraturan menghambat dana bos,0,
3028,WhatsApp,Grup Alumni,hoaks alumni penerima kip kuliah wajib menyetorkan gaji pertamanya negara,1,
3029,Facebook,Lowongan Kerja,hoaks rekrutmen pegawai honor kemendikbud februari jalur khusus orang,1,
3030,X (Twitter),@CitizenNews,viral dana rehabilitasi sekolah pelosok digunakan acara seremonial pejabat,1,
3031,Instagram,@fakta_bola,hoaks anggaran olahraga siswa dihapus demi membayar iklan aplikasi merdeka belajar,1,
3032,TikTok,@news_tiktok,berita gembira nadiem beri smartphone gratis siswa aktif belajar id,1,
3033,WhatsApp,Grup Guru,hoaks guru honorer gagal pppk tahap wajib mengundurkan diri bulan,1,
3034,Facebook,Info Cepat,hoaks ijazah tahun wajib dilegalisir ulang biaya rp,1,
3035,X (Twitter),@FactChecker,misinformasi berita ptm menyebabkan penutupan sekolah jakarta,1,
3036,Kompas.com,@kompascom,kemendikbudristek kurikulum merdeka menekankan proyek profil pelajar pancasila,0,
3037,Detik.com,@detikcom,kemenkeu anggaran fungsi pendidikan februari capai realisasi rp triliun,0,
3038,Media Indonesia,@mediaindonesia,mendikbud nadiem platform merdeka mengajar teman setia guru kelas,0,
3039,CNBC Indonesia,@cnbcindonesia,pemerintah siapkan rp triliun beasiswa mahasiswa tahun,0,
3040,YouTube,Kemdikbud RI,live peluncuran merdeka belajar episode kurikulum merdeka pmm,0,
3041,Instagram,@kemdikbud.ri,segera daftarkan sekolah mengimplementasikan kurikulum merdeka,0,
3042,Antara News,@antaranews,mendikbudristek sekolah wilayah level boleh ptm kapasitas secara terbatas,0,
3043,WhatsApp,Grup Sekolah,hoaks bantuan modem gratis kemendikbud februari klik link bit ly modem feb,1,
3044,Facebook,Viral News,hoaks dana pendidikan digunakan menambal defisit perusahaan kereta api,1,
3045,X (Twitter),@PolitikUpdate,viral pejabat pendidikan ketahuan menggunakan dana riset renovasi kantor,1,
3046,TikTok,@berita_panas,gawat data nilai rapor siswa smp bocor dijual situs peretas,1,
3047,Instagram,@cekfakta_id,klarifikasi video nadiem makarim menghapus pelajaran agama hoaks,1,
3048,WhatsApp,Forwarded,hoaks pendaftaran beasiswa negeri langsung lulus tanpa ipk,1,
3049,Facebook,Kabar Guru,hoaks tunjangan sertifikasi guru dipotong pajak mulai februari,1,
3050,X (Twitter),@anon_leaks,bocoran anggaran pendidikan indonesia dipotong demi biaya vaksinasi booster,1,
3051,CNN Indonesia,@CNNIndonesia,pemerintah pastikan juta siswa menerima bantuan kuota internet februari,0,
3052,Tempo.co,@tempodotco,mendikbud nadiem ptm terbatas kunci pemulihan pembelajaran nasional,0,
3053,Republika,@republikaonline,pemanfaatan aplikasi perpustakaan digital sekolah hemat biaya perawatan buku,0,
3054,Detik.com,@detikcom,kemendikbudristek klaim efisiensi operasional rp triliun kuartal,0,
3055,Kompas.com,@kompascom,pemerintah dorong kolaborasi riset kampus industri skema kedaireka,0,
3056,YouTube,Kabar Pendidikan,review persiapan seleksi pppk guru tahap dokumen diperlukan,0,
3057,Media Indonesia,@mediaindonesia,satgas covid-19 lonjakan klaster ptm wilayah level,0,
3058,Instagram,@infomahasiswa,update syarat keringanan ukt mahasiswa terdampak ekonomi pandemi,0,
3059,WhatsApp,Grup Guru,hoaks guru honorer wajib membayar rp validasi nuptk dapodik,1,
3060,Facebook,Berita Viral,hoaks dana bos februari macet anggaran dipakai membayar hutang negeri,1,
3061,Antara News,@antaranews,mendikbudristek sekolah harus prioritaskan dana bos alat tes antigen,0,
3062,CNBC Indonesia,@cnbcindonesia,menkeu anggaran pendidikan sebesar rp triliun fokus kualitas sdm,0,
3063,Kompas.com,@kompascom,pemerintah beri insentif khusus sekolah tertib prokes selama ptm,0,
3064,Detik.com,@detikcom,program smk pusat keunggulan gunakan skema pembiayaan industri,0,
3065,Republika,@republikaonline,kemendikbudristek pantau akuntabilitas dana bosp sistem digital arkas,0,
3066,Tempo.co,@tempodotco,efisiensi anggaran kemendikbud hapus ratusan pos rapat kantor,0,
3067,YouTube,Fokus Berita,benarkah laptop pelajar juta mahal analisis spesifikasi vs harga pasar,0,
3068,Media Indonesia,@mediaindonesia,kampus merdeka dinilai mampu menekan anggaran magang internal perguruan tinggi,0,
3069,LinkedIn,Analis Publik,purchasing sekolah efisien secara biaya administrasi,0,
3070,CNN Indonesia,@CNNIndonesia,mendikbud dana abadi pendidikan mencapai rp triliun per februari,0,
3071,WhatsApp,Grup Guru,hoaks mulai februari guru honorer wajib punya sertifikat digital berbayar,1,
3072,Facebook,Info Cepat,hoaks ijazah lulusan pjj diakui mendaftar seleksi kedinasan,1,
3073,X (Twitter),@NetizenNews,berita duka anggaran makan sekolah ditiadakan membayar bunga utang ikn,1,
3074,TikTok,@edunews_id,gawat laptop kemendikbud dilengkapi sensor kamera dapat dimatikan,1,
3075,Instagram,@fakta_edu,hoaks mahasiswa mengkritik ptm langsung dicabut kip,1,
3076,Kompas.com,@kompascom,kemendikbudristek evaluasi ptm terbatas menunjukkan hasil positif level,0,
3077,Media Indonesia,@mediaindonesia,mendikbud nadiem platform merdeka mengajar hemat persiapan guru,0,
3078,CNN Indonesia,@CNNIndonesia,pemerintah pastikan juta siswa menerima bantuan kuota internet februari,0,
3079,Republika,@republikaonline,pemanfaatan aplikasi perpustakaan digital hemat biaya perawatan buku fisik,0,
3080,Detik.com,@detikcom,kemendikbudristek klaim efisiensi operasional rp triliun kuartal iii,0,
3081,Kompas.com,@kompascom,pemerintah dorong kolaborasi riset kampus industri kedaireka,0,
3082,YouTube,Kabar Pendidikan,review persiapan seleksi pppk guru tahap perlu diperhatikan,0,
3083,Media Indonesia,@mediaindonesia,satgas covid-19 lonjakan klaster ptm wilayah level,0,
3084,Instagram,@infomahasiswa,update syarat keringanan ukt mahasiswa orang tuanya terdampak phk,0,
3085,Antara News,@antaranews,mendikbudristek sekolah harus prioritaskan dana bos alat tes antigen,0,
3086,CNBC Indonesia,@cnbcindonesia,menkeu anggaran pendidikan sebesar rp triliun fokus kualitas sdm,0,
3087,Kompas.com,@kompascom,pemerintah beri insentif khusus sekolah tertib prokes,0,
3088,Detik.com,@detikcom,program smk pusat keunggulan gunakan skema pembiayaan industri,0,
3089,Republika,@republikaonline,kemendikbudristek pantau akuntabilitas dana bosp sistem digital,0,
3090,Tempo.co,@tempodotco,efisiensi anggaran kemendikbud hapus ratusan pos rapat kantor,0,
3091,WhatsApp,Forwarded,hoaks link klaim subsidi paket data gb kemdikbud cair februari,1,
3092,Facebook,Viral Edu,hoaks siswa wajib melampirkan bukti lunas pajak ortu mengambil raport,1,
3093,X (Twitter),@PolitikUpdate,viral dana buku sekolah digunakan membayar jasa influencer politik,1,
3094,TikTok,@vlogger_politik,fakta mitos anggaran pendidikan indonesia diambil alih bank dunia,1,
3095,Instagram,@stophoax,klarifikasi berita gaji guru pppk diambil dana desa fitnah,1,
3096,YouTube,Fokus Berita,benarkah laptop pelajar murah perbandingan spesifikasi resmi pemerintah,0,
3097,Media Indonesia,@mediaindonesia,kampus merdeka dinilai mampu menekan anggaran magang internal perguruan tinggi,0,
3098,LinkedIn,Analis Publik,digitalisasi sekolah mengurangi biaya pengadaan fisik tahunan,0,
3099,CNN Indonesia,@CNNIndonesia,mendikbud dana abadi pendidikan mencapai rp triliun per februari,0,
3100,WhatsApp,Grup Guru,hoaks guru wajib membeli buku biografi pejabat menggunakan dana pribadi,1,
3101,Antara News,@antaranews,mendikbudristek kurikulum darurat membantu guru selama masa ptm,0,
3102,Kompas.com,@kompascom,nadiem dana bos februari dapat digunakan pembelian modem sekolah,0,
3103,Detik.com,@detikcom,kemenkeu pastikan pemotongan tunjangan guru tahun,0,
3104,CNBC Indonesia,@cnbcindonesia,pemerintah anggarkan rp triliun dana abadi kebudayaan,0,
3105,Republika,@republikaonline,mendikbudristek guru garda terdepan transformasi pendidikan,0,
3106,YouTube,Kemdikbud RI,tutorial sinkronisasi dapodik pencairan dana bos tahap akhir,0,
3107,Media Indonesia,@mediaindonesia,efisiensi struktur penghapusan jabatan fungsional kemendikbud capai,0,
3108,CNN Indonesia,@CNNIndonesia,kemendikbudristek pastikan dana bos tahap iii cair target,0,
3109,WhatsApp,Grup Sekolah,hoaks uang pangkal sekolah naik mulai februari demi membayar pajak alutsista,1,
3110,Facebook,Kabar Viral,hoaks mata pelajaran olahraga seni digabung demi efisiensi anggaran,1,
3111,Tempo.co,@tempodotco,kemendikbudristek hemat rp triliun sistem procurement terpadu,0,
3112,Kompas.com,@kompascom,pemerintah dorong ptn menjadi pusat riset global skema dana padanan,0,
3113,Detik.com,@detikcom,kemendikbudristek klaim efisiensi operasional rp triliun per februari,0,
3114,Antara News,@antaranews,pemerintah prioritaskan dana pendidikan penurunan angka putus sekolah,0,
3115,CNBC Indonesia,@cnbcindonesia,realisasi belanja fungsi pendidikan februari capai target,0,
3116,Republika,@republikaonline,kemenkeu investasi sektor vokasi efektif tingkatkan ekonomi,0,
3117,Media Indonesia,@mediaindonesia,mendikbudristek ptm harus dilakukan kehati hatian tinggi,0,
3118,CNN Indonesia,@CNNIndonesia,audit bpk temukan efisiensi pengadaan alat lab kemendikbudristek,0,
3119,YouTube,Pendidikan Kita,inovasi digitalisasi sekolah mengurangi biaya penggandaan materi ajar,0,
3120,Instagram,@kemdikbud.ri,selamat juta mahasiswa terdaftar penerima ukt,0,
3121,WhatsApp,Grup RT,hoaks sekolah melakukan ptm dicabut izin operasionalnya,1,
3122,Facebook,Info Cepat,hoaks beasiswa kuliah australia resmi ditutup masalah anggaran,1,
3123,X (Twitter),@Netizen_News,skandal pengadaan buku sekolah berisi iklan pejabat berkuasa,1,
3124,TikTok,@berita_panas,berita duka tunjangan hari raya guru tahun resmi ditiadakan,1,
3125,Instagram,@cekfakta_id,hoaks video nadiem makarim mengatakan guru honorer perlu digaji,1,
3126,LinkedIn,Praktisi Edukasi,dampak positif pengalihan anggaran seremonial subsidi riset nasional,0,
3127,Facebook,Kabar Guru,update mengajukan bantuan subsidi upah guru honorer februari,0,
3128,X (Twitter),@FactChecker,misinformasi foto sertifikat diklat berbayar mengatasnamakan kemendikbud,0,
3129,TikTok,@vlogger_edu,benarkah anggaran laptop mark up cek data harga vendor resmi pemerintah,0,
3130,Instagram,@faktakita,berita gembira pendaftaran bantuan kuota internet tahap tuntas februari,0,
3131,Tempo.co,@tempodotco,kemendikbudristek alokasikan rp triliun beasiswa pendidikan,0,
3132,Kompas.com,@kompascom,nadiem dana bos februari dapat digunakan honor operator dapodik,0,
3133,Detik.com,@detikcom,kemendikbudristek klaim efisiensi operasional rp triliun sepanjang,0,
3134,Antara News,@antaranews,pemerintah prioritaskan dana pendidikan penuntasan buta aksara,0,
3135,CNBC Indonesia,@cnbcindonesia,sri mulyani belanja pendidikan februari fokus kualitas infrastruktur,0,
3136,Republika,@republikaonline,kemendikbudristek pantau akuntabilitas dana bosp dashboard,0,
3137,Media Indonesia,@mediaindonesia,mendikbudristek ptm dievaluasi minggu satgas,0,
3138,CNN Indonesia,@CNNIndonesia,audit bpk temukan efisiensi pengadaan alat lab kemendikbudristek,0,
3139,YouTube,Pendidikan Kita,inovasi digitalisasi sekolah mengurangi biaya pengadaan alat peraga,0,
3140,Instagram,@kemdikbud.ri,selamat juta mahasiswa terdaftar penerima ukt februari,0,
3141,Kompas.com,@kompascom,ltmpt resmi buka pendaftaran akun tahap utbk sbmptn,0,
3142,Detik.com,@detikcom,nadiem makarim digitalisasi sekolah siplah hemat anggaran triliunan,0,
3143,Antara News,@antaranews,kemendikbudristek salurkan bantuan dana darurat sekolah terdampak gempa,0,
3144,Republika,@republikaonline,efisiensi anggaran kemdikbud pangkas biaya cetak buku versi digital,0,
3145,CNN Indonesia,@CNNIndonesia,pemerintah pastikan anggaran kip kuliah aman tepat sasaran,0,
3146,WhatsApp,Grup Warga,hoaks subsidi pulsa belajar gb edisi ramadhan klik bit ly pulsa mar,1,
3147,Facebook,Kabar Guru,hoaks guru sertifikasi wajib membayar administrasi rp rb pencairan,1,
3148,X (Twitter),@PolitikNews,hoaks dana bos tahap macet dipakai biaya balap motor mandalika,1,
3149,Tempo.co,@tempodotco,audit bpk kemendikbud berhasil efisiensi perjalanan dinas,0,
3150,Media Indonesia,@mediaindonesia,mendikbudristek luncurkan revitalisasi bahasa daerah provinsi,0,
3151,WhatsApp,Forwarded,hoaks link pendaftaran beasiswa full turki tanpa seleksi berkas,1,
3152,Facebook,Info Cepat,hoaks bantuan tunai pelajar rp juta cair kelurahan maret,1,
3153,X (Twitter),@EduLeaks,hoaks dokumen rahasia mapel agama dihapus kurikulum merdeka,1,
3154,TikTok,@vlogger_edu,hoaks mulai april siswa tanpa kartu vaksin booster dilarang masuk sekolah,1,
3155,Instagram,@faktakita,hoaks mahasiswa kip kuliah wajib kembalikan dana nilai mapel,1,
3156,YouTube,@infopendidikan,hoaks nadiem bagikan laptop gratis merk asus komen nik,1,
3157,WhatsApp,Grup Sekolah,hoaks link survey kemdikbud berhadiah uang juta orang tua siswa,1,
3158,Facebook,Viral Edu,hoaks aturan ptm siswa wajib membeli seragam sekolah,1,
3159,X (Twitter),@LeakIndo,hoaks dana riset kampus dialokasikan membayar jasa influencer ikn,1,
3160,TikTok,@berita_edu,hoaks lowongan cpns guru jalur undangan whatsapp langsung lulus,1,
3161,CNBC Indonesia,@cnbcindonesia,sri mulyani setujui dana rp triliun program kedaireka,0,
3162,Liputan6,@liputan6dotcom,kemendikbudristek dorong smk fokus produksi alat kesehatan murah,0,
3163,YouTube,Kemdikbud RI,peluncuran merdeka belajar ep revitalisasi bahasa daerah,0,
3164,Instagram,@kemdikbud.ri,panduan menggunakan platform merdeka mengajar guru,0,
3165,LinkedIn,Analis Publik,digitalisasi pendidikan mengurangi biaya distribusi tahunan,0,
3166,Antara News,@antaranews,kemendiktisaintek skema dana padanan riset dorong inovasi lokal,0,
3167,Kompas.com,@kompascom,nadiem pemanfaatan teknologi kunci efisiensi anggaran jangka panjang,0,
3168,Detik.com,@detikcom,pemerintah targetkan juta guru tersertifikasi digital tahun,0,
3169,Republika,@republikaonline,kemendikbudristek pangkas birokrasi sertifikasi aplikasi mobile,0,
3170,CNN Indonesia,@CNNIndonesia,satgas covid-19 wilayah ppkm level diizinkan ptm terbatas,0,
3171,WhatsApp,Grup RT,hoaks link klaim paket sembako spesial siswa pemegang kip,1,
3172,Facebook,Info Beasiswa,hoaks pendaftaran beasiswa negeri tanpa tes cair jam,1,
3173,X (Twitter),@Netizen_News,hoaks skandal dana buku sekolah berisi foto pejabat,1,
3174,TikTok,@berita_panas,hoaks berita duka tunjangan hari raya guru tahun ditiadakan,1,
3175,Instagram,@cekfakta_id,hoaks video nadiem makarim mengatakan guru honorer beban negara,1,
3176,WhatsApp,Forwarded,hoaks bantuan alat tulis sekolah rp rb per siswa cair kantor pos,1,
3177,Facebook,Kabar Guru,hoaks tunjangan sertifikasi guru dipotong pajak akhir semester,1,
3178,X (Twitter),@anon_leaks,hoaks bocoran anggaran pendidikan indonesia dipotong demi biaya kampanye,1,
3179,TikTok,@vlogger_politik,hoaks fakta mitos dana pendidikan hilang rp triliun maret,1,
3180,Instagram,@stophoax,hoaks pesan whatsapp berisi link pendaftaran relawan pendidikan bergaji,1,
3181,Tempo.co,@tempodotco,kemendikbudristek raih penghargaan efisiensi belanja barang terbaik,0,
3182,Media Indonesia,@mediaindonesia,pendaftaran snmptn ditutup ltmpt catat ribu siswa finalisasi,0,
3183,YouTube,@infopendidikan,tutorial sinkronisasi dapodik akhir tahun validasi tunjangan,0,
3184,LinkedIn,Praktisi Edukasi,dampak positif pengalihan anggaran seremonial subsidi riset,0,
3185,Antara News,@antaranews,kemendiktisaintek program guru penggerak tingkatkan kualitas pemimpin,0,
3186,Kompas.com,@kompascom,pemerintah beri penghargaan sekolah literasi digital terbaik,0,
3187,Detik.com,@detikcom,nadiem dana bos maret dapat digunakan pembelian modul cetak,0,
3188,Republika,@republikaonline,kemenkeu efisiensi dana pendidikan capai sistem data,0,
3189,CNN Indonesia,@CNNIndonesia,kemendikbudristek pastikan penyaluran dana bos tahap tuntas maret,0,
3190,CNBC Indonesia,@cnbcindonesia,sri mulyani belanja pendidikan maret fokus kualitas infrastruktur,0,
3191,WhatsApp,Grup Sekolah,hoaks siswa wajib membayar biaya administrasi pengambilan ijazah rp ribu,1,
3192,Facebook,Berita Viral,hoaks dana bos tahap akhir macet anggaran dipakai membayar utang,1,
3193,X (Twitter),@Leak_Indo,hoaks terungkap dana pendidikan dipakai membeli perlengkapan kantor mewah,1,
3194,TikTok,@news_update,hoaks bahaya ptm trik pemerintah hentikan subsidi kuota,1,
3195,Instagram,@fakta_edu,hoaks mahasiswa vaksinasi dicabut kip,1,
3196,YouTube,@berita_sekolah,hoaks perubahan nama kemendikbud menjadi kemendikdasmen per april,1,
3197,WhatsApp,Grup RT,hoaks sekolah melakukan ptm dicabut izinnya,1,
3198,Facebook,Info Cepat,hoaks beasiswa kuliah inggris resmi ditutup masalah anggaran,1,
3199,X (Twitter),@Netizen_News,hoaks skandal pengadaan buku sekolah berisi iklan berbayar,1,
3200,TikTok,@berita_panas,hoaks berita duka gaji guru pppk ditunda akhir tahun,1,
3201,Antara News,@antaranews,kemendikbudristek resmikan program beasiswa pendidikan indonesia,0,
3202,Kompas.com,@kompascom,mendikbud dana abadi kebudayaan rp triliun mulai dioperasikan,0,
3203,Detik.com,@detikcom,audit bpk penyerapan anggaran vokasi capai efektif,0,
3204,Republika,@republikaonline,kemendikbudristek pantau akuntabilitas dana bosp sistem digital,0,
3205,Tempo.co,@tempodotco,kemendikbudristek efisiensi anggaran pengurangan rapat kota,0,
3206,Media Indonesia,@mediaindonesia,mendikbudristek ptm harus dilakukan kehati hatian tinggi,0,
3207,CNBC Indonesia,@cnbcindonesia,realisasi belanja fungsi pendidikan maret capai target,0,
3208,YouTube,@pendidikankita,inovasi digitalisasi sekolah mengurangi biaya pengadaan alat peraga,0,
3209,Instagram,@kemdikbud.ri,selamat juta mahasiswa terdaftar penerima ukt maret,0,
3210,LinkedIn,Praktisi Edukasi,dampak positif pengalihan anggaran seminar subsidi kuota siswa,0,
3211,Antara News,@antaranews,kemendiktisaintek skema dana padanan riset dorong inovasi nasional,0,
3212,Kompas.com,@kompascom,nadiem makarim digitalisasi sekolah membantu efisiensi anggaran daerah,0,
3213,Detik.com,@detikcom,pemerintah targetkan juta guru tersertifikasi digital tahun,0,
3214,Republika,@republikaonline,kemendikbudristek pangkas birokrasi sertifikasi aplikasi mobile,0,
3215,CNN Indonesia,@CNNIndonesia,mendikbud harus berhenti memandang pendidikan biaya,0,
3216,WhatsApp,Grup Guru,hoaks guru wajib pasang iklan produk pemerintah media sosial pribadi,1,
3217,Facebook,Info Beasiswa,hoaks syarat kip kuliah wajib memiliki saldo tabungan minimal juta,1,
3218,X (Twitter),@RumorKampus,hoaks subsidi kuota internet berlaku provider tertentu,1,
3219,TikTok,@news_update,hoaks bahaya chip laptop pelajar dapat meledak terkena suhu panas,1,
3220,Instagram,@cekfakta_id,hoaks sertifikat juara nasional diakui jalur masuk ptn,1,
3221,WhatsApp,Grup Sekolah,hoaks uang pangkal sekolah naik mulai maret demi pajak negara,1,
3222,Facebook,Kabar Viral,hoaks mata pelajaran olahraga seni digabung demi efisiensi jam,1,
3223,X (Twitter),@AnonEdu,hoaks dokumen bocor dana pendidikan dipakai membeli barang antik pejabat,1,
3224,TikTok,@berita_edu,hoaks seleksi pppk guru tahap dibatalkan masalah anggaran,1,
3225,Instagram,@faktakita,hoaks dana kip kuliah dialihkan membiayai proyek kereta cepat,1,
3226,WhatsApp,Grup RT,hoaks sekolah ptm dicabut izin operasionalnya,1,
3227,Facebook,Info Cepat,hoaks beasiswa kuliah jepang resmi ditutup total radiasi,1,
3228,X (Twitter),@Netizen_News,hoaks skandal dana riset kampus digunakan membiayai liburan pejabat,1,
3229,TikTok,@berita_panas,hoaks gawat kurikulum merdeka eksperimen ilegal,1,
3230,Instagram,@cekfakta_id,hoaks video nadiem mengatakan guru honorer diganti robot ai,1,
3231,Kompas.com,@kompascom,kemendikbudristek salurkan bantuan dana darurat renovasi sekolah,0,
3232,Detik.com,@detikcom,nadiem digitalisasi pendidikan membantu transparansi anggaran sekolah,0,
3233,Antara News,@antaranews,pemerintah prioritaskan dana pendidikan penurunan angka putus sekolah,0,
3234,CNN Indonesia,@CNNIndonesia,audit bpk penyerapan anggaran vokasi capai akurat,0,
3235,Republika,@republikaonline,kemendikbudristek pantau akuntabilitas dana bosp dashboard,0,
3236,Tempo.co,@tempodotco,efisiensi birokrasi penggabungan unit pelaksana teknis hemat miliaran,0,
3237,Media Indonesia,@mediaindonesia,mendikbudristek sekolah level boleh ptm kapasitas terbatas,0,
3238,CNBC Indonesia,@cnbcindonesia,realisasi belanja fungsi pendidikan maret capai target maksimal,0,
3239,YouTube,@kabarpendidikan,tutorial sinkronisasi dapodik akhir tahun validasi tunjangan guru,0,
3240,Instagram,@kemdikbud.ri,selamat juta mahasiswa terdaftar penerima ukt,0,
3241,LinkedIn,Praktisi Edukasi,dampak positif pengalihan anggaran seminar subsidi kuota siswa,0,
3242,Antara News,@antaranews,kemendiktisaintek program guru penggerak tingkatkan kualitas pemimpin,0,
3243,Kompas.com,@kompascom,pemerintah beri penghargaan sekolah literasi digital terbaik,0,
3244,Detik.com,@detikcom,nadiem pemanfaatan teknologi kunci efisiensi anggaran jangka panjang,0,
3245,Republika,@republikaonline,kemenkeu efisiensi dana pendidikan capai sistem data,0,
3246,WhatsApp,Grup Guru,hoaks guru wajib membeli buku kurikulum merdeka pakai uang pribadi,1,
3247,Facebook,Info Beasiswa,hoaks pendaftaran kip kuliah wajib membayar admin rp,1,
3248,X (Twitter),@RumorKampus,hoaks dana beasiswa mahasiswa dihapus membayar jasa influencer,1,
3249,TikTok,@news_update,hoaks bahaya masker sekolah berisi gas beracun mengontrol siswa,1,
3250,Instagram,@cekfakta_id,hoaks sertifikat vaksin wajib digunakan siswa tiket masuk kelas,1,
3251,Kompas.com,@kompascom,kemendiktisaintek alokasikan rp triliun beasiswa pendidikan,0,
3252,Detik.com,@detikcom,nadiem dana bos maret dapat digunakan honor operator dapodik,0,
3253,Antara News,@antaranews,pemerintah prioritaskan dana pendidikan penuntasan buta aksara,0,
3254,CNN Indonesia,@CNNIndonesia,audit bpk temukan efisiensi pengadaan alat lab kemendikbudristek,0,
3255,Republika,@republikaonline,kemendikbudristek pantau akuntabilitas dana bosp dashboard,0,
3256,Tempo.co,@tempodotco,kemendikbudristek hemat rp triliun sistem procurement terpadu,0,
3257,Media Indonesia,@mediaindonesia,mendikbudristek ptm dievaluasi minggu satgas,0,
3258,CNBC Indonesia,@cnbcindonesia,sri mulyani belanja pendidikan maret fokus kualitas infrastruktur,0,
3259,YouTube,@pendidikankita,inovasi digitalisasi sekolah mengurangi biaya pengadaan alat peraga,0,
3260,Instagram,@kemdikbud.ri,selamat juta mahasiswa terdaftar penerima ukt maret,0,
3261,LinkedIn,Praktisi Edukasi,dampak positif pengalihan anggaran seremonial subsidi riset nasional,0,
3262,Antara News,@antaranews,kemendiktisaintek skema dana padanan riset dorong inovasi nasional,0,
3263,Kompas.com,@kompascom,nadiem makarim digitalisasi sekolah membantu efisiensi anggaran daerah,0,
3264,Detik.com,@detikcom,pemerintah targetkan juta guru tersertifikasi digital tahun,0,
3265,Republika,@republikaonline,kemendikbudristek pangkas birokrasi sertifikasi aplikasi mobile,0,
3266,WhatsApp,Forwarded,hoaks link klaim bantuan subsidi uang saku rp juta kemdikbud,1,
3267,Facebook,Suara Rakyat,hoaks menteri nadiem sekolah swasta beban anggaran negara,1,
3268,X (Twitter),@PolitikUpdate,hoaks viral dana publikasi jurnal mahasiswa digunakan membayar buzzer,1,
3269,TikTok,@vlogger_politik,hoaks fakta mitos anggaran pendidikan hilang rp triliun,1,
3270,Instagram,@stophoax,hoaks klarifikasi berita penghapusan tunjangan sertifikasi guru hoaks,1,
3271,Kompas.com,@kompascom,kemendikbudristek hemat rp triliun sistem procurement terpadu,0,
3272,Detik.com,@detikcom,nadiem makarim digitalisasi sekolah mengurangi kebocoran anggaran,0,
3273,Antara News,@antaranews,pemerintah prioritaskan dana pendidikan penuntasan buta aksara,0,
3274,CNN Indonesia,@CNNIndonesia,audit bpk penyerapan anggaran vokasi capai efisien,0,
3275,Republika,@republikaonline,kemendikbudristek pantau akuntabilitas dana bosp dashboard,0,
3276,Tempo.co,@tempodotco,efisiensi anggaran kemendikbud hapus ratusan pos rapat kota,0,
3277,Media Indonesia,@mediaindonesia,mendikbudristek ptm harus dilakukan kehati hatian tinggi,0,
3278,CNBC Indonesia,@cnbcindonesia,sri mulyani belanja pendidikan maret fokus kualitas infrastruktur,0,
3279,YouTube,@pendidikankita,inovasi digitalisasi sekolah mengurangi biaya penggandaan materi ajar,0,
3280,Instagram,@kemdikbud.ri,selamat juta mahasiswa terdaftar penerima ukt,0,
3281,LinkedIn,Praktisi Edukasi,dampak positif pengalihan anggaran seremonial subsidi riset nasional,0,
3282,Antara News,@antaranews,kemendiktisaintek skema dana padanan riset dorong inovasi nasional,0,
3283,Kompas.com,@kompascom,nadiem makarim digitalisasi sekolah membantu efisiensi anggaran daerah,0,
3284,Detik.com,@detikcom,pemerintah targetkan juta guru tersertifikasi digital tahun,0,
3285,Republika,@republikaonline,kemendikbudristek pangkas birokrasi sertifikasi aplikasi mobile,0,
3286,WhatsApp,Grup Guru,hoaks link klaim bantuan biaya sekolah rp juta pemerintah bit ly,1,
3287,Facebook,Info Beasiswa,hoaks pendaftaran kip kuliah harus membayar biaya admin rp,1,
3288,X (Twitter),@AnonEdu,hoaks dokumen palsu kemendikbud menghapus mapel olahraga,1,
3289,TikTok,@vlogger_id,hoaks gawat kurikulum merdeka eksperimen tanpa hukum,1,
3290,Instagram,@faktakita,hoaks dana bos februari dipotong pembangunan ikn,1,
3291,Kompas.com,@kompascom,kemendikbudristek sekolah libur awal ramadhan mulai april,0,
3292,Detik.com,@detikcom,nadiem makarim pastikan guru pppk dapat thr gaji tahun,0,
3293,WhatsApp,Grup Warga,hoaks link subsidi kuota internet ramadhan gb kemdikbud,1,
3294,Facebook,Info Guru,hoaks syarat pencairan thr guru wajib melampirkan bukti lunas pbb,1,
3295,Antara News,@antaranews,ltmpt siswa lulus snmptn dilarang daftar utbk sbmptn,0,
3296,CNBC Indonesia,@cnbcindonesia,sri mulyani alokasikan rp triliun thr asn termasuk guru,0,
3297,X (Twitter),@PolitikUpdate,hoaks dana pendidikan dialihkan subsidi harga minyak goreng,1,
3298,TikTok,@vlogger_edu,hoaks mulai mei ujian nasional diberlakukan secara luring,1,
3299,Republika,@republikaonline,efisiensi dana bos sekolah diarahkan membeli produk lokal siplah,0,
3300,CNN Indonesia,@CNNIndonesia,kemendikbudristek bantah isu penghapusan mapel sejarah kurikulum,0,
3301,WhatsApp,Forwarded,hoaks link bantuan lebaran pelajar rp juta klik bit ly bantuan apr,1,
3302,Instagram,@kemdikbud.ri,pengumuman perpanjangan simpan permanen akun ltmpt tahap,0,
3303,Facebook,Kabar Viral,hoaks menteri nadiem sebut kurikulum merdeka sekolah kaya,1,
3304,Tempo.co,@tempodotco,audit kemendikbud digitalisasi pengadaan sekolah hemat rp triliun,0,
3305,X (Twitter),@LeakIndo,hoaks dokumen bocor pemerintah tarik dana abadi pendidikan,1,
3306,Media Indonesia,@mediaindonesia,mendikbudristek revitalisasi bahasa daerah fokus generasi muda,0,
3307,TikTok,@news_update,hoaks bahaya laptop bantuan pemerintah dapat sadap pembicaraan rumah,1,
3308,WhatsApp,Grup Guru,hoaks pengisian survey lingkungan belajar wajib membayar rp rb per guru,1,
3309,YouTube,Kemdikbud RI,webinar sosialisasi pengisian kip kuliah jalur sbmptn,0,
3310,Instagram,@faktakita,hoaks siswa vaksin dilarang mengikuti ujian sekolah,1,
3311,Kompas.com,@kompascom,kemendikbudristek beri beasiswa guru penggerak terpilih,0,
3312,Detik.com,@detikcom,nadiem guru honorer lulus passing grade prioritas pengangkatan,0,
3313,X (Twitter),@EduNews,hoaks link download bocoran soal utbk format pdf gratis,1,
3314,Facebook,Suara Rakyat,hoaks pemerintah hapuskan status tunjangan anak guru pns,1,
3315,Antara News,@antaranews,kemendiktisaintek skema dana padanan riset dorong inovasi kampus,0,
3316,CNN Indonesia,@CNNIndonesia,nadiem makarim platform merdeka mengajar efektif tekan biaya diklat,0,
3317,WhatsApp,Forwarded,hoaks subsidi laptop gratis mahasiswa kip kuliah klik link,1,
3318,TikTok,@berita_panas,hoaks gawat sertifikat sertifikasi guru berlaku update,1,
3319,Republika,@republikaonline,pemerintah targetkan digitalisasi sekolah akhir april,0,
3320,Instagram,@cekfakta_id,hoaks video nadiem mengatakan pendidikan seksual wajib paud,1,
3321,CNBC Indonesia,@cnbcindonesia,realisasi anggaran pendidikan kuartal mencapai target optimis,0,
3322,Tempo.co,@tempodotco,kemendikbudristek efisiensi anggaran rapat virtual selama ramadhan,0,
3323,YouTube,@infopendidikan,tutorial daftar utbk sbmptn lengkap link resmi,0,
3324,WhatsApp,Grup RT,hoaks link pendaftaran paket sembako murah keluarga siswa kip,1,
3325,Facebook,Lowongan Kerja,hoaks rekrutmen pegawai kemendikbud jalur khusus ramadhan,1,
3326,X (Twitter),@AnonEdu,hoaks dana riset mahasiswa dipakai membayar jasa influencer ikn,1,
3327,Instagram,@stophoax,hoaks berita penghapusan mapel seni budaya kurikulum prototipe,1,
3328,LinkedIn,Praktisi Edukasi,transformasi dana bos menjadi dana bosp tingkatkan efisiensi,0,
3329,Media Indonesia,@mediaindonesia,kemendikbudristek pantau penyaluran tpg triwulan per april,0,
3330,Antara News,@antaranews,program wirausaha merdeka siapkan mahasiswa hadapi tantangan ekonomi,0,
3331,TikTok,@vlogger_id,hoaks sekolah swasta boleh menerima siswa tanpa izin pusat,1,
3332,WhatsApp,Forwarded,hoaks bantuan uang tunai ramadhan pelajar rp juta kemdikbud,1,
3333,Kompas.com,@kompascom,kemendiktisaintek beasiswa lpdp tahap selesaikan proses seleksi,0,
3334,Detik.com,@detikcom,nadiem kurikulum merdeka berikan fleksibilitas biasa guru,0,
3335,X (Twitter),@RumorKampus,hoaks biaya pendaftaran sbmptn naik jadi rp rb inflasi,1,
3336,Facebook,Kabar Guru,hoaks tpg guru honorer dihapus mulai semester ganjil,1,
3337,CNN Indonesia,@CNNIndonesia,mendikbudristek sekolah tetap ptm terbatas selama ramadhan,0,
3338,Republika,@republikaonline,kemendikbudristek pangkas birokrasi beasiswa aplikasi data,0,
3339,YouTube,Kemdikbud RI,live penjelasan teknis thr gaji guru asn,0,
3340,Instagram,@kemdikbud.ri,tips persiapan utbk sbmptn sambil menjalankan ibadah puasa,0,
3341,WhatsApp,Grup Sekolah,hoaks link subsidi tablet gratis siswa mampu bit ly tablet,1,
3342,Facebook,Viral News,hoaks dana bos dipotong biaya mudik pejabat,1,
3343,X (Twitter),@LeakIndo,hoaks bocoran pemerintah menjual aset kampus negeri hutang,1,
3344,TikTok,@vlogger_edu,hoaks nadiem makarim bahasa indonesia diganti bahasa inggris,1,
3345,Instagram,@faktakita,hoaks beasiswa kip kuliah siswa beragama tertentu,1,
3346,CNBC Indonesia,@cnbcindonesia,anggaran fungsi pendidikan apbn fokus pemulihan belajar,0,
3347,Tempo.co,@tempodotco,kemendikbudristek raih opini wtp bpk laporan keuangan,0,
3348,Media Indonesia,@mediaindonesia,efisiensi anggaran digitalisasi ijazah hemat biaya cetak miliaran,0,
3349,Antara News,@antaranews,mendikbudristek luncurkan merdeka belajar ep dana abadi kebudayaan,0,
3350,YouTube,@infosekolah,hoaks pengumuman libur lebaran siswa diperpanjang bulan,1,
3351,WhatsApp,Grup Guru,hoaks guru wajib mengumpulkan dana infaq ramadhan dinas,1,
3352,Facebook,Info Cepat,hoaks beasiswa negeri tanpa seleksi langsung berangkat mei,1,
3353,X (Twitter),@Netizen_News,hoaks skandal buku sekolah berisi propaganda ideologi terlarang,1,
3354,TikTok,@berita_vlog,hoaks mulai mei siswa masuk sekolah jam pagi tanpa,1,
3355,Instagram,@cekfakta_id,hoaks video nadiem mengatakan guru perlu dibayar mahal,1,
3356,Kompas.com,@kompascom,kemendikbudristek salurkan dana darurat sekolah wilayah,0,
3357,Detik.com,@detikcom,nadiem pemanfaatan dana bos honor guru maksimal persen,0,
3358,Republika,@republikaonline,kemendikbudristek klaim efisiensi operasional rp triliun per april,0,
3359,CNN Indonesia,@CNNIndonesia,audit bpk penyerapan anggaran pendidikan capai persen,0,
3360,YouTube,@pendidikankita,tutorial penggunaan arkas laporan dana bos transparan,0,
3361,Instagram,@kemdikbud.ri,hati hati penipuan kemendikbud pungut biaya beasiswa,0,
3362,LinkedIn,Analis Publik,digitalisasi pendidikan mengurangi kebocoran anggaran,0,
3363,WhatsApp,Forwarded,hoaks link bantuan paket data gratis gb edisi idul fitri,1,
3364,Facebook,Kabar Guru,hoaks tunjangan sertifikasi guru dicairkan bentuk sembako,1,
3365,X (Twitter),@EduLeaks,hoaks anggaran kip kuliah dipotong demi membiayai pembangunan ikn,1,
3366,TikTok,@news_update,hoaks bahaya aplikasi merdeka mengajar dapat curi data perbankan,1,
3367,Instagram,@stophoax,hoaks berita mendikbud menghapus status guru tetap yayasan,1,
3368,Antara News,@antaranews,kemendikdasmen dorong peningkatan literasi digital sekolah dasar,0,
3369,Kompas.com,@kompascom,ltmpt pendaftaran utbk sbmptn berakhir april,0,
3370,Detik.com,@detikcom,mendikbudristek sekolah harus menjadi ruang aman inklusif,0,
3371,WhatsApp,Grup Sekolah,hoaks pendaftaran ujian perbaikan nilai ijazah membayar rp ribu,1,
3372,Facebook,Viral Edu,hoaks pemerintah ganti guru tua tenaga honorer,1,
3373,X (Twitter),@PolitikUpdate,hoaks dana pendidikan dipakai membiayai perjalanan negeri buzzer,1,
3374,TikTok,@vlogger_edu,hoaks nadiem makarim mahasiswa perlu skripsi mulai mei,1,
3375,Instagram,@faktakita,hoaks syarat kip kuliah wajib menunjukkan sertifikat vaksin booster,1,
3376,CNBC Indonesia,@cnbcindonesia,sri mulyani thr asn cair lebaran termasuk tenaga pendidik,0,
3377,Tempo.co,@tempodotco,kemendikbudristek hemat rp triliun procurement alat lab,0,
3378,Media Indonesia,@mediaindonesia,nadiem kurikulum merdeka tekankan pengembangan karakter siswa,0,
3379,YouTube,Kemdikbud RI,penjelasan mengenai jalur seleksi mandiri ptn transparan,0,
3380,Instagram,@kemdikbud.ri,cek segera jadwal libur nasional cuti idul fitri,0,
3381,WhatsApp,Grup RT,hoaks sekolah wajib mengadakan buka pungut biaya rb,1,
3382,Facebook,Kabar Viral,hoaks ijazah lulusan sah cap basah pusat,1,
3383,X (Twitter),@AnonNews,hoaks dana pendidikan dipakai membeli saham perusahaan milik pejabat,1,
3384,TikTok,@news_edu,hoaks lowongan cpns guru dibuka lulusan kampus tertentu,1,
3385,Instagram,@cekfakta_id,hoaks video nadiem makarim mengatakan kurikulum agama penting,1,
3386,Republika,@republikaonline,kemendikbudristek pastikan penyaluran tunjangan guru tetap lancar,0,
3387,CNN Indonesia,@CNNIndonesia,nadiem kampus merdeka berikan mahasiswa pengalaman kerja nyata,0,
3388,Antara News,@antaranews,pemerintah beri insentif sekolah berhasil efisiensi dana bos,0,
3389,Kompas.com,@kompascom,kemendiktisaintek beasiswa lpdp fokus bidang teknologi,0,
3390,Detik.com,@detikcom,mendikbud harus berhenti memandang pendidikan beban,0,
3391,WhatsApp,Forwarded,hoaks link subsidi pulsa belajar gb edisi lebaran kemdikbud,1,
3392,Facebook,Info Guru,hoaks tunjangan sertifikasi guru dihapus mulai tahun,1,
3393,X (Twitter),@PolitikUpdate,hoaks dana pendidikan dipakai membeli peralatan kantor import mewah,1,
3394,TikTok,@vlogger_edu,hoaks mulai mei mahasiswa boleh kuliah bekerja startup,1,
3395,Instagram,@faktakita,hoaks dana kip kuliah cair mahasiswa ipk diatas,1,
3396,CNBC Indonesia,@cnbcindonesia,sri mulyani belanja pendidikan april fokus infrastruktur digital,0,
3397,Tempo.co,@tempodotco,kemendikbudristek efisiensi belanja barang katalog elektronik,0,
3398,Media Indonesia,@mediaindonesia,nadiem makarim digitalisasi sekolah membantu transparansi anggaran,0,
3399,YouTube,Kemdikbud RI,sosialisasi program smk pusat keunggulan pembiayaan padanan,0,
3400,Instagram,@kemdikbud.ri,gunakan akun belajar id akses platform pendidikan,0,
3401,WhatsApp,Grup Sekolah,hoaks pendaftaran wisuda massal sekolah negeri wajib membayar juta,1,
3402,Facebook,Viral News,hoaks dana bos dipotong membiayai kampanye pejabat,1,
3403,X (Twitter),@LeakIndo,hoaks bocoran pemerintah menjual saham universitas negeri asing,1,
3404,TikTok,@news_update,hoaks bahaya laptop bantuan pemerintah dapat meledak puasa,1,
3405,Instagram,@stophoax,hoaks berita mendikbud menghapus jabatan kepala sekolah,1,
3406,Antara News,@antaranews,kemendikdasmen dorong transformasi digital tingkat paud,0,
3407,Kompas.com,@kompascom,kemendikbudristek alokasikan dana khusus guru daerah bencana,0,
3408,Detik.com,@detikcom,nadiem pemanfaatan platform digital hemat anggaran publikasi guru,0,
3409,Republika,@republikaonline,audit bpk efisiensi pengadaan alat praktik smk capai persen,0,
3410,CNN Indonesia,@CNNIndonesia,nadiem makarim merdeka belajar gerakan sekadar proyek,0,
3411,YouTube,@pendidikankita,penjelasan pelaporan dana bos kini wajib sistem online,0,
3412,WhatsApp,Forwarded,hoaks link klaim hadiah lebaran kemdikbud berupa uang tunai,1,
3413,Facebook,Kabar Guru,hoaks tpg guru dipotong pajak pembangunan jalan tol,1,
3414,X (Twitter),@EduLeaks,hoaks dana riset kampus dihapus total demi efisiensi nasional,1,
3415,TikTok,@news_edu,hoaks lowongan guru lulusan universitas negeri,1,
3416,Instagram,@cekfakta_id,hoaks video nadiem makarim mengatakan ijazah diperlukan,1,
3417,CNBC Indonesia,@cnbcindonesia,pemerintah siapkan rp triliun belanja pendidikan tahun,0,
3418,Tempo.co,@tempodotco,kemendikbudristek pangkas biaya operasional data pendidikan,0,
3419,Media Indonesia,@mediaindonesia,nadiem makarim kurikulum merdeka menjawab krisis pembelajaran,0,
3420,YouTube,Kemdikbud RI,tutorial pendaftaran beasiswa pendidikan indonesia tahun,0,
3421,Instagram,@kemdikbud.ri,selamat menunaikan ibadah puasa insan pendidikan,0,
3422,WhatsApp,Grup RT,hoaks bantuan alat tulis pemerintah wajib diambil kantor pos,1,
3423,Facebook,Kabar Viral,hoaks dana kip kuliah dihentikan mahasiswa semester akhir,1,
3424,X (Twitter),@AnonNews,hoaks skandal dana pendidikan dipakai membayar utang negeri,1,
3425,TikTok,@vlogger_edu,hoaks mulai april pelajaran sejarah digabung pelajaran olahraga,1,
3426,Instagram,@faktakita,hoaks beasiswa lpdp diberikan mahasiswa ikut partai,1,
3427,Republika,@republikaonline,kemendikbudristek pantau penyaluran dana bosp tahap secara online,0,
3428,CNN Indonesia,@CNNIndonesia,nadiem integrasi aplikasi belajar id hemat biaya infrastruktur ti,0,
3429,Antara News,@antaranews,pemerintah beri penghargaan guru inovatif wilayah terpencil,0,
3430,Kompas.com,@kompascom,kemendiktisaintek beasiswa negeri dibuka april,0,
3431,Detik.com,@detikcom,mendikbud harus berhenti mengeluh soal anggaran pendidikan,0,
3432,WhatsApp,Forwarded,hoaks link subsidi kuota lebaran gb kemdikbud klik bit ly lebaran,1,
3433,Facebook,Info Guru,hoaks guru sertifikasi wajib membeli laptop merk tertentu,1,
3434,X (Twitter),@PolitikUpdate,hoaks dana pendidikan dipakai membiayai konser musik pejabat,1,
3435,TikTok,@vlogger_edu,hoaks nadiem makarim siswa boleh masuk sekolah selama puasa,1,
3436,Instagram,@faktakita,hoaks dana kip kuliah diambil mahasiswa lulus,1,
3437,CNBC Indonesia,@cnbcindonesia,sri mulyani belanja pendidikan april fokus pemulihan belajar,0,
3438,Tempo.co,@tempodotco,kemendikbudristek efisiensi belanja barang katalog elektronik,0,
3439,Media Indonesia,@mediaindonesia,nadiem makarim digitalisasi sekolah membantu transparansi anggaran,0,
3440,YouTube,Kemdikbud RI,sosialisasi program smk pusat keunggulan pembiayaan padanan,0,
3441,Kompas.com,@kompascom,hardiknas kemendikbudristek gelar upacara tatap muka mei,0,
3442,Detik.com,@detikcom,utbk sbmptn gelombang dimulai peserta wajib membawa kartu ujian,0,
3443,WhatsApp,Grup Warga,hoaks link subsidi paket data gb hadiah hardiknas klik bit ly paket mei,1,
3444,Facebook,Kabar Guru,hoaks guru honorer otomatis jadi pns tanpa tes bulan mei,1,
3445,Antara News,@antaranews,mendikbudristek dana bos tahap ii cair fokus operasional sekolah,0,
3446,CNBC Indonesia,@cnbcindonesia,sri mulyani anggaran pendidikan mei difokuskan beasiswa nasional,0,
3447,X (Twitter),@PolitikUpdate,hoaks dana pendidikan dipakai membayar denda utang negeri,1,
3448,TikTok,@vlogger_edu,hoaks nadiem makarim siswa boleh pakai baju bebas sekolah mulai juni,1,
3449,Republika,@republikaonline,efisiensi anggaran kemendikbudristek hapus pos kegiatan seremonial,0,
3450,CNN Indonesia,@CNNIndonesia,pemerintah pastikan penyaluran tunjangan profesi guru triwulan ii tepat,0,
3451,WhatsApp,Forwarded,hoaks link bantuan laptop gratis siswa lulus tahun,1,
3452,Instagram,@kemdikbud.ri,pengumuman masa sanggah kuota sekolah ppdb dibuka,0,
3453,Facebook,Info Cepat,hoaks pendaftaran kip kuliah jalur mandiri wajib membayar administrasi rb,1,
3454,Tempo.co,@tempodotco,audit bpk digitalisasi sistem arkas hemat anggaran sekolah rp triliun,0,
3455,X (Twitter),@EduLeaks,hoaks dokumen bocor kemendikbud menghapus mapel bahasa inggris,1,
3456,Media Indonesia,@mediaindonesia,nadiem kurikulum merdeka tekankan fleksibilitas penggunaan dana sekolah,0,
3457,TikTok,@news_update,hoaks bahaya masker dibagikan sekolah berisi sensor pelacak anak,1,
3458,WhatsApp,Grup Guru,hoaks surat edaran guru wajib mengembalikan thr sertifikasi,1,
3459,YouTube,Kemdikbud RI,live upacara peringatan hari pendidikan nasional mei,0,
3460,Instagram,@faktakita,hoaks pelajar mengikuti upacara hardiknas dicabut kip,1,
3461,Kompas.com,@kompascom,kemendiktisaintek mahasiswa lolos program kampus mengajar,0,
3462,Detik.com,@detikcom,nadiem guru ujung tombak transformasi pendidikan indonesia,0,
3463,X (Twitter),@RumorKampus,hoaks bocoran soal utbk hari tersebar grup telegram,1,
3464,Facebook,Suara Rakyat,hoaks pemerintah hapuskan status guru pns secara bertahap mei,1,
3465,Antara News,@antaranews,kemendiktisaintek dana riset matching fund capai rp triliun,0,
3466,CNN Indonesia,@CNNIndonesia,nadiem makarim platform merdeka mengajar hemat biaya pelatihan guru,0,
3467,WhatsApp,Forwarded,hoaks link klaim hadiah hardiknas berupa saldo dana rb kemdikbud,1,
3468,TikTok,@berita_panas,hoaks gawat sertifikat kelulusan sah tanpa legalisir jakarta,1,
3469,Republika,@republikaonline,pemerintah targetkan digitalisasi sekolah akhir mei,0,
3470,Instagram,@cekfakta_id,hoaks video nadiem makarim mengatakan wisuda sekolah perlu,1,
3471,CNBC Indonesia,@cnbcindonesia,menkeu belanja fungsi pendidikan per mei capai rp triliun,0,
3472,Tempo.co,@tempodotco,kemendikbudristek efisiensi belanja alat peraga katalog nasional,0,
3473,YouTube,@infopendidikan,tutorial cek hasil kelulusan sma smk tahun secara online,0,
3474,WhatsApp,Grup RT,hoaks link pendaftaran sembako gratis pemilik kartu indonesia pintar,1,
3475,Facebook,Lowongan Kerja,hoaks rekrutmen staf khusus kemendikbud tanpa syarat ijazah,1,
3476,X (Twitter),@AnonEdu,hoaks dana abadi pendidikan digunakan menutup defisit proyek ikn,1,
3477,Instagram,@stophoax,hoaks berita penghapusan jabatan pengawas sekolah kurikulum,1,
3478,LinkedIn,Praktisi Edukasi,efisiensi birokrasi transformasi dapodik hemat administrasi guru,0,
3479,Media Indonesia,@mediaindonesia,kemendikbudristek ppdb tetap menggunakan jalur zonasi prestasi,0,
3480,Antara News,@antaranews,program msib batch dibuka kemendiktisaintek siapkan anggaran besar,0,
3481,TikTok,@vlogger_id,hoaks sekolah swasta boleh tarik spp mulai bulan mei,1,
3482,WhatsApp,Forwarded,hoaks bantuan uang tunai hadiah kelulusan rp juta kemdikbud,1,
3483,Kompas.com,@kompascom,kemendiktisaintek beasiswa lpdp tahap mulai masuk proses seleksi,0,
3484,Detik.com,@detikcom,nadiem kurikulum merdeka berikan opsi pemulihan pembelajaran efektif,0,
3485,X (Twitter),@PolitikUpdate,hoaks biaya pendidikan naik menutup biaya operasional pejabat,1,
3486,Facebook,Kabar Guru,hoaks guru honorer tahun langsung diangkat jadi pppk tanpa tes,1,
3487,CNN Indonesia,@CNNIndonesia,mendikbudristek ptm tetap berlanjut evaluasi prokes berkala,0,
3488,Republika,@republikaonline,kemendikbudristek pangkas alur birokrasi sertifikasi guru digital,0,
3489,YouTube,Kemdikbud RI,sosialisasi program transformasi dana bos menjadi dana bosp,0,
3490,Instagram,@kemdikbud.ri,cek tanggal penting jadwal utbk sbmptn gelombang gelombang,0,
3491,WhatsApp,Grup Sekolah,hoaks pendaftaran ujian perbaikan un wajib membayar rp ribu,1,
3492,Facebook,Viral News,hoaks dana bos dipotong menutup biaya subsidi bbm,1,
3493,X (Twitter),@LeakIndo,hoaks bocoran pemerintah swastakan universitas negeri,1,
3494,TikTok,@vlogger_edu,hoaks nadiem makarim siswa boleh menolak mata pelajaran sulit,1,
3495,Instagram,@faktakita,hoaks mahasiswa kip kuliah boleh libur hari selama tahun,1,
3496,CNBC Indonesia,@cnbcindonesia,anggaran pendidikan pemerintah alokasikan dana riset rp triliun,0,
3497,Tempo.co,@tempodotco,kemendikbudristek raih efisiensi rp triliun sistem pengadaan online,0,
3498,Media Indonesia,@mediaindonesia,efisiensi anggaran kemendikbudristek fokus kualitas tenaga pendidik,0,
3499,Antara News,@antaranews,mendikbudristek merdeka belajar solusi krisis pembelajaran dunia,0,
3500,YouTube,@infosekolah,hoaks pengumuman libur semester ganjil dipercepat menjadi bulan mei,1,
3501,WhatsApp,Grup Guru,hoaks guru wajib membeli buku pedoman kurikulum merdeka rb,1,
3502,Facebook,Info Cepat,hoaks beasiswa negeri tanpa toefl berlaku akhir mei,1,
3503,X (Twitter),@Netizen_News,hoaks skandal buku sejarah sekolah dihapus nama tokoh pahlawan nasional,1,
3504,TikTok,@berita_vlog,hoaks mulai juni siswa wajib masuk sekolah hari sabtu minggu,1,
3505,Instagram,@cekfakta_id,hoaks video nadiem mengatakan guru perlu gelar sarjana,1,
3506,Kompas.com,@kompascom,kemendikbudristek salurkan dana darurat sekolah pasca bencana,0,
3507,Detik.com,@detikcom,nadiem pemanfaatan teknologi informasi kurangi kebocoran dana bos,0,
3508,Republika,@republikaonline,kemendikbudristek klaim efisiensi operasional rp triliun per mei,0,
3509,CNN Indonesia,@CNNIndonesia,audit bpk penyerapan anggaran vokasi mei optimal,0,
3510,YouTube,@pendidikankita,tutorial pengisian laporan sptjm dana bos portal kemdikbud,0,
3511,Instagram,@kemdikbud.ri,waspada penipuan link pendaftaran kip kuliah website resmi,0,
3512,LinkedIn,Analis Publik,digitalisasi ijazah dapat mengurangi biaya administrasi nasional,0,
3513,WhatsApp,Forwarded,hoaks link klaim subsidi paket internet gb spesial hari pendidikan,1,
3514,Facebook,Kabar Guru,hoaks tunjangan sertifikasi guru dicairkan bentuk voucher belanja,1,
3515,X (Twitter),@EduLeaks,hoaks anggaran beasiswa lpdp dikurangi membayar influencer,1,
3516,TikTok,@news_update,hoaks bahaya aplikasi dapodik dapat mengambil data foto pribadi guru,1,
3517,Instagram,@stophoax,hoaks berita mendikbud menghapus mata pelajaran bahasa indonesia,1,
3518,Antara News,@antaranews,kemendikdasmen dorong literasi membaca tingkat sekolah dasar,0,
3519,Kompas.com,@kompascom,ltmpt hari utbk sbmptn berjalan lancar indonesia,0,
3520,Detik.com,@detikcom,mendikbudristek sekolah harus menjadi ruang nyaman tanpa perundungan,0,
3521,WhatsApp,Grup Sekolah,hoaks pendaftaran wisuda sekolah negeri wajib membayar pajak negara rb,1,
3522,Facebook,Viral Edu,hoaks pemerintah ganti guru honorer robot pintar ai,1,
3523,X (Twitter),@PolitikUpdate,hoaks dana pendidikan dipakai membiayai perjalanan dinas mewah pejabat,1,
3524,TikTok,@vlogger_edu,hoaks nadiem makarim pelajar boleh mengerjakan pr mulai mei,1,
3525,Instagram,@faktakita,hoaks syarat kip kuliah wajib menunjukkan sertifikat vaksin,1,
3526,CNBC Indonesia,@cnbcindonesia,sri mulyani belanja pendidikan mei fokus infrastruktur digital,0,
3527,Tempo.co,@tempodotco,kemendikbudristek hemat rp triliun katalog elektronik sektoral,0,
3528,Media Indonesia,@mediaindonesia,nadiem kurikulum merdeka menjawab tantangan pendidikan pasca pandemi,0,
3529,YouTube,Kemdikbud RI,sosialisasi program kampus merdeka batch tahun,0,
3530,Instagram,@kemdikbud.ri,semarakkan hari pendidikan nasional twibbon resmi,0,
3531,WhatsApp,Grup RT,hoaks bantuan alat tulis pemerintah wajib diambil kantor pos,1,
3532,Facebook,Kabar Viral,hoaks dana kip kuliah dihentikan mahasiswa semester,1,
3533,X (Twitter),@AnonNews,hoaks skandal dana pendidikan dipakai membayar utang negeri,1,
3534,TikTok,@vlogger_edu,hoaks mulai mei pelajaran matematika dihapus jenjang sd,1,
3535,Instagram,@faktakita,hoaks beasiswa lpdp diberikan anak pejabat,1,
3536,Republika,@republikaonline,kemendikbudristek pantau penyaluran dana bosp tahap ii secara online,0,
3537,CNN Indonesia,@CNNIndonesia,nadiem integrasi akun belajar id hemat biaya lisensi perangkat lunak,0,
3538,Antara News,@antaranews,pemerintah beri penghargaan guru inspiratif wilayah terpencil,0,
3539,Kompas.com,@kompascom,kemendiktisaintek program matching fund resmi dibuka mei,0,
3540,Detik.com,@detikcom,mendikbud anggaran pendidikan harus berdampak langsung siswa,0,
3541,WhatsApp,Forwarded,hoaks link subsidi kuota belajar gb hadiah hardiknas klik bit ly,1,
3542,Facebook,Info Guru,hoaks tunjangan sertifikasi guru dipotong dana sosial,1,
3543,X (Twitter),@PolitikUpdate,hoaks dana pendidikan dipakai membiayai kampanye pilkada serentak,1,
3544,TikTok,@vlogger_edu,hoaks nadiem makarim siswa boleh menentukan nilai rapor sendiri,1,
3545,Instagram,@faktakita,hoaks dana kip kuliah ditarik ipk mahasiswa dibawah,1,
3546,CNBC Indonesia,@cnbcindonesia,sri mulyani belanja pendidikan mei fokus pemulihan belajar,0,
3547,Tempo.co,@tempodotco,kemendikbudristek efisiensi belanja barang katalog elektronik,0,
3548,Media Indonesia,@mediaindonesia,nadiem makarim digitalisasi sekolah membantu transparansi anggaran,0,
3549,YouTube,Kemdikbud RI,sosialisasi program smk pusat keunggulan pembiayaan padanan,0,
3550,Instagram,@kemdikbud.ri,gunakan akun belajar id akses platform pendidikan,0,
3551,Kompas.com,@kompascom,mendikbud dana abadi pendidikan mencapai rp triliun mei,0,
3552,Detik.com,@detikcom,kemendiktisaintek klaim efisiensi operasional rp triliun kuartal ii,0,
3553,Antara News,@antaranews,pemerintah dorong kolaborasi riset kampus industri kedaireka,0,
3554,CNN Indonesia,@CNNIndonesia,nadiem digitalisasi pendidikan membantu transparansi anggaran bos,0,
3555,Republika,@republikaonline,kemenkeu investasi sektor vokasi efektif tingkatkan ekonomi,0,
3556,Tempo.co,@tempodotco,efisiensi anggaran kemendikbud hapus ratusan pos rapat kantor,0,
3557,Media Indonesia,@mediaindonesia,satgas covid-19 lonjakan klaster ptm pasca libur lebaran,0,
3558,CNBC Indonesia,@cnbcindonesia,sri mulyani setujui anggaran riset rp triliun kedaireka,0,
3559,YouTube,Kemdikbud RI,tutorial pengisian kip kuliah jalur mandiri sbmptn,0,
3560,Instagram,@kemdikbud.ri,segera daftarkan sekolah kurikulum merdeka secara mandiri,0,
3561,LinkedIn,Analis Publik,purchasing sekolah efisien secara biaya administrasi,0,
3562,Antara News,@antaranews,kemendiktisaintek beasiswa lpdp resmi dibuka skema,0,
3563,Kompas.com,@kompascom,mendikbudristek sekolah level ppkm diizinkan ptm persen,0,
3564,Detik.com,@detikcom,kemenkeu pastikan tunjangan guru tetap prioritas apbn,0,
3565,CNN Indonesia,@CNNIndonesia,kemendikbudristek salurkan dana darurat sekolah terdampak gempa,0,
3566,WhatsApp,Forwarded,hoaks link klaim bantuan biaya sekolah rp juta pemerintah bit ly,1,
3567,Facebook,Info Beasiswa,hoaks pendaftaran kip kuliah harus membayar biaya admin rp,1,
3568,X (Twitter),@AnonEdu,hoaks dokumen palsu kemendikbud menghapus mapel olahraga,1,
3569,TikTok,@vlogger_id,hoaks gawat kurikulum merdeka eksperimen tanpa hukum,1,
3570,Instagram,@faktakita,hoaks dana bos februari dipotong pembangunan ikn,1,
3571,Kompas.com,@kompascom,kemendikbudristek hemat rp triliun sistem procurement terpadu,0,
3572,Detik.com,@detikcom,nadiem makarim digitalisasi sekolah mengurangi kebocoran anggaran,0,
3573,Antara News,@antaranews,pemerintah prioritaskan dana pendidikan penuntasan buta aksara,0,
3574,CNN Indonesia,@CNNIndonesia,audit bpk penyerapan anggaran vokasi capai efisien,0,
3575,Republika,@republikaonline,kemendikbudristek pantau akuntabilitas dana bosp dashboard,0,
3576,Tempo.co,@tempodotco,efisiensi anggaran kemendikbud hapus ratusan pos rapat kota,0,
3577,Media Indonesia,@mediaindonesia,mendikbudristek ptm harus dilakukan kehati hatian tinggi,0,
3578,CNBC Indonesia,@cnbcindonesia,sri mulyani belanja pendidikan mei fokus kualitas infrastruktur,0,
3579,YouTube,@pendidikankita,inovasi digitalisasi sekolah mengurangi biaya penggandaan materi ajar,0,
3580,Instagram,@kemdikbud.ri,selamat juta mahasiswa terdaftar penerima ukt,0,
3581,LinkedIn,Praktisi Edukasi,dampak positif pengalihan anggaran seremonial subsidi riset nasional,0,
3582,Antara News,@antaranews,kemendiktisaintek skema dana padanan riset dorong inovasi nasional,0,
3583,Kompas.com,@kompascom,nadiem makarim digitalisasi sekolah membantu efisiensi anggaran daerah,0,
3584,Detik.com,@detikcom,pemerintah targetkan juta guru tersertifikasi digital tahun,0,
3585,Republika,@republikaonline,kemendikbudristek pangkas birokrasi sertifikasi aplikasi mobile,0,
3586,WhatsApp,Forwarded,hoaks bantuan uang tunai spesial ramadhan rp juta siswa sd sma,1,
3587,Facebook,Suara Rakyat,hoaks menteri nadiem sekolah swasta beban anggaran negara,1,
3588,X (Twitter),@PolitikUpdate,hoaks viral dana publikasi jurnal mahasiswa digunakan membayar buzzer,1,
3589,TikTok,@vlogger_politik,hoaks fakta mitos anggaran pendidikan hilang rp triliun,1,
3590,Instagram,@stophoax,hoaks klarifikasi berita penghapusan tunjangan sertifikasi guru hoaks,1,
3591,Kompas.com,@kompascom,ltmpt resmi umumkan hasil seleksi sbmptn juni,0,
3592,Detik.com,@detikcom,nadiem makarim integrasi arkas siplah hemat administrasi sekolah,0,
3593,WhatsApp,Grup Sekolah,subsidi kuota internet gratis gb masa aktif bulan kemdikbud,1,
3594,Facebook,Info Guru,guru honorer lulus pppk tahap dapat tunjangan khusus juni,1,
3595,Antara News,@antaranews,kemendiktisaintek jalur mandiri ptn wajib dilakukan secara transparan,0,
3596,CNBC Indonesia,@cnbcindonesia,sri mulyani anggaran pendidikan semester fokus sarpras sekolah,0,
3597,X (Twitter),@PolitikNews,dana beasiswa mahasiswa dialihkan membiayai pesta pejabat,1,
3598,TikTok,@vlogger_edu,mulai juli siswa wajib menggunakan seragam berbasis pakaian adat,1,
3599,Republika,@republikaonline,efisiensi anggaran kemdikbud kurangi penggunaan kertas proses ppdb,0,
3600,CNN Indonesia,@CNNIndonesia,nadiem platform merdeka mengajar kurangi biaya pelatihan guru fisik,0,
3601,WhatsApp,Forwarded,link pendaftaran bantuan tunai kelulusan rp juta per siswa,1,
3602,Facebook,Info Cepat,pendaftaran kip kuliah jalur mandiri harus membayar biaya verifikasi data,1,
3603,X (Twitter),@EduLeaks,dokumen bocor pemerintah menghapus mapel agama kurikulum,1,
3604,TikTok,@news_update,bahaya laptop bantuan pemerintah dapat mencuri data rahasia pengguna,1,
3605,Instagram,@faktakita,mahasiswa ikut demo langsung dicabut status kip kuliahnya,1,
3606,YouTube,Kemdikbud RI,panduan daftar ulang peserta lolos sbmptn,0,
3607,WhatsApp,Grup Guru,surat edaran guru wajib membeli laptop merk tertentu pakai dana pribadi,1,
3608,Facebook,Viral Edu,siswa lulusan wajib melakukan legalisir ijazah jakarta,1,
3609,X (Twitter),@LeakIndo,dana riset kampus dialokasikan menutup kerugian perusahaan negara,1,
3610,TikTok,@berita_edu,berita gembira nadiem makarim beri smartphone gratis siswa,1,
3611,CNBC Indonesia,@cnbcindonesia,pemerintah siapkan rp triliun beasiswa kip kuliah tahun,0,
3612,Liputan6,@liputan6dotcom,kemendikbudristek sosialisasikan kurikulum merdeka sekolah swasta,0,
3613,YouTube,Kemdikbud RI,sosialisasi teknis penerimaan peserta didik ppdb,0,
3614,Instagram,@kemdikbud.ri,selamat peserta lolos sbmptn simak langkah berikut,0,
3615,LinkedIn,Analis Publik,transformasi digital pendidikan menurunkan biaya operasional tahunan,0,
3616,Antara News,@antaranews,kemendiktisaintek beasiswa lpdp tahap resmi dibuka mulai juni,0,
3617,Kompas.com,@kompascom,nadiem pemanfaatan dana bos honor guru maksimal persen,0,
3618,Detik.com,@detikcom,kemendikbudristek klaim efisiensi anggaran rp triliun katalog elektronik,0,
3619,Republika,@republikaonline,audit bpk penyerapan dana pendidikan mencapai target kuartal ii,0,
3620,CNN Indonesia,@CNNIndonesia,kemendikbudristek tegaskan penghapusan mata pelajaran sejarah,0,
3621,WhatsApp,Grup RT,link pembagian buku sekolah gratis pemerintah klik bit ly buku juni,1,
3622,Facebook,Info Beasiswa,pendaftaran beasiswa full amerika tanpa toefl cair juni,1,
3623,X (Twitter),@Netizen_News,skandal dana buku sekolah digunakan membayar jasa influencer,1,
3624,TikTok,@berita_panas,berita duka gaji guru pppk dipotong mulai bulan juli,1,
3625,Instagram,@cekfakta_id,video nadiem makarim mengatakan guru honorer harus cari kerja sampingan,1,
3626,WhatsApp,Forwarded,bantuan uang tunai spesial libur sekolah rp juta kemdikbud,1,
3627,Facebook,Kabar Guru,tunjangan sertifikasi guru dihapus mulai tahun pelajaran,1,
3628,X (Twitter),@PolitikUpdate,dana pendidikan indonesia terendah asia dokumen palsu,1,
3629,TikTok,@vlogger_politik,fakta mitos anggaran pendidikan hilang rp triliun juni,1,
3630,Instagram,@stophoax,pesan whatsapp berisi link pendaftaran relawan pendidikan bergaji tinggi,1,
3631,Tempo.co,@tempodotco,kemendikbudristek efisiensi belanja barang sistem data,0,
3632,Media Indonesia,@mediaindonesia,pendaftaran ppdb dki jakarta dibuka simak jalur syaratnya,0,
3633,YouTube,@infopendidikan,tutorial cek peringkat ppdb secara real time aplikasi,0,
3634,LinkedIn,Praktisi Edukasi,manfaat digitalisasi ijazah menekan biaya administrasi nasional,0,
3635,Antara News,@antaranews,kemendiktisaintek program matching fund masuk tahap evaluasi,0,
3636,Kompas.com,@kompascom,nadiem makarim merdeka belajar fokus kualitas kuantitas,0,
3637,Detik.com,@detikcom,kemendikbudristek salurkan dana darurat sekolah rusak gempa,0,
3638,Republika,@republikaonline,kemenkeu efisiensi dana pendidikan capai digitalisasi,0,
3639,CNN Indonesia,@CNNIndonesia,mendikbudristek sekolah harus prioritaskan dana bos sarana kebersihan,0,
3640,CNBC Indonesia,@cnbcindonesia,sri mulyani belanja pendidikan juni fokus pemulihan fasilitas,0,
3641,WhatsApp,Grup Sekolah,pendaftaran ujian perbaikan kelulusan sd smp wajib membayar rp ribu,1,
3642,Facebook,Viral News,dana bos tahap ii cair anggaran dialokasikan bbm,1,
3643,X (Twitter),@LeakIndo,terungkap dana pendidikan dipakai membeli kendaraan mewah pejabat,1,
3644,TikTok,@news_update,bahaya ptm dibatalkan sekolah online selamanya,1,
3645,Instagram,@fakta_edu,mahasiswa kip kuliah wajib mengikuti pelatihan militer bulan juli,1,
3646,YouTube,@berita_sekolah,perubahan nama kemendikbud menjadi kemendikdasmen resmi berlaku,1,
3647,WhatsApp,Grup RT,sekolah mengadakan wisuda dicabut izin operasionalnya,1,
3648,Facebook,Info Cepat,beasiswa kuliah australia resmi ditutup alasan politik,1,
3649,X (Twitter),@Netizen_News,skandal pengadaan buku sekolah berisi katalog produk,1,
3650,TikTok,@berita_panas,berita duka pemerintah resmi hapuskan tunjangan anak guru pns,1,
3651,Antara News,@antaranews,kemendikbudristek buka pendaftaran program beasiswa unggulan,0,
3652,Kompas.com,@kompascom,mendikbud dana abadi pendidikan mencapai rp triliun juni,0,
3653,Detik.com,@detikcom,kemendiktisaintek klaim efisiensi operasional rp triliun semester,0,
3654,Republika,@republikaonline,kemendikbudristek pantau akuntabilitas dana bosp dashboard,0,
3655,Tempo.co,@tempodotco,efisiensi anggaran kemendikbud hapus ratusan pos rapat kota,0,
3656,Media Indonesia,@mediaindonesia,mendikbudristek jalur prestasi ppdb harus berbasis sertifikat resmi,0,
3657,CNBC Indonesia,@cnbcindonesia,realisasi belanja fungsi pendidikan juni lampaui target,0,
3658,YouTube,@pendidikankita,inovasi digitalisasi sekolah mengurangi biaya penggandaan modul,0,
3659,Instagram,@kemdikbud.ri,selamat juta mahasiswa terdaftar penerima ukt semester,0,
3660,LinkedIn,Praktisi Edukasi,dampak positif pengalihan anggaran seminar subsidi riset mahasiswa,0,
3661,Antara News,@antaranews,kemendiktisaintek skema dana padanan riset dorong inovasi nasional,0,
3662,Kompas.com,@kompascom,nadiem makarim digitalisasi sekolah membantu efisiensi anggaran daerah,0,
3663,Detik.com,@detikcom,pemerintah targetkan juta guru tersertifikasi digital tahun,0,
3664,Republika,@republikaonline,kemendikbudristek pangkas birokrasi sertifikasi aplikasi mobile,0,
3665,CNN Indonesia,@CNNIndonesia,mendikbud anggaran pendidikan investasi masa bangsa,0,
3666,WhatsApp,Grup Guru,guru wajib beriklan produk tertentu media sosial pribadi,1,
3667,Facebook,Info Beasiswa,syarat kip kuliah wajib memiliki saldo tabungan minimal juta,1,
3668,X (Twitter),@RumorKampus,subsidi kuota internet berlaku kartu seluler tertentu,1,
3669,TikTok,@news_update,bahaya laptop bantuan sekolah dapat meledak dipakai main game,1,
3670,Instagram,@cekfakta_id,sertifikat juara internasional diakui jalur masuk ptn,1,
3671,WhatsApp,Grup Sekolah,uang pangkal sekolah naik mulai juli demi pembangunan ikn,1,
3672,Facebook,Kabar Viral,mata pelajaran olahraga dihapus demi efisiensi belajar,1,
3673,X (Twitter),@AnonEdu,dokumen bocor dana pendidikan dipakai membeli jet pribadi pejabat,1,
3674,TikTok,@berita_edu,seleksi pppk guru tahap resmi dibatalkan selamanya krisis,1,
3675,Instagram,@faktakita,dana kip kuliah dialihkan membiayai konstruksi jalan tol,1,
3676,Kompas.com,@kompascom,kemendiktisaintek alokasikan rp triliun beasiswa pendidikan,0,
3677,Detik.com,@detikcom,nadiem dana bos juni dapat digunakan perbaikan ruang kelas,0,
3678,Antara News,@antaranews,pemerintah prioritaskan dana pendidikan penuntasan buta aksara,0,
3679,CNN Indonesia,@CNNIndonesia,audit bpk temukan efisiensi pengadaan alat lab kemendikbudristek,0,
3680,Republika,@republikaonline,kemendikbudristek pantau dana bosp sistem data terpadu,0,
3681,Tempo.co,@tempodotco,kemendikbudristek hemat rp triliun procurement semester,0,
3682,Media Indonesia,@mediaindonesia,mendikbudristek evaluasi ppdb dilakukan perbaiki sistem zonasi,0,
3683,CNBC Indonesia,@cnbcindonesia,sri mulyani belanja pendidikan juni fokus kualitas guru,0,
3684,YouTube,@pendidikankita,inovasi digitalisasi sekolah mengurangi biaya operasional kantor,0,
3685,Instagram,@kemdikbud.ri,gunakan akun belajar id akses fitur merdeka belajar,0,
3686,LinkedIn,Praktisi Edukasi,dampak pengalihan anggaran seremonial subsidi riset nasional,0,
3687,Antara News,@antaranews,kemendiktisaintek skema dana padanan riset dukung kemandirian kampus,0,
3688,Kompas.com,@kompascom,nadiem makarim digitalisasi sekolah kunci transparansi dana daerah,0,
3689,Detik.com,@detikcom,pemerintah targetkan guru memiliki sertifikat kompetensi digital,0,
3690,Republika,@republikaonline,kemendikbudristek permudah administrasi guru portal terpusat,0,
3691,WhatsApp,Grup Sekolah,biaya daftar ulang siswa sma negeri sebesar rp juta,1,
3692,Facebook,Kabar Viral,mata pelajaran seni budaya digabung sejarah demi efisiensi,1,
3693,X (Twitter),@AnonEdu,terkuak dana pendidikan dipakai membayar hutang proyek kereta cepat,1,
3694,TikTok,@berita_edu,pendaftaran kip kuliah jalur mandiri ditutup total mulai besok,1,
3695,Instagram,@faktakita,dana kip kuliah cair mahasiswa menikah,1,
3696,WhatsApp,Grup RT,sekolah wajib melakukan iuran membeli fasilitas laptop kantor,1,
3697,Facebook,Info Cepat,beasiswa kuliah jerman resmi ditutup masalah visa,1,
3698,X (Twitter),@Netizen_News,skandal dana pendidikan dipakai membeli barang antik pajangan,1,
3699,TikTok,@berita_panas,berita duka tunjangan profesi guru tahun resmi ditiadakan,1,
3700,Instagram,@cekfakta_id,video nadiem makarim mengatakan siswa perlu membaca buku,1,
3701,Kompas.com,@kompascom,kemendikbudristek hemat anggaran miliaran pengadaan digital,0,
3702,Detik.com,@detikcom,nadiem kurikulum merdeka membantu siswa temukan minat dini,0,
3703,Antara News,@antaranews,pemerintah dorong kemandirian smk program pusat keunggulan,0,
3704,CNN Indonesia,@CNNIndonesia,nadiem digitalisasi pendidikan percepat penyaluran dana bos,0,
3705,Republika,@republikaonline,kemenkeu investasi sektor pendidikan krusial ekonomi,0,
3706,Tempo.co,@tempodotco,kemendikbudristek pangkas biaya operasional data,0,
3707,Media Indonesia,@mediaindonesia,mendikbudristek sekolah wilayah level ppkm diizinkan ptm,0,
3708,CNBC Indonesia,@cnbcindonesia,pemerintah siapkan rp miliar riset kedaireka tahap,0,
3709,YouTube,Kemdikbud RI,tutorial daftar beasiswa unggulan website resmi,0,
3710,Instagram,@kemdikbud.ri,pastikan data dapodik sekolah sinkron juni,0,
3711,LinkedIn,Analis Publik,purchasing sekolah efektif dibanding sistem manual,0,
3712,Antara News,@antaranews,kemendiktisaintek beasiswa lpdp fokus riset teknologi,0,
3713,Kompas.com,@kompascom,nadiem guru penggerak utama perubahan kurikulum merdeka,0,
3714,Detik.com,@detikcom,kemenkeu tunjangan guru tetap menjadi prioritas apbn semester ii,0,
3715,CNN Indonesia,@CNNIndonesia,kemendikbudristek berikan beasiswa khusus anak tenaga medis,0,
3716,WhatsApp,Forwarded,link klaim bantuan biaya sekolah rp juta kemdikbud,1,
3717,Facebook,Suara Rakyat,menteri nadiem sekolah negeri mendapat dana bos,1,
3718,X (Twitter),@PolitikUpdate,viral dana publikasi kampus dipakai membayar jasa buzzer,1,
3719,TikTok,@vlogger_politik,fakta mitos anggaran pendidikan dialokasikan vaksin,1,
3720,Instagram,@stophoax,klarifikasi berita mengenai penghapusan status pns guru dusta,1,
3721,Kompas.com,@kompascom,kemendikbudristek hemat rp triliun procurement terpadu,0,
3722,Detik.com,@detikcom,nadiem makarim digitalisasi sekolah mengurangi resiko korupsi dana,0,
3723,Antara News,@antaranews,pemerintah prioritaskan dana pendidikan penuntasan kemiskinan,0,
3724,CNN Indonesia,@CNNIndonesia,audit bpk penyerapan anggaran vokasi capai efisien,0,
3725,Republika,@republikaonline,kemendikbudristek pantau akuntabilitas dana bosp dashboard,0,
3726,Tempo.co,@tempodotco,efisiensi anggaran kemendikbud hapus ratusan pos perjalanan dinas,0,
3727,Media Indonesia,@mediaindonesia,mendikbudristek ptm harus dilakukan disiplin protokol kesehatan,0,
3728,CNBC Indonesia,@cnbcindonesia,sri mulyani belanja pendidikan juni fokus infrastruktur riset,0,
3729,YouTube,@pendidikankita,inovasi digitalisasi sekolah mengurangi biaya administrasi ppdb,0,
3730,Instagram,@kemdikbud.ri,selamat juta mahasiswa terdaftar penerima ukt,0,
3731,LinkedIn,Praktisi Edukasi,dampak positif pengalihan anggaran seremonial subsidi inovasi,0,
3732,Antara News,@antaranews,kemendiktisaintek skema dana padanan riset dorong kolaborasi global,0,
3733,Kompas.com,@kompascom,nadiem makarim digitalisasi sekolah membantu efisiensi anggaran pusat,0,
3734,Detik.com,@detikcom,pemerintah targetkan juta guru tersertifikasi digital tahun,0,
3735,Republika,@republikaonline,kemendikbudristek pangkas birokrasi sertifikasi portal digital,0,
3736,WhatsApp,Forwarded,link bantuan uang tunai spesial libur sekolah kemdikbud,1,
3737,Facebook,Suara Rakyat,pemerintah menutup kampus swasta memiliki akreditasi,1,
3738,X (Twitter),@PolitikUpdate,viral dana pendidikan dialokasikan pembangunan bandara,1,
3739,TikTok,@vlogger_politik,fakta mitos nadiem makarim mundur jabatan menteri,1,
3740,Instagram,@stophoax,klarifikasi isu mengenai penghapusan mata pelajaran sejarah hoaks,1,
3741,Kompas.com,@kompascom,hari sekolah tahun ajaran dimulai serentak juli,0,
3742,Detik.com,@detikcom,nadiem kurikulum merdeka paksaan sekolah bebas memilih opsi,0,
3743,WhatsApp,Grup Warga,link subsidi buku pelajaran gratis kuota gb kemendikbud,1,
3744,Facebook,Info Guru,pemerintah berikan tunjangan khusus guru mengajar hari sabtu,1,
3745,Antara News,@antaranews,kemendiktisaintek umumkan ribu peserta lolos seleksi mandiri ptn,0,
3746,CNBC Indonesia,@cnbcindonesia,sri mulyani anggaran pendidikan semester ii fokus kualitas guru,0,
3747,X (Twitter),@PolitikUpdate,dana kip kuliah dipotong persen menutup hutang kereta cepat,1,
3748,TikTok,@vlogger_edu,nadiem makarim instruksikan siswa wajib membeli laptop ujian,1,
3749,Republika,@republikaonline,efisiensi anggaran sekolah diimbau gunakan inventaris lama ppdb,0,
3750,CNN Indonesia,@CNNIndonesia,kemendikbudristek aturan seragam sekolah mengacu aturan lama,0,
3751,WhatsApp,Forwarded,pendaftaran beasiswa full negeri tanpa tes cair juli,1,
3752,Facebook,Info Cepat,mulai juli siswa sma wajib membayar pajak pendidikan rp ribu,1,
3753,X (Twitter),@EduLeaks,dokumen rahasia kurikulum merdeka menghapus mata pelajaran agama,1,
3754,TikTok,@news_update,bahaya sekolah tatap muka dibatalkan varian covid-19,1,
3755,Instagram,@faktakita,mahasiswa penerima kip kuliah dilarang mengambil cuti semester,1,
3756,YouTube,Kemdikbud RI,webinar implementasi kurikulum merdeka satuan pendidikan,0,
3757,WhatsApp,Grup Guru,surat edaran guru wajib memiliki akun medsos promosi,1,
3758,Facebook,Viral Edu,penutupan permanen sekolah swasta memenuhi kuota siswa,1,
3759,X (Twitter),@LeakIndo,anggaran dana bos tahap iii dialihkan biaya influencer,1,
3760,TikTok,@berita_edu,berita gembira nadiem berikan motor gratis guru daerah terpencil,1,
3761,CNBC Indonesia,@cnbcindonesia,pemerintah siapkan dana rp triliun program sertifikasi guru,0,
3762,Liputan6,@liputan6dotcom,kemendikbudristek luncurkan program wirausaha merdeka mahasiswa,0,
3763,YouTube,Kemdikbud RI,sosialisasi perangkat ajar kurikulum merdeka tahun,0,
3764,Instagram,@kemdikbud.ri,tips orang tua menghadapi hari sekolah anak,0,
3765,LinkedIn,Analis Publik,efisiensi pengadaan barang sekolah sistem digital siplah,0,
3766,Antara News,@antaranews,kemendiktisaintek buka pendaftaran beasiswa pendidikan indonesia tahap,0,
3767,Kompas.com,@kompascom,nadiem guru penggerak memiliki peluang besar menjadi kepala sekolah,0,
3768,Detik.com,@detikcom,audit bpk digitalisasi pendidikan berhasil menekan kebocoran anggaran,0,
3769,Republika,@republikaonline,kemendikbudristek klaim efisiensi operasional rp triliun awal juli,0,
3770,CNN Indonesia,@CNNIndonesia,mendikbudristek sekolah boleh mewajibkan pembelian seragam,0,
3771,WhatsApp,Grup RT,link pembagian alat tulis gratis edisi tahun ajaran,1,
3772,Facebook,Info Beasiswa,pendaftaran kuliah gratis inggris langsung lulus tanpa berkas,1,
3773,X (Twitter),@Netizen_News,skandal dana riset kampus digunakan membayar sewa apartemen pejabat,1,
3774,TikTok,@berita_panas,berita duka mulai agustus gaji guru honorer dihapus selamanya,1,
3775,Instagram,@cekfakta_id,video nadiem makarim mengatakan ijazah smk laku industri,1,
3776,WhatsApp,Forwarded,bantuan uang tunai subsidi perlengkapan sekolah rp juta,1,
3777,Facebook,Kabar Guru,sertifikasi guru dicabut menggunakan kurikulum merdeka,1,
3778,X (Twitter),@PolitikUpdate,dana pendidikan dialihkan biaya kampanye pemilihan presiden awal,1,
3779,TikTok,@vlogger_politik,anggaran pendidikan indonesia habis digunakan membangun ikn,1,
3780,Instagram,@stophoax,link whatsapp pendaftaran guru tetap tanpa tes berkas,1,
3781,Tempo.co,@tempodotco,kemendikbudristek gunakan big data pantau kualitas pembelajaran,0,
3782,Media Indonesia,@mediaindonesia,daftar sekolah melaksanakan kurikulum merdeka jalur mandiri,0,
3783,YouTube,@infopendidikan,mengaktifkan akun belajar id siswa tahun,0,
3784,LinkedIn,Praktisi Edukasi,penghematan anggaran penggabungan unit pelaksana teknis,0,
3785,Antara News,@antaranews,kemendiktisaintek dorong kampus swasta tingkatkan akreditasi,0,
3786,Kompas.com,@kompascom,nadiem makarim fokus pendidikan tahun literasi numerasi,0,
3787,Detik.com,@detikcom,pemerintah salurkan bantuan dana rehab sekolah terdampak bencana,0,
3788,Republika,@republikaonline,kemenkeu efisiensi dana pendidikan data mencapai,0,
3789,CNN Indonesia,@CNNIndonesia,mendikbudristek tegaskan penghapusan mapel sejarah,0,
3790,CNBC Indonesia,@cnbcindonesia,sri mulyani belanja pendidikan juli fokus pengembangan riset,0,
3791,WhatsApp,Grup Sekolah,biaya pendaftaran ulang siswa sma negeri sebesar rp juta,1,
3792,Facebook,Viral News,dana bos cair anggaran pendidikan kosong inflasi,1,
3793,X (Twitter),@LeakIndo,terungkap dana pendidikan dipakai membeli perlengkapan golf pejabat,1,
3794,TikTok,@news_update,bahaya vaksin keempat menjadi syarat mutlak masuk sekolah,1,
3795,Instagram,@fakta_edu,mahasiswa kip kuliah wajib kerja bakti kantor kelurahan minggu,1,
3796,YouTube,@berita_sekolah,kemendikbud resmi ganti seragam nasional baju adat per juli,1,
3797,WhatsApp,Grup RT,sekolah memasang foto presiden dicabut izinnya,1,
3798,Facebook,Info Cepat,beasiswa jepang resmi ditutup kuota habis permanen,1,
3799,X (Twitter),@Netizen_News,skandal buku pelajaran sekolah berisi ajaran radikalisme tersembunyi,1,
3800,TikTok,@berita_panas,berita duka guru honorer diberhentikan per juli,1,
3801,Antara News,@antaranews,kemendikbudristek gelar festival kurikulum merdeka secara nasional,0,
3802,Kompas.com,@kompascom,nadiem platform rapor pendidikan mudahkan sekolah evaluasi diri,0,
3803,Detik.com,@detikcom,kemendiktisaintek klaim efisiensi anggaran riset rp triliun,0,
3804,Republika,@republikaonline,kemendikbudristek pantau penggunaan dana bos dashboard digital,0,
3805,Tempo.co,@tempodotco,efisiensi anggaran kemendikbud pangkas biaya perjalanan dinas,0,
3806,Media Indonesia,@mediaindonesia,mendikbudristek sekolah harus inklusif siswa disabilitas,0,
3807,CNBC Indonesia,@cnbcindonesia,realisasi belanja fungsi pendidikan per juli mencapai pagu,0,
3808,YouTube,@pendidikankita,inovasi digital mengurangi biaya cetak soal ujian aplikasi,0,
3809,Instagram,@kemdikbud.ri,pengumuman batas akhir sinkronisasi dapodik semester ganjil,0,
3810,LinkedIn,Praktisi Edukasi,dampak positif penggunaan katalog pengadaan buku sekolah,0,
3811,Antara News,@antaranews,kemendiktisaintek skema dana padanan riset dukung inovasi kampus,0,
3812,Kompas.com,@kompascom,nadiem makarim teknologi membantu guru fokus proses mengajar,0,
3813,Detik.com,@detikcom,pemerintah targetkan sekolah memiliki akses internet tahun,0,
3814,Republika,@republikaonline,kemendikbudristek pangkas birokrasi laporan dana bos arkas,0,
3815,CNN Indonesia,@CNNIndonesia,mendikbud kualitas lulusan smk harus kebutuhan industri,0,
3816,WhatsApp,Grup Guru,guru wajib membayar iuran perpisahan kepala dinas rp ribu,1,
3817,Facebook,Info Beasiswa,beasiswa lpdp berlaku anak kandung pegawai negeri,1,
3818,X (Twitter),@RumorKampus,mahasiswa jalur mandiri wajib membayar sumbangan pembangunan ikn,1,
3819,TikTok,@news_update,bahaya penggunaan masker sekolah menyebabkan kekurangan oksigen,1,
3820,Instagram,@cekfakta_id,sertifikat juara kabupaten diakui masuk sma negeri,1,
3821,WhatsApp,Grup Sekolah,uang iuran komite sekolah naik harga bbm naik,1,
3822,Facebook,Kabar Viral,pelajaran olahraga dihapus diganti pelajaran coding,1,
3823,X (Twitter),@AnonEdu,dokumen bocor dana pendidikan dipakai membeli senjata pemerintah,1,
3824,TikTok,@berita_edu,seleksi pppk guru tahap dibatalkan negara bangkrut,1,
3825,Instagram,@faktakita,dana kip kuliah dipakai menutupi kerugian proyek infrastruktur,1,
3826,Kompas.com,@kompascom,kemendiktisaintek siapkan rp triliun transformasi pendidikan tinggi,0,
3827,Detik.com,@detikcom,nadiem dana bos juli dapat digunakan membeli alat prokes,0,
3828,Antara News,@antaranews,pemerintah prioritaskan dana pendidikan wilayah perbatasan,0,
3829,CNN Indonesia,@CNNIndonesia,audit bpk temukan efisiensi pengadaan laptop kemendikbudristek,0,
3830,Republika,@republikaonline,kemendikbudristek pantau dana bosp dashboard data,0,
3831,Tempo.co,@tempodotco,kemendikbudristek hemat rp triliun sistem procurement,0,
3832,Media Indonesia,@mediaindonesia,mendikbudristek evaluasi kurikulum dilakukan secara berkala,0,
3833,CNBC Indonesia,@cnbcindonesia,sri mulyani belanja pendidikan juli fokus gaji guru pppk,0,
3834,YouTube,@pendidikankita,inovasi digital sekolah mengurangi biaya operasional kantor,0,
3835,Instagram,@kemdikbud.ri,gunakan akun belajar id akses fitur pendidikan,0,
3836,LinkedIn,Praktisi Edukasi,dampak pengalihan anggaran seremonial subsidi inovasi riset,0,
3837,Antara News,@antaranews,kemendiktisaintek skema dana padanan riset dukung kemandirian,0,
3838,Kompas.com,@kompascom,nadiem makarim digitalisasi sekolah kunci transparansi anggaran,0,
3839,Detik.com,@detikcom,pemerintah targetkan guru memiliki sertifikat digital,0,
3840,Republika,@republikaonline,kemendikbudristek permudah administrasi guru portal terpusat,0,
3841,WhatsApp,Forwarded,link klaim bantuan biaya sekolah rp juta per anak klik bit ly,1,
3842,Facebook,Suara Rakyat,menteri nadiem sekolah swasta beban negara,1,
3843,X (Twitter),@PolitikUpdate,dana publikasi jurnal mahasiswa digunakan membayar jasa buzzer,1,
3844,TikTok,@vlogger_politik,anggaran pendidikan hilang rp triliun bulan juli,1,
3845,Instagram,@stophoax,berita penghapusan tunjangan sertifikasi guru per agustus benar,1,
3846,Kompas.com,@kompascom,kemendikbudristek salurkan dana darurat renovasi sekolah terdampak,0,
3847,Detik.com,@detikcom,nadiem digitalisasi pendidikan membantu transparansi anggaran sekolah,0,
3848,Antara News,@antaranews,pemerintah prioritaskan dana pendidikan atasi putus sekolah,0,
3849,CNN Indonesia,@CNNIndonesia,audit bpk penyerapan anggaran vokasi capai persen efektif,0,
3850,Republika,@republikaonline,kemendikbudristek pantau dana bosp dashboard,0,
3851,Tempo.co,@tempodotco,efisiensi birokrasi penggabungan unit teknis hemat miliaran rupiah,0,
3852,Media Indonesia,@mediaindonesia,mendikbudristek sekolah level boleh ptm kapasitas persen,0,
3853,CNBC Indonesia,@cnbcindonesia,realisasi belanja fungsi pendidikan juli capai target maksimal,0,
3854,YouTube,@kabarpendidikan,tutorial sinkronisasi dapodik validasi tunjangan guru,0,
3855,Instagram,@kemdikbud.ri,selamat juta mahasiswa terdaftar penerima ukt,0,
3856,LinkedIn,Praktisi Edukasi,dampak pengalihan anggaran seminar subsidi kuota siswa,0,
3857,Antara News,@antaranews,kemendiktisaintek program guru penggerak tingkatkan kualitas pemimpin,0,
3858,Kompas.com,@kompascom,pemerintah beri penghargaan sekolah literasi digital terbaik,0,
3859,Detik.com,@detikcom,nadiem pemanfaatan teknologi kunci efisiensi anggaran jangka panjang,0,
3860,Republika,@republikaonline,kemenkeu efisiensi dana pendidikan capai persen data,0,
3861,WhatsApp,Grup Sekolah,pendaftaran ijazah hilang wajib membayar pajak negara rp ribu,1,
3862,Facebook,Viral News,dana bos macet anggaran dipakai membayar utang negara,1,
3863,X (Twitter),@Leak_Indo,dana pendidikan dipakai membeli barang antik mewah kantor,1,
3864,TikTok,@news_update,bahaya ptm persen trik hentikan subsidi kuota,1,
3865,Instagram,@fakta_edu,mahasiswa tanpa booster dicabut beasiswa kip kuliahnya,1,
3866,YouTube,@berita_sekolah,perubahan nama kemendikbud menjadi kemendikdasmen per juli,1,
3867,WhatsApp,Grup RT,sekolah tanpa ptm persen dicabut izin operasionalnya,1,
3868,Facebook,Info Cepat,beasiswa inggris resmi ditutup masalah anggaran negara,1,
3869,X (Twitter),@Netizen_News,skandal pengadaan buku sekolah berisi iklan produk tertentu,1,
3870,TikTok,@berita_panas,berita duka gaji guru pppk ditunda tahun,1,
3871,Kompas.com,@kompascom,kemendiktisaintek alokasikan rp triliun beasiswa,0,
3872,Detik.com,@detikcom,nadiem dana bos dapat digunakan honor operator dapodik,0,
3873,Antara News,@antaranews,pemerintah prioritaskan dana pendidikan penuntasan buta aksara,0,
3874,CNN Indonesia,@CNNIndonesia,audit bpk temukan efisiensi pengadaan alat lab kemendikbud,0,
3875,Republika,@republikaonline,kemendikbudristek pantau dana bosp dashboard data,0,
3876,Tempo.co,@tempodotco,kemendikbudristek hemat rp triliun procurement semester,0,
3877,Media Indonesia,@mediaindonesia,mendikbudristek ptm persen dievaluasi minggu satgas,0,
3878,CNBC Indonesia,@cnbcindonesia,sri mulyani belanja pendidikan juli fokus infrastruktur digital,0,
3879,YouTube,@pendidikankita,inovasi digital mengurangi biaya pengadaan alat peraga sekolah,0,
3880,Instagram,@kemdikbud.ri,selamat juta mahasiswa terdaftar penerima ukt juli,0,
3881,LinkedIn,Analis Publik,digitalisasi pendidikan mengurangi biaya distribusi tahunan,0,
3882,Antara News,@antaranews,kemendiktisaintek skema dana padanan riset dorong inovasi nasional,0,
3883,Kompas.com,@kompascom,nadiem makarim digitalisasi sekolah membantu efisiensi anggaran daerah,0,
3884,Detik.com,@detikcom,pemerintah targetkan juta guru tersertifikasi digital tahun,0,
3885,Republika,@republikaonline,kemendikbudristek pangkas birokrasi sertifikasi aplikasi mobile,0,
3886,WhatsApp,Forwarded,link subsidi pulsa belajar gb edisi tahun ajaran klik bit ly,1,
3887,Facebook,Kabar Guru,sertifikat mengajar wajib diperbarui biaya rp ribu,1,
3888,X (Twitter),@PolitikNews,dana bos tahap ii macet dipakai biaya balap motor internasional,1,
3889,TikTok,@vlogger_edu,mulai agustus siswa tanpa vaksin dilarang masuk sekolah,1,
3890,Instagram,@cekfakta_id,video nadiem mengatakan guru honorer diganti teknologi robot,1,
3891,Kompas.com,@kompascom,pidato kenegaraan presiden tekankan anggaran pendidikan tetap terjaga,0,
3892,Detik.com,@detikcom,nadiem makarim rapor pendidikan jadi dasar sekolah susun perencanaan,0,
3893,WhatsApp,Grup Warga,link pendaftaran subsidi pulsa merdeka gb kemdikbud,1,
3894,Facebook,Info Guru,pemerintah berikan bonus juta guru mengikuti upacara hut ri,1,
3895,Antara News,@antaranews,kemendiktisaintek kuota beasiswa lpdp ditambah sektor riset,0,
3896,CNBC Indonesia,@cnbcindonesia,sri mulyani realisasi anggaran pendidikan agustus capai rp triliun,0,
3897,X (Twitter),@PolitikUpdate,dana bos dialokasikan membiayai perjalanan negeri influencer ikn,1,
3898,TikTok,@vlogger_edu,mulai september siswa wajib membayar pajak fasilitas sekolah rp ribu,1,
3899,Republika,@republikaonline,efisiensi anggaran digitalisasi sistem rapor pendidikan hemat biaya cetak,0,
3900,CNN Indonesia,@CNNIndonesia,kemendikbudristek sekolah diizinkan gelar lomba hut ri prokes,0,
3901,WhatsApp,Forwarded,link klaim saldo dana gratis hadiah kemerdekaan pelajar sd sma,1,
3902,Facebook,Info Cepat,mulai agustus mahasiswa vaksin booster langsung drop out,1,
3903,X (Twitter),@EduLeaks,dokumen rahasia mapel sejarah dihapuskan ujian akhir tahun,1,
3904,TikTok,@news_update,bahaya aplikasi sekolah dapat mengakses data rekening bank orang tua,1,
3905,Instagram,@faktakita,siswa hafal teks proklamasi naik kelas,1,
3906,YouTube,Kemdikbud RI,live upacara peringatan hut ri lingkungan kemendikbudristek,0,
3907,WhatsApp,Grup Guru,surat edaran guru wajib membeli buku kurikulum merdeka,1,
3908,Facebook,Viral Edu,sekolah swasta diambil alih pemerintah mulai januari,1,
3909,X (Twitter),@LeakIndo,dana sertifikasi guru dipakai menutup defisit anggaran konstruksi,1,
3910,TikTok,@berita_edu,berita gembira nadiem beri kuota internet unlimited selamanya siswa,1,
3911,CNBC Indonesia,@cnbcindonesia,sri mulyani umumkan kenaikan anggaran pendidikan rapbn,0,
3912,Liputan6,@liputan6dotcom,kemendikbudristek ribu sekolah mulai terapkan kurikulum merdeka,0,
3913,YouTube,Kemdikbud RI,webinar sosialisasi penggunaan platform rapor pendidikan,0,
3914,Instagram,@kemdikbud.ri,twibbon resmi hari kemerdekaan pelajar indonesia,0,
3915,LinkedIn,Analis Publik,efisiensi birokrasi transformasi akreditasi kampus digitalisasi,0,
3916,Antara News,@antaranews,kemendiktisaintek mahasiswa peserta msib berhak uang saku bulanan,0,
3917,Kompas.com,@kompascom,nadiem pengangkatan guru pppk prioritas utama penataan tenaga kerja,0,
3918,Detik.com,@detikcom,audit bpk penyaluran dana bos tepat sasaran efisien,0,
3919,Republika,@republikaonline,kemendikbudristek klaim efisiensi anggaran rp triliun bulan agustus,0,
3920,CNN Indonesia,@CNNIndonesia,mendikbudristek platform merdeka mengajar kurangi kesenjangan mutu guru,0,
3921,WhatsApp,Grup RT,link subsidi alat tulis merdeka keluarga pemegang kartu kip,1,
3922,Facebook,Info Beasiswa,beasiswa full kuliah turki tanpa syarat apapun cair agustus,1,
3923,X (Twitter),@Netizen_News,skandal dana hibah riset kampus digunakan membeli apartemen mewah,1,
3924,TikTok,@berita_panas,berita duka tunjangan sertifikasi guru dicoret anggaran,1,
3925,Instagram,@cekfakta_id,video nadiem makarim mengatakan ijazah smk perlu bekerja,1,
3926,WhatsApp,Forwarded,bantuan uang tunai subsidi pulsa belajar rp juta per siswa,1,
3927,Facebook,Kabar Guru,guru sertifikasi wajib membayar iuran hut ri sebesar rp ribu pusat,1,
3928,X (Twitter),@PolitikUpdate,dana pendidikan dialihkan biaya kampanye parpol secara ilegal,1,
3929,TikTok,@vlogger_politik,anggaran pendidikan indonesia habis digunakan membeli vaksin ilegal,1,
3930,Instagram,@stophoax,link pendaftaran relawan pengajar negeri bergaji puluhan juta,1,
3931,Tempo.co,@tempodotco,kemendikbudristek gunakan dashboard integrasi pantau dana bosp,0,
3932,Media Indonesia,@mediaindonesia,mendikbudristek sekolah tetap ptm pengawasan ketat satgas,0,
3933,YouTube,@infopendidikan,tutorial sinkronisasi dapodik versi validasi tunjangan,0,
3934,LinkedIn,Praktisi Edukasi,penghematan biaya operasional pengalihan rapat virtual,0,
3935,Antara News,@antaranews,kemendiktisaintek riset kedaireka hasilkan inovasi efisiensi energi,0,
3936,Kompas.com,@kompascom,nadiem makarim kurikulum merdeka berfokus literasi dasar siswa,0,
3937,Detik.com,@detikcom,pemerintah salurkan dana bantuan sekolah terdampak kebakaran,0,
3938,Republika,@republikaonline,kemenkeu efisiensi anggaran siplah capai total belanja,0,
3939,CNN Indonesia,@CNNIndonesia,mendikbudristek tegaskan penghapusan mata pelajaran seni,0,
3940,CNBC Indonesia,@cnbcindonesia,sri mulyani belanja pendidikan agustus fokus inovasi teknologi,0,
3941,WhatsApp,Grup Sekolah,biaya pendaftaran ulang siswa sma negeri naik jadi rp juta,1,
3942,Facebook,Viral News,dana bos terlambat cair kas negara kosong per agustus,1,
3943,X (Twitter),@LeakIndo,terungkap dana pendidikan dipakai membeli perlengkapan golf pejabat,1,
3944,TikTok,@news_update,bahaya vaksin keempat menjadi syarat masuk sekolah jenjang,1,
3945,Instagram,@fakta_edu,mahasiswa kip kuliah wajib kerja bakti kantor dinas minggu,1,
3946,YouTube,@berita_sekolah,kemendikbud resmi ganti seragam putih biru menjadi baju daerah,1,
3947,WhatsApp,Grup RT,sekolah ikut lomba agustusan dicabut izin operasionalnya,1,
3948,Facebook,Info Cepat,beasiswa australia resmi ditutup hubungan diplomatik memanas,1,
3949,X (Twitter),@Netizen_News,skandal buku pelajaran sekolah berisi ajaran mengerti terlarang,1,
3950,TikTok,@berita_panas,berita duka guru honorer diberhentikan per agustus,1,
3951,Antara News,@antaranews,kemendikbudristek gelar gebyar merdeka belajar sambut hut ri,0,
3952,Kompas.com,@kompascom,nadiem platform rapor pendidikan mudahkan pemda evaluasi kinerja,0,
3953,Detik.com,@detikcom,kemendiktisaintek klaim efisiensi anggaran publikasi rp miliar,0,
3954,Republika,@republikaonline,kemendikbudristek pantau penggunaan dana bos dashboard digital,0,
3955,Tempo.co,@tempodotco,efisiensi anggaran kemendikbud pangkas biaya perjalanan dinas,0,
3956,Media Indonesia,@mediaindonesia,mendikbudristek sekolah inklusif mandat undang undang,0,
3957,CNBC Indonesia,@cnbcindonesia,realisasi belanja fungsi pendidikan per agustus mencapai rp triliun,0,
3958,YouTube,@pendidikankita,inovasi digital mengurangi biaya cetak modul pdf interaktif,0,
3959,Instagram,@kemdikbud.ri,pengumuman batas akhir cut off dapodik agustus,0,
3960,LinkedIn,Praktisi Edukasi,dampak positif penggunaan katalog pengadaan buku nasional,0,
3961,Antara News,@antaranews,kemendiktisaintek skema dana padanan riset dukung kemandirian kampus,0,
3962,Kompas.com,@kompascom,nadiem makarim teknologi membantu guru personalisasi pembelajaran,0,
3963,Detik.com,@detikcom,pemerintah targetkan sekolah terkoneksi internet kecepatan tinggi,0,
3964,Republika,@republikaonline,kemendikbudristek pangkas birokrasi laporan keuangan sekolah arkas,0,
3965,CNN Indonesia,@CNNIndonesia,mendikbud lulusan vokasi harus memiliki sertifikasi kompetensi industri,0,
3966,Kompas.com,@kompascom,kemendikbudristek salurkan tunjangan khusus guru daerah,0,
3967,Detik.com,@detikcom,nadiem anggaran pendidikan harus digunakan kesejahteraan guru,0,
3968,Antara News,@antaranews,pemerintah prioritaskan dana pendidikan wilayah terpencil,0,
3969,CNN Indonesia,@CNNIndonesia,audit bpk temukan efisiensi pengadaan tablet kemendikbudristek,0,
3970,Republika,@republikaonline,kemendikbudristek pantau dana bosp dashboard data,0,
3971,Tempo.co,@tempodotco,kemendikbudristek hemat rp triliun sistem procurement,0,
3972,Media Indonesia,@mediaindonesia,mendikbudristek evaluasi kurikulum merdeka dilakukan secara berkala,0,
3973,CNBC Indonesia,@cnbcindonesia,sri mulyani belanja pendidikan agustus fokus infrastruktur riset,0,
3974,YouTube,@pendidikankita,inovasi digital sekolah mengurangi biaya operasional kantor pusat,0,
3975,Instagram,@kemdikbud.ri,gunakan akun belajar id akses fitur merdeka belajar,0,
3976,LinkedIn,Praktisi Edukasi,dampak pengalihan anggaran seremonial subsidi inovasi digital,0,
3977,Antara News,@antaranews,kemendiktisaintek skema dana padanan riset dukung kemandirian,0,
3978,Kompas.com,@kompascom,nadiem makarim digitalisasi sekolah kunci transparansi anggaran,0,
3979,Detik.com,@detikcom,pemerintah targetkan guru memiliki sertifikat literasi digital,0,
3980,Republika,@republikaonline,kemendikbudristek permudah administrasi guru portal terpusat,0,
3981,CNN Indonesia,@CNNIndonesia,nadiem integrasi akun belajar id hemat biaya lisensi perangkat lunak,0,
3982,Tempo.co,@tempodotco,efisiensi anggaran kemendikbud pangkas biaya konsumsi rapat fisik,0,
3983,Antara News,@antaranews,kemendiktisaintek beasiswa lpdp ditargetkan calon peneliti,0,
3984,Kompas.com,@kompascom,nadiem kurikulum merdeka membantu pemulihan belajar pasca pandemi,0,
3985,Detik.com,@detikcom,pemerintah alokasikan rp triliun dana abadi kebudayaan,0,
3986,WhatsApp,Forwarded,link klaim hadiah kemerdekaan rb kemendikbud klik bit ly,1,
3987,Facebook,Suara Rakyat,menteri nadiem sekolah swasta menjadi sekolah negeri,1,
3988,X (Twitter),@PolitikUpdate,dana publikasi jurnal dosen digunakan membayar jasa buzzer istana,1,
3989,TikTok,@vlogger_politik,anggaran pendidikan indonesia hilang rp triliun bulan agustus,1,
3990,Instagram,@stophoax,berita penghapusan tunjangan sertifikasi guru per september fakta,1,
3991,Kompas.com,@kompascom,kemendikbudristek salurkan dana darurat renovasi sekolah rusak,0,
3992,Detik.com,@detikcom,nadiem digitalisasi pendidikan percepat penyaluran tunjangan guru,0,
3993,Antara News,@antaranews,pemerintah prioritaskan dana pendidikan cegah putus sekolah,0,
3994,CNN Indonesia,@CNNIndonesia,audit bpk penyerapan anggaran vokasi capai persen efisien,0,
3995,Republika,@republikaonline,kemendikbudristek pantau dana bosp dashboard digital,0,
3996,Tempo.co,@tempodotco,efisiensi birokrasi penggabungan unit teknis kemdikbud hemat miliaran,0,
3997,Media Indonesia,@mediaindonesia,mendikbudristek sekolah level boleh ptm kapasitas persen,0,
3998,CNBC Indonesia,@cnbcindonesia,realisasi belanja fungsi pendidikan agustus capai target semesteran,0,
3999,YouTube,@kabarpendidikan,tutorial sinkronisasi dapodik pencairan tunjangan guru,0,
4000,Instagram,@kemdikbud.ri,selamat juta mahasiswa terdaftar penerima ukt,0,
4001,LinkedIn,Praktisi Edukasi,dampak pengalihan anggaran seminar subsidi kuota internet siswa,0,
4002,Antara News,@antaranews,kemendiktisaintek program guru penggerak tingkatkan kapasitas leader,0,
4003,Kompas.com,@kompascom,pemerintah beri penghargaan sekolah tata kelola terbaik,0,
4004,Detik.com,@detikcom,nadiem teknologi kunci efisiensi anggaran pendidikan nasional,0,
4005,Republika,@republikaonline,kemenkeu efisiensi dana pendidikan capai persen data,0,
4006,CNN Indonesia,@CNNIndonesia,nadiem dana bos dapat digunakan perbaikan infrastruktur digital,0,
4007,Antara News,@antaranews,kemendiktisaintek beasiswa lpdp fokus riset teknologi,0,
4008,Kompas.com,@kompascom,nadiem makarim digitalisasi sekolah membantu efisiensi anggaran pusat,0,
4009,Detik.com,@detikcom,pemerintah targetkan juta guru tersertifikasi digital tahun,0,
4010,Republika,@republikaonline,kemendikbudristek pangkas birokrasi sertifikasi portal online,0,
4011,WhatsApp,Grup Sekolah,pendaftaran ijazah pengganti wajib membayar pajak negara rp ribu,1,
4012,Facebook,Viral News,dana bos cair anggaran pendidikan dipakai membayar hutang,1,
4013,X (Twitter),@Leak_Indo,dana pendidikan dipakai membeli kendaraan dinas mewah kantor,1,
4014,TikTok,@news_update,bahaya ptm persen dihentikan total mulai september,1,
4015,Instagram,@fakta_edu,mahasiswa kip kuliah tanpa booster dicabut beasiswanya,1,
4016,YouTube,@berita_sekolah,perubahan nama kemendikbud menjadi kemendiknas per agustus,1,
4017,WhatsApp,Grup RT,sekolah tanpa pesta agustusan diberi sanksi pengurangan dana,1,
4018,Facebook,Info Cepat,beasiswa amerika resmi ditutup anggaran negara dialihkan,1,
4019,X (Twitter),@Netizen_News,skandal pengadaan buku sekolah berisi iklan komersial,1,
4020,TikTok,@berita_panas,berita duka gaji guru pppk dipotong dana sosial,1,
4021,Kompas.com,@kompascom,kemendiktisaintek alokasikan rp triliun beasiswa prestasi,0,
4022,Detik.com,@detikcom,nadiem dana bos dapat digunakan honor tenaga administrasi,0,
4023,Antara News,@antaranews,pemerintah prioritaskan dana pendidikan literasi masyarakat,0,
4024,CNN Indonesia,@CNNIndonesia,audit bpk temukan efisiensi pengadaan alat lab kemendikbud,0,
4025,Republika,@republikaonline,kemendikbudristek pantau dana bosp dashboard data digital,0,
4026,Tempo.co,@tempodotco,kemendikbudristek hemat rp triliun procurement terpadu,0,
4027,Media Indonesia,@mediaindonesia,mendikbudristek ptm persen tetap dilakukan aturan satgas,0,
4028,CNBC Indonesia,@cnbcindonesia,sri mulyani belanja pendidikan agustus fokus inovasi guru,0,
4029,YouTube,@pendidikankita,inovasi digital mengurangi biaya pengadaan alat peraga sekolah dasar,0,
4030,Instagram,@kemdikbud.ri,selamat juta mahasiswa terdaftar penerima ukt agustus,0,
4031,LinkedIn,Analis Publik,digitalisasi pendidikan menurunkan biaya logistik tahunan,0,
4032,Antara News,@antaranews,kemendiktisaintek skema dana padanan riset dorong inovasi nasional,0,
4033,Kompas.com,@kompascom,nadiem makarim digitalisasi sekolah membantu efisiensi anggaran daerah,0,
4034,Detik.com,@detikcom,pemerintah targetkan guru memiliki sertifikat kompetensi digital,0,
4035,Republika,@republikaonline,kemendikbudristek pangkas birokrasi sertifikasi portal digital,0,
4036,WhatsApp,Forwarded,link subsidi kuota belajar gb spesial hut ri klik bit ly,1,
4037,Facebook,Kabar Guru,sertifikat pendidik wajib diperpanjang tahun biaya,1,
4038,X (Twitter),@PolitikNews,dana bos tahap iii macet dipakai biaya renovasi istana,1,
4039,TikTok,@vlogger_edu,mulai september siswa tanpa kartu vaksin lengkap dilarang masuk,1,
4040,Instagram,@cekfakta_id,video nadiem mengatakan guru honorer diganti teknologi ai,1,
4041,Kompas.com,@kompascom,kemendikbudristek ubah skema seleksi masuk ptn jadi holistik,0,
4042,Detik.com,@detikcom,nadiem makarim tes mata pelajaran dihapus seleksi nasional ptn,0,
4043,WhatsApp,Grup Warga,link pendaftaran blt bbm siswa mahasiswa sebesar rp ribu,1,
4044,Facebook,Info Guru,pemerintah berikan tunjangan tambahan juta kenaikan harga bbm,1,
4045,Antara News,@antaranews,kemendikbudristek asesmen nasional fokus pemetaan mutu,0,
4046,CNBC Indonesia,@cnbcindonesia,sri mulyani anggaran pendidikan ditambah subsidi transportasi siswa,0,
4047,X (Twitter),@PolitikUpdate,dana bantuan operasional sekolah dipakai membayar utang negara per september,1,
4048,TikTok,@vlogger_edu,mulai oktober siswa wajib masuk sekolah jam pagi secara nasional,1,
4049,Republika,@republikaonline,efisiensi anggaran kemendikbud pangkas kegiatan sosialisasi tatap muka,0,
4050,CNN Indonesia,@CNNIndonesia,nadiem transformasi seleksi ptn turunkan biaya bimbingan belajar siswa,0,
4051,WhatsApp,Forwarded,link subsidi kuota belajar gb periode september klik bit ly pulsa belajar,1,
4052,Facebook,Info Cepat,mulai september mahasiswa ikut bela negara dicabut kip,1,
4053,X (Twitter),@EduLeaks,bocoran dokumen mata pelajaran agama digabung budaya,1,
4054,TikTok,@news_update,bahaya server asesmen nasional dapat mencuri data foto selfie siswa,1,
4055,Instagram,@faktakita,peserta gagal seleksi ptn tahun boleh ikut seleksi,1,
4056,YouTube,Kemdikbud RI,sosialisasi transformasi seleksi masuk perguruan tinggi negeri,0,
4057,WhatsApp,Grup Guru,surat edaran guru wajib mengembalikan tunjangan lulus an,1,
4058,Facebook,Viral Edu,lulusan smk langsung diangkat menjadi karyawan bumn,1,
4059,X (Twitter),@LeakIndo,dana abadi pendidikan dialokasikan proyek strategis nasional non edukasi,1,
4060,TikTok,@berita_edu,berita gembira nadiem beri voucher bensin gratis guru honorer,1,
4061,CNBC Indonesia,@cnbcindonesia,menkeu belanja fungsi pendidikan per september mencapai rp triliun,0,
4062,Liputan6,@liputan6dotcom,kemendikbudristek sekolah dapat gunakan dana bos langganan aplikasi,0,
4063,YouTube,Kemdikbud RI,panduan pelaksanaan asesmen nasional berbasis komputer anbk,0,
4064,Instagram,@kemdikbud.ri,cek jadwal asesmen nasional jenjang sma smk,0,
4065,LinkedIn,Analis Publik,efisiensi anggaran pengadaan laptop merah putih secara massal,0,
4066,Antara News,@antaranews,kemendiktisaintek program magang merdeka batch resmi berjalan,0,
4067,Kompas.com,@kompascom,nadiem perubahan seleksi ptn dorong siswa fokus penalaran,0,
4068,Detik.com,@detikcom,audit bpk digitalisasi dapodik berhasil minimalisir data siswa fiktif,0,
4069,Republika,@republikaonline,kemendikbudristek klaim efisiensi anggaran rp triliun kuartal iii,0,
4070,CNN Indonesia,@CNNIndonesia,mendikbudristek guru penggerak investasi sdm jangka panjang,0,
4071,WhatsApp,Grup RT,link subsidi seragam sekolah gratis dampak kenaikan bbm klik bit ly,1,
4072,Facebook,Info Beasiswa,beasiswa full kuliah korea tanpa toefl dibuka khusus akhir september,1,
4073,X (Twitter),@Netizen_News,skandal dana renovasi sekolah dipakai cat dinding,1,
4074,TikTok,@berita_panas,berita duka gaji guru sertifikasi dipangkas dana bansos bbm,1,
4075,Instagram,@cekfakta_id,video nadiem makarim mengatakan anak pejabat bebas tes masuk ptn,1,
4076,WhatsApp,Forwarded,bantuan uang tunai subsidi pendidikan rp juta kemdikbud,1,
4077,Facebook,Kabar Guru,sertifikasi guru wajib menggunakan materai mulai september,1,
4078,X (Twitter),@PolitikUpdate,dana pendidikan indonesia dialokasikan menutup kerugian saham bumn,1,
4079,TikTok,@vlogger_politik,anggaran pendidikan hilang rp triliun input data pusat,1,
4080,Instagram,@stophoax,pesan link pendaftaran kip kuliah jalur mandiri biaya admin,1,
4081,Tempo.co,@tempodotco,kemendikbudristek optimalkan anggaran platform belanja sekolah siplah,0,
4082,Media Indonesia,@mediaindonesia,mendikbudristek asesmen nasional penentu kelulusan individu,0,
4083,YouTube,@infopendidikan,mengisi dashboard perencanaan berbasis data pbd sekolah,0,
4084,LinkedIn,Praktisi Edukasi,penghematan biaya operasional digitalisasi laporan keuangan,0,
4085,Antara News,@antaranews,kemendiktisaintek riset kedaireka fokus solusi pangan energi,0,
4086,Kompas.com,@kompascom,nadiem makarim kurikulum merdeka memberi kebebasan belajar guru,0,
4087,Detik.com,@detikcom,pemerintah salurkan bantuan rehab sekolah wilayah terpencil papua,0,
4088,Republika,@republikaonline,kemenkeu efisiensi dana pendidikan data mencapai,0,
4089,CNN Indonesia,@CNNIndonesia,mendikbudristek tegaskan penghapusan mata pelajaran bahasa,0,
4090,CNBC Indonesia,@cnbcindonesia,sri mulyani belanja pendidikan september fokus sarana vokasi,0,
4091,WhatsApp,Grup Sekolah,biaya pendaftaran anbk mandiri sebesar rp ribu per siswa,1,
4092,Facebook,Viral News,dana bos cair bulan dipakai biaya operasi militer,1,
4093,X (Twitter),@LeakIndo,terungkap dana pendidikan dipakai membayar sewa kantor mewah pejabat,1,
4094,TikTok,@news_update,bahaya ptm dibatalkan sekolah online mulai oktober,1,
4095,Instagram,@fakta_edu,mahasiswa kip kuliah wajib kerja part time kantor kampus tanpa gaji,1,
4096,YouTube,@berita_sekolah,kemendikbud resmi ganti seragam sma menjadi baju bebas sopan,1,
4097,WhatsApp,Grup RT,sekolah siswanya terlibat tawuran dicabut dana bos total,1,
4098,Facebook,Info Cepat,beasiswa singapura resmi ditutup anggaran negara dialihkan,1,
4099,X (Twitter),@Netizen_News,skandal buku pelajaran sekolah mengandung kode rahasia situs judi,1,
4100,TikTok,@berita_panas,berita duka tenaga administrasi honorer diberhentikan bulan,1,
4101,Antara News,@antaranews,kemendikbudristek luncurkan program wirausaha merdeka batch,0,
4102,Kompas.com,@kompascom,nadiem rapor pendidikan membantu sekolah temukan akar masalah literasi,0,
4103,Detik.com,@detikcom,kemendiktisaintek klaim efisiensi anggaran seminar rp miliar,0,
4104,Republika,@republikaonline,kemendikbudristek pantau penggunaan dana bosp dashboard terpadu,0,
4105,Tempo.co,@tempodotco,efisiensi anggaran kemendikbud pangkas biaya perjalanan dinas,0,
4106,Media Indonesia,@mediaindonesia,mendikbudristek sekolah harus prioritaskan pembelian alat kesehatan,0,
4107,CNBC Indonesia,@cnbcindonesia,realisasi belanja fungsi pendidikan per september mencapai rp triliun,0,
4108,YouTube,@pendidikankita,inovasi digital mengurangi biaya distribusi soal cloud system,0,
4109,Instagram,@kemdikbud.ri,pengumuman sinkronisasi dapodik tunjangan profesi semester,0,
4110,LinkedIn,Praktisi Edukasi,dampak positif penggunaan siplah transparansi belanja sekolah,0,
4111,Antara News,@antaranews,kemendiktisaintek dana padanan riset dukung inovasi hilirisasi industri,0,
4112,Kompas.com,@kompascom,nadiem makarim digitalisasi sekolah membantu personalisasi belajar,0,
4113,Detik.com,@detikcom,pemerintah targetkan sekolah memiliki laboratorium komputer,0,
4114,Republika,@republikaonline,kemendikbudristek pangkas birokrasi laporan dana bos digitalisasi,0,
4115,CNN Indonesia,@CNNIndonesia,mendikbud lulusan smk harus menguasai teknologi digital,0,
4116,Kompas.com,@kompascom,kemendikbudristek alokasikan rp triliun beasiswa prestasi,0,
4117,Detik.com,@detikcom,nadiem dana bos dapat digunakan perbaikan sanitasi sekolah,0,
4118,Antara News,@antaranews,pemerintah prioritaskan dana pendidikan pengentasan kemiskinan,0,
4119,CNN Indonesia,@CNNIndonesia,audit bpk temukan efisiensi pengadaan buku teks kemendikbudristek,0,
4120,Republika,@republikaonline,kemendikbudristek pantau dana bosp dashboard data online,0,
4121,Tempo.co,@tempodotco,kemendikbudristek hemat rp triliun sistem procurement,0,
4122,Media Indonesia,@mediaindonesia,mendikbudristek evaluasi kurikulum merdeka melibatkan praktisi guru,0,
4123,CNBC Indonesia,@cnbcindonesia,sri mulyani belanja pendidikan september fokus peningkatan gaji pppk,0,
4124,YouTube,@pendidikankita,inovasi digital sekolah mengurangi biaya administrasi perkantoran,0,
4125,Instagram,@kemdikbud.ri,gunakan akun belajar id akses platform merdeka mengajar,0,
4126,LinkedIn,Praktisi Edukasi,dampak pengalihan anggaran seremonial subsidi riset nasional,0,
4127,Antara News,@antaranews,kemendiktisaintek skema dana padanan riset dorong kolaborasi industri,0,
4128,Kompas.com,@kompascom,nadiem makarim digitalisasi sekolah kunci transparansi anggaran daerah,0,
4129,Detik.com,@detikcom,pemerintah targetkan juta guru memiliki sertifikat kompetensi digital,0,
4130,Republika,@republikaonline,kemendikbudristek permudah sertifikasi guru portal digital,0,
4131,WhatsApp,Grup Guru,guru sertifikasi wajib membayar pajak profesi rp ribu per bulan,1,
4132,Facebook,Info Beasiswa,pendaftaran kuliah gratis swiss tanpa syarat apapun cair september,1,
4133,X (Twitter),@RumorKampus,mahasiswa kip kuliah wajib memberi bintang aplikasi pemerintah,1,
4134,TikTok,@news_update,bahaya alat anbk mengandung radiasi merusak mata anak,1,
4135,Instagram,@cekfakta_id,sertifikat juara nasional dapat digunakan jalur masuk ptn,1,
4136,WhatsApp,Grup Sekolah,uang iuran keamanan sekolah naik harga bbm naik,1,
4137,Facebook,Kabar Viral,pelajaran seni rupa dihapuskan mengurangi beban belajar siswa,1,
4138,X (Twitter),@AnonEdu,dokumen bocor dana pendidikan dipakai membayar jasa influencer asing,1,
4139,TikTok,@berita_edu,seleksi pppk tahap resmi ditiadakan anggaran pendidikan kosong,1,
4140,Instagram,@faktakita,dana kip kuliah cair mahasiswa berstatus single,1,
4141,Kompas.com,@kompascom,kemendikbudristek salurkan dana darurat sekolah terdampak banjir,0,
4142,Detik.com,@detikcom,nadiem digitalisasi pendidikan percepat penyaluran tunjangan sertifikasi,0,
4143,Antara News,@antaranews,pemerintah prioritaskan dana pendidikan wilayah perbatasan kalimantan,0,
4144,CNN Indonesia,@CNNIndonesia,audit bpk penyerapan anggaran pelatihan guru capai persen efektif,0,
4145,Republika,@republikaonline,kemendikbudristek pantau dana bosp dashboard data terpadu,0,
4146,Tempo.co,@tempodotco,efisiensi birokrasi penggabungan unit teknis kemdikbud hemat miliaran,0,
4147,Media Indonesia,@mediaindonesia,mendikbudristek sekolah level boleh jalankan ptm,0,
4148,CNBC Indonesia,@cnbcindonesia,realisasi belanja fungsi pendidikan september capai target kuartal iii,0,
4149,YouTube,@kabarpendidikan,tutorial sinkronisasi dapodik pencairan tunjangan triwulan,0,
4150,Instagram,@kemdikbud.ri,selamat juta mahasiswa terdaftar penerima ukt,0,
4151,LinkedIn,Praktisi Edukasi,dampak pengalihan anggaran seminar subsidi kuota internet sekolah,0,
4152,Antara News,@antaranews,kemendiktisaintek program guru penggerak tingkatkan kualitas manajerial,0,
4153,Kompas.com,@kompascom,pemerintah beri penghargaan sekolah transparansi terbaik,0,
4154,Detik.com,@detikcom,nadiem teknologi kunci efisiensi anggaran jangka panjang,0,
4155,Republika,@republikaonline,kemenkeu efisiensi dana pendidikan capai persen data,0,
4156,CNN Indonesia,@CNNIndonesia,nadiem dana bos dapat digunakan upgrade bandwidth internet,0,
4157,Antara News,@antaranews,kemendiktisaintek beasiswa lpdp fokus ekonomi hijau,0,
4158,Kompas.com,@kompascom,nadiem makarim digitalisasi sekolah membantu efisiensi anggaran pusat,0,
4159,Detik.com,@detikcom,pemerintah targetkan guru memiliki sertifikat literasi digital,0,
4160,Republika,@republikaonline,kemendikbudristek pangkas birokrasi laporan portal arkas,0,
4161,WhatsApp,Forwarded,link klaim bantuan biaya sekolah rp juta per anak klik bit ly,1,
4162,Facebook,Suara Rakyat,menteri nadiem guru honorer diganti teknologi ai,1,
4163,X (Twitter),@PolitikUpdate,dana publikasi jurnal dosen digunakan membayar hutang negara per september,1,
4164,TikTok,@vlogger_politik,anggaran pendidikan hilang rp triliun bulan september,1,
4165,Instagram,@stophoax,berita penghapusan tunjangan profesi guru ruu sisdiknas benar,1,
4166,WhatsApp,Grup Sekolah,pendaftaran ujian perbaikan sekolah wajib membayar rp ribu pusat,1,
4167,Facebook,Viral News,dana bos cair anggaran pendidikan dipakai membayar bunga hutang,1,
4168,X (Twitter),@Leak_Indo,dana pendidikan dipakai membeli kendaraan dinas pejabat,1,
4169,TikTok,@news_update,bahaya tes anbk mengandung unsur hipnotis anak anak,1,
4170,Instagram,@fakta_edu,mahasiswa tanpa booster dilarang masuk lingkungan kampus,1,
4171,Kompas.com,@kompascom,kemendiktisaintek alokasikan rp triliun beasiswa,0,
4172,Detik.com,@detikcom,nadiem dana bos dapat digunakan honor operator komputer,0,
4173,Antara News,@antaranews,pemerintah prioritaskan dana pendidikan penuntasan buta aksara,0,
4174,CNN Indonesia,@CNNIndonesia,audit bpk temukan efisiensi pengadaan alat laboratorium sekolah,0,
4175,Republika,@republikaonline,kemendikbudristek pantau dana bosp dashboard data digital,0,
4176,Tempo.co,@tempodotco,kemendikbudristek hemat rp triliun procurement semester ii,0,
4177,Media Indonesia,@mediaindonesia,mendikbudristek ptm persen dilakukan secara bertanggung menjawab,0,
4178,CNBC Indonesia,@cnbcindonesia,sri mulyani belanja pendidikan september fokus inovasi digital,0,
4179,YouTube,@pendidikankita,inovasi digital mengurangi biaya pengadaan alat peraga sekolah menengah,0,
4180,Instagram,@kemdikbud.ri,selamat juta mahasiswa terdaftar penerima ukt september,0,
4181,LinkedIn,Analis Publik,digitalisasi pendidikan mengurangi biaya distribusi logistik,0,
4182,Antara News,@antaranews,kemendiktisaintek skema dana padanan riset dorong inovasi nasional,0,
4183,Kompas.com,@kompascom,nadiem makarim digitalisasi sekolah membantu efisiensi anggaran daerah,0,
4184,Detik.com,@detikcom,pemerintah targetkan guru tersertifikasi digital tahun,0,
4185,Republika,@republikaonline,kemendikbudristek pangkas birokrasi sertifikasi portal digital,0,
4186,WhatsApp,Forwarded,link subsidi pulsa belajar gb akhir tahun klik bit ly kuota sep,1,
4187,Facebook,Kabar Guru,sertifikat mengajar wajib diperbarui tiap tahun biaya admin,1,
4188,X (Twitter),@PolitikNews,dana bos tahap iii terhambat dipakai biaya renovasi kantor menteri,1,
4189,TikTok,@vlogger_edu,mulai oktober siswa tanpa kartu vaksin booster dilarang ikut anbk,1,
4190,Instagram,@cekfakta_id,video nadiem mengatakan guru honorer diganti robot pintar,1,
4191,Kompas.com,@kompascom,kemendikbudristek rilis jadwal resmi asesmen nasional jenjang sd oktober,0,
4192,Detik.com,@detikcom,nadiem makarim sumpah pemuda momentum perkuat profil pelajar pancasila,0,
4193,WhatsApp,Grup Sekolah,link subsidi uang saku siswa rp ribu per bulan kemendikbud,1,
4194,Facebook,Info Guru,pemerintah berikan hadiah laptop guru mengabdi tahun,1,
4195,Antara News,@antaranews,kemendikbudristek sekolah wajib laporkan penggunaan dana bos oktober,0,
4196,CNBC Indonesia,@cnbcindonesia,sri mulyani realisasi belanja pendidikan semester ii tetap on track,0,
4197,X (Twitter),@PolitikUpdate,sisa anggaran pendidikan tahun digunakan biaya operasional ikn,1,
4198,TikTok,@vlogger_edu,mulai november siswa wajib menggunakan sepatu merk lokal sekolah,1,
4199,Republika,@republikaonline,efisiensi anggaran digitalisasi sistem akreditasi sekolah hemat biaya survei,0,
4200,CNN Indonesia,@CNNIndonesia,nadiem platform rapor pendidikan membantu sekolah efisiensi belanja barang,0,
4201,WhatsApp,Forwarded,link pendaftaran beasiswa full negeri cair bulan oktober,1,
4202,Facebook,Info Cepat,mulai oktober ijazah tanpa sertifikat vaksin booster berlaku nasional,1,
4203,X (Twitter),@EduLeaks,bocoran data anggaran tunjangan sertifikasi guru dialihkan bansos,1,
4204,TikTok,@news_update,bahaya pengisian survei lingkungan belajar dapat melacak lokasi rumah siswa,1,
4205,Instagram,@faktakita,siswa mengikuti upacara sumpah pemuda dicabut beasiswanya,1,
4206,YouTube,Kemdikbud RI,sosialisasi kebijakan standar nasional pendidikan tinggi,0,
4207,WhatsApp,Grup Guru,surat edaran guru honorer wajib membeli atribut sumpah pemuda pusat,1,
4208,Facebook,Viral Edu,seleksi cpns guru resmi dibuka lulusan tahun,1,
4209,X (Twitter),@LeakIndo,dana abadi kebudayaan dipakai membayar sewa pesawat pejabat negara,1,
4210,TikTok,@berita_edu,berita gembira nadiem berikan ponsel gratis siswa punya laptop,1,
4211,CNBC Indonesia,@cnbcindonesia,sri mulyani pastikan gaji guru pppk aman alokasi dau,0,
4212,Liputan6,@liputan6dotcom,kemendikbudristek sekolah dapat mengalihkan sisa dana bos inovasi,0,
4213,YouTube,Kemdikbud RI,panduan pengisian rencana kegiatan anggaran sekolah arkas,0,
4214,Instagram,@kemdikbud.ri,selamat hari sumpah pemuda bersatu bangun bangsa pendidikan,0,
4215,LinkedIn,Analis Publik,efisiensi belanja sekolah sistem purchasing platform siplah,0,
4216,Antara News,@antaranews,kemendiktisaintek mahasiswa peserta program pertukaran merdeka tiba tujuan,0,
4217,Kompas.com,@kompascom,nadiem guru penggerak pemimpin masa satuan pendidikan,0,
4218,Detik.com,@detikcom,audit bpk digitalisasi sistem pendidikan nasional mampu tekan pungutan liar,0,
4219,Republika,@republikaonline,kemendikbudristek klaim efisiensi anggaran operasional rp miliar,0,
4220,CNN Indonesia,@CNNIndonesia,mendikbudristek transformasi seleksi masuk ptn adil siswa,0,
4221,WhatsApp,Grup RT,link subsidi kuota belajar gb edisi hari sumpah pemuda klik bit ly,1,
4222,Facebook,Info Beasiswa,pendaftaran kuliah gratis jerman tanpa ujian bahasa khusus oktober,1,
4223,X (Twitter),@Netizen_News,skandal pengadaan buku saku sumpah pemuda kertas kosong,1,
4224,TikTok,@berita_panas,berita duka gaji guru sertifikasi cair bulan desember,1,
4225,Instagram,@cekfakta_id,video nadiem makarim mengatakan anak guru honorer otomatis lolos ptn,1,
4226,WhatsApp,Forwarded,bantuan uang tunai spesial bulan pemuda rp juta kemdikbud,1,
4227,Facebook,Kabar Guru,sertifikasi guru wajib membayar pajak tahunan sebesar rp ribu,1,
4228,X (Twitter),@PolitikUpdate,dana pendidikan dialihkan menutupi kerugian proyek kereta cepat,1,
4229,TikTok,@vlogger_politik,anggaran pendidikan indonesia hilang rp triliun bulan oktober,1,
4230,Instagram,@stophoax,link pendaftaran beasiswa lpdp jalur tanpa tes mahasiswa aktif,1,
4231,Tempo.co,@tempodotco,kemendikbudristek optimalkan anggaran penggabungan unit teknis,0,
4232,Media Indonesia,@mediaindonesia,mendikbudristek implementasi kurikulum merdeka menunjukkan progres,0,
4233,YouTube,@infopendidikan,cek kuota siswa eligible snbp portal snpmb,0,
4234,LinkedIn,Praktisi Edukasi,penghematan biaya seminar implementasi webinar nasional rutin,0,
4235,Antara News,@antaranews,kemendiktisaintek riset teknologi tepat guna fokus umkm,0,
4236,Kompas.com,@kompascom,nadiem makarim kualitas lulusan smk harus sejalan dunia industri,0,
4237,Detik.com,@detikcom,pemerintah salurkan bantuan dana darurat sekolah terkena banjir,0,
4238,Republika,@republikaonline,kemenkeu efisiensi dana pendidikan capai digitalisasi belanja,0,
4239,CNN Indonesia,@CNNIndonesia,mendikbudristek tegaskan penghapusan mata pelajaran olahraga,0,
4240,CNBC Indonesia,@cnbcindonesia,sri mulyani belanja fungsi pendidikan fokus pemulihan fasilitas,0,
4241,WhatsApp,Grup Sekolah,biaya administrasi pengambilan anbk sebesar rp ribu,1,
4242,Facebook,Viral News,dana bos tahap iii cair dialokasikan harga bbm,1,
4243,X (Twitter),@LeakIndo,terungkap dana pendidikan dipakai membeli kendaraan mewah kantor dinas,1,
4244,TikTok,@news_update,bahaya tablet bantuan pemerintah dapat mencuri data sandi instagram,1,
4245,Instagram,@fakta_edu,mahasiswa kip kuliah wajib memberikan bagian beasiswanya kampus,1,
4246,YouTube,@berita_sekolah,kemendikbud resmi umumkan hari sabtu libur sekolah nasional,1,
4247,WhatsApp,Grup RT,sekolah memasang spanduk hut sumpah pemuda disanksi,1,
4248,Facebook,Info Cepat,beasiswa singapura resmi ditutup masalah anggaran negara,1,
4249,X (Twitter),@Netizen_News,skandal dana renovasi perpustakaan perbaikan pintu,1,
4250,TikTok,@berita_panas,berita duka guru honorer dihapus per oktober,1,
4251,Antara News,@antaranews,kemendikbudristek dorong pemanfaatan platform digital sekolah dasar,0,
4252,Kompas.com,@kompascom,nadiem program kampus mengajar berikan pengalaman nyata mahasiswa,0,
4253,Detik.com,@detikcom,kemendiktisaintek klaim efisiensi anggaran riset rp miliar,0,
4254,Republika,@republikaonline,kemendikbudristek pantau akuntabilitas dana bosp sistem terpadu,0,
4255,Tempo.co,@tempodotco,efisiensi anggaran kemendikbud pangkas biaya konsumsi rapat fisik,0,
4256,Media Indonesia,@mediaindonesia,mendikbudristek sekolah harus menjadi ruang aman perundungan,0,
4257,CNBC Indonesia,@cnbcindonesia,realisasi belanja fungsi pendidikan per oktober lampaui target kuartal,0,
4258,YouTube,@pendidikankita,inovasi digital mengurangi biaya administrasi aplikasi sekolah,0,
4259,Instagram,@kemdikbud.ri,selamat jutaan mahasiswa terdaftar penerima beasiswa,0,
4260,LinkedIn,Praktisi Edukasi,dampak positif penggunaan siplah menekan harga barang sekolah,0,
4261,Antara News,@antaranews,kemendiktisaintek skema dana padanan riset dukung inovasi hilirisasi,0,
4262,Kompas.com,@kompascom,nadiem makarim digitalisasi sekolah mudahkan guru administrasi,0,
4263,Detik.com,@detikcom,pemerintah targetkan sekolah memiliki akses internet tahun,0,
4264,Republika,@republikaonline,kemendikbudristek pangkas birokrasi laporan dana bos arkas,0,
4265,CNN Indonesia,@CNNIndonesia,mendikbud anggaran pendidikan investasi jangka panjang bangsa,0,
4266,Kompas.com,@kompascom,kemendikbudristek salurkan dana tunjangan guru wilayah tahap,0,
4267,Detik.com,@detikcom,nadiem dana bos oktober dapat digunakan pembelian perlengkapan anbk,0,
4268,Antara News,@antaranews,pemerintah prioritaskan dana pendidikan wilayah kepulauan terluar,0,
4269,CNN Indonesia,@CNNIndonesia,audit bpk temukan efisiensi pengadaan buku teks kemendikbudristek,0,
4270,Republika,@republikaonline,kemendikbudristek pantau dana bosp dashboard digital terpadu,0,
4271,Tempo.co,@tempodotco,kemendikbudristek hemat rp triliun sistem procurement,0,
4272,Media Indonesia,@mediaindonesia,mendikbudristek evaluasi kurikulum merdeka melibatkan banyak praktisi,0,
4273,CNBC Indonesia,@cnbcindonesia,sri mulyani belanja pendidikan oktober fokus gaji guru pppk,0,
4274,YouTube,@pendidikankita,inovasi digital sekolah mengurangi biaya operasional cetak soal,0,
4275,Instagram,@kemdikbud.ri,gunakan akun belajar id akses platform merdeka mengajar,0,
4276,LinkedIn,Praktisi Edukasi,dampak pengalihan anggaran seremonial subsidi riset nasional,0,
4277,Antara News,@antaranews,kemendiktisaintek skema dana padanan riset dorong kolaborasi,0,
4278,Kompas.com,@kompascom,nadiem makarim digitalisasi sekolah kunci transparansi anggaran,0,
4279,Detik.com,@detikcom,pemerintah targetkan guru memiliki sertifikat literasi digital,0,
4280,Republika,@republikaonline,kemendikbudristek permudah administrasi guru portal terpusat,0,
4281,CNN Indonesia,@CNNIndonesia,nadiem integrasi data pendidikan kurangi resiko tumpang tindih,0,
4282,Tempo.co,@tempodotco,efisiensi anggaran kemendikbud hapus ratusan pos rapat kota,0,
4283,Antara News,@antaranews,kemendiktisaintek beasiswa lpdp ditargetkan calon peneliti,0,
4284,Kompas.com,@kompascom,nadiem kurikulum merdeka membantu pemulihan belajar siswa dasar,0,
4285,Detik.com,@detikcom,pemerintah alokasikan rp triliun dana abadi pendidikan,0,
4286,WhatsApp,Forwarded,link klaim hadiah sumpah pemuda rb pemerintah klik bit ly,1,
4287,Facebook,Suara Rakyat,menteri nadiem sekolah swasta ditutup secara bertahap,1,
4288,X (Twitter),@PolitikUpdate,dana publikasi jurnal dosen digunakan membayar hutang negara per oktober,1,
4289,TikTok,@vlogger_politik,anggaran pendidikan indonesia hilang rp triliun bulan oktober,1,
4290,Instagram,@stophoax,berita penghapusan tunjangan profesi guru per november fakta,1,
4291,YouTube,@infopendidikan,tutorial sinkronisasi dapodik pencairan dana bos tahap,0,
4292,LinkedIn,Analis Publik,digitalisasi pendidikan menurunkan biaya logistik daerah,0,
4293,Antara News,@antaranews,kemendiktisaintek program matching fund dorong hilirisasi riset,0,
4294,Kompas.com,@kompascom,mendikbud pemanfaatan teknologi kunci efisiensi anggaran jangka panjang,0,
4295,Detik.com,@detikcom,pemerintah targetkan juta guru tersertifikasi digital tahun,0,
4296,Republika,@republikaonline,kemendikbudristek pangkas birokrasi laporan portal digital,0,
4297,CNN Indonesia,@CNNIndonesia,nadiem dana bos dapat digunakan perbaikan infrastruktur it,0,
4298,Media Indonesia,@mediaindonesia,mendikbudristek sekolah level tetap laksanakan ptm persen,0,
4299,CNBC Indonesia,@cnbcindonesia,realisasi belanja fungsi pendidikan oktober pagu anggaran,0,
4300,Antara News,@antaranews,kemendiktisaintek beasiswa unggulan fokus prestasi nasional,0,
4301,Kompas.com,@kompascom,kemendikbudristek hemat anggaran pengadaan digital siplah,0,
4302,Detik.com,@detikcom,nadiem pendidikan karakter penting implementasi kurikulum,0,
4303,Republika,@republikaonline,kemenkeu efisiensi dana pendidikan capai persen data,0,
4304,Tempo.co,@tempodotco,kemendikbudristek pangkas biaya operasional data terpadu,0,
4305,Antara News,@antaranews,pemerintah salurkan tunjangan khusus guru daerah terpencil,0,
4306,CNN Indonesia,@CNNIndonesia,nadiem platform rapor pendidikan membantu sekolah menilai diri,0,
4307,Kompas.com,@kompascom,pemerintah beri penghargaan sekolah literasi terbaik,0,
4308,Detik.com,@detikcom,mendikbud transformasi pendidikan memerlukan kolaborasi,0,
4309,Republika,@republikaonline,kemendikbudristek pantau dana bosp dashboard data,0,
4310,Tempo.co,@tempodotco,kemendikbudristek hemat rp triliun procurement semester ii,0,
4311,WhatsApp,Grup Sekolah,pendaftaran ijazah pengganti wajib membayar pajak negara rp ribu,1,
4312,Facebook,Viral News,dana bos cair anggaran pendidikan dipakai membayar bunga hutang,1,
4313,X (Twitter),@Leak_Indo,dana pendidikan dipakai membeli kendaraan dinas akhir tahun,1,
4314,TikTok,@news_update,bahaya tes anbk mengandung gelombang mempengaruhi otak anak,1,
4315,Instagram,@fakta_edu,mahasiswa kip kuliah tanpa booster dilarang mengambil ijazah,1,
4316,YouTube,@berita_sekolah,kemendikbud resmi ganti seragam sma menjadi baju bebas sopan per oktober,1,
4317,WhatsApp,Grup RT,sekolah tanpa spanduk hari santri dikurangi dana bos,1,
4318,Facebook,Info Cepat,beasiswa jepang resmi ditutup hubungan diplomatik,1,
4319,X (Twitter),@Netizen_News,skandal pengadaan buku sekolah berisi iklan produk tertentu,1,
4320,TikTok,@berita_panas,berita duka gaji guru pppk ditunda tahun,1,
4321,Antara News,@antaranews,kemendiktisaintek alokasikan rp triliun beasiswa prestasi,0,
4322,Kompas.com,@kompascom,nadiem dana bos dapat digunakan honor tenaga administrasi,0,
4323,Detik.com,@detikcom,pemerintah prioritaskan dana pendidikan penuntasan buta aksara,0,
4324,CNN Indonesia,@CNNIndonesia,audit bpk temukan efisiensi pengadaan alat lab kemendikbud,0,
4325,Republika,@republikaonline,kemendikbudristek pantau dana bosp dashboard digital terpadu,0,
4326,Tempo.co,@tempodotco,kemendikbudristek hemat rp triliun procurement,0,
4327,Media Indonesia,@mediaindonesia,mendikbudristek ptm persen berjalan rekomendasi satgas,0,
4328,CNBC Indonesia,@cnbcindonesia,sri mulyani belanja pendidikan oktober fokus inovasi guru,0,
4329,YouTube,@pendidikankita,inovasi digital mengurangi biaya pengadaan alat peraga sekolah dasar,0,
4330,Instagram,@kemdikbud.ri,selamat juta mahasiswa terdaftar penerima ukt oktober,0,
4331,LinkedIn,Analis Publik,digitalisasi pendidikan menurunkan biaya logistik tahunan,0,
4332,Antara News,@antaranews,kemendiktisaintek skema dana padanan riset dorong inovasi nasional,0,
4333,Kompas.com,@kompascom,nadiem makarim digitalisasi sekolah membantu efisiensi anggaran daerah,0,
4334,Detik.com,@detikcom,pemerintah targetkan guru memiliki sertifikat literasi digital,0,
4335,Republika,@republikaonline,kemendikbudristek pangkas birokrasi sertifikasi portal digital,0,
4336,WhatsApp,Forwarded,link subsidi kuota belajar gb hari sumpah pemuda klik bit ly,1,
4337,Facebook,Kabar Guru,sertifikat pendidik wajib diperpanjang tahun biaya admin,1,
4338,X (Twitter),@PolitikNews,dana bos tahap iii macet dipakai membayar tagihan listrik negara,1,
4339,TikTok,@vlogger_edu,mulai november siswa tanpa kartu vaksin lengkap dilarang masuk sekolah,1,
4340,Instagram,@cekfakta_id,video nadiem mengatakan guru honorer diganti teknologi ai,1,
4341,Kompas.com,@kompascom,hari guru nasional nadiem sampaikan apresiasi guru penggerak,0,
4342,Detik.com,@detikcom,kemendikbudristek buka pendaftaran seleksi pppk guru mulai november,0,
4343,WhatsApp,Grup Warga,link kado hari guru kemdikbud saldo dompet digital rp ribu,1,
4344,Facebook,Info Guru,pemerintah berikan motor listrik gratis guru honorer hgn,1,
4345,Antara News,@antaranews,kemendikbudristek penyaluran dana bos tahap capai persen november,0,
4346,CNBC Indonesia,@cnbcindonesia,menkeu anggaran pendidikan fokus peningkatan kualitas sdm,0,
4347,X (Twitter),@PolitikUpdate,dana tunjangan profesi guru november dialihkan subsidi bali,1,
4348,TikTok,@vlogger_edu,aturan mulai desember guru wajib membeli seragam khusus pusat,1,
4349,Republika,@republikaonline,efisiensi anggaran digitalisasi sistem uji kompetensi guru hemat miliaran,0,
4350,CNN Indonesia,@CNNIndonesia,nadiem platform merdeka mengajar kini digunakan juta guru,0,
4351,WhatsApp,Forwarded,link pendaftaran beasiswa kado hari guru negeri tanpa seleksi,1,
4352,Facebook,Info Cepat,mulai november siswa wajib membayar iuran perayaan hari guru,1,
4353,X (Twitter),@EduLeaks,dokumen bocor kurikulum merdeka menghapus mapel kewirausahaan,1,
4354,TikTok,@news_update,bahaya absensi digital guru dapat menyadap percakapan telepon pribadi,1,
4355,Instagram,@faktakita,peserta pppk lolos november langsung diberhentikan,1,
4356,YouTube,Kemdikbud RI,upacara peringatan hari guru nasional serentak bergerak,0,
4357,WhatsApp,Grup Guru,surat edaran guru sertifikasi wajib menyumbang rp ribu ikn,1,
4358,Facebook,Viral Edu,guru honorer otomatis menjadi pns tanpa tes november,1,
4359,X (Twitter),@LeakIndo,dana abadi riset mahasiswa dipakai membayar sewa hotel peserta ktt,1,
4360,TikTok,@berita_edu,berita gembira nadiem beri laptop gratis guru sertifikasi,1,
4361,CNBC Indonesia,@cnbcindonesia,sri mulyani pastikan anggaran pendidikan capai rp triliun,0,
4362,Liputan6,@liputan6dotcom,kemendikbudristek program praktisi mengajar masuk gelombang,0,
4363,YouTube,Kemdikbud RI,sosialisasi juknis bantuan operasional satuan pendidikan bosp,0,
4364,Instagram,@kemdikbud.ri,menerima memberi guru inovasi energi pendidikan indonesia,0,
4365,LinkedIn,Analis Publik,efisiensi belanja sekolah digitalisasi pengadaan siplah,0,
4366,Antara News,@antaranews,kemendiktisaintek program bangkit buka kuota mahasiswa,0,
4367,Kompas.com,@kompascom,nadiem guru garda terdepan pemulihan pembelajaran pascapandemi,0,
4368,Detik.com,@detikcom,audit bpk penyaluran dana pip transparan digitalisasi,0,
4369,Republika,@republikaonline,kemendikbudristek klaim efisiensi anggaran perjalanan dinas rp miliar,0,
4370,CNN Indonesia,@CNNIndonesia,mendikbudristek sekolah kini mandiri menentukan anggaran arkas,0,
4371,WhatsApp,Grup RT,link subsidi kuota belajar merdeka gb akhir tahun klik bit ly,1,
4372,Facebook,Info Beasiswa,beasiswa full kuliah belanda langsung lulus tanpa berkas khusus hgn,1,
4373,X (Twitter),@Netizen_News,skandal dana pembangunan perpustakaan dipakai mengecat,1,
4374,TikTok,@berita_panas,berita duka gaji guru sertifikasi november ditunda anggaran kosong,1,
4375,Instagram,@cekfakta_id,video nadiem mengatakan siswa vaksin boleh ujian akhir,1,
4376,WhatsApp,Forwarded,bantuan tunai subsidi kesejahteraan guru rp juta pemerintah,1,
4377,Facebook,Kabar Guru,sertifikasi guru wajib menggunakan materai laporan,1,
4378,X (Twitter),@PolitikUpdate,dana pendidikan indonesia dialokasikan menutup kerugian investasi,1,
4379,TikTok,@vlogger_politik,anggaran pendidikan hilang rp triliun akhir november,1,
4380,Instagram,@stophoax,link pendaftaran beasiswa lpdp jalur khusus guru tanpa syarat toefl,1,
4381,Tempo.co,@tempodotco,kemendikbudristek optimalkan dana bos dashboard integrasi digital,0,
4382,Media Indonesia,@mediaindonesia,mendikbudristek asesmen nasional jenjang sd selesai dilaksanakan,0,
4383,YouTube,@infopendidikan,daftar pppk guru portal sscasn bkn secara mandiri,0,
4384,LinkedIn,Praktisi Edukasi,penghematan biaya operasional digitalisasi administrasi sekolah,0,
4385,Antara News,@antaranews,kemendiktisaintek dana padanan kedaireka dorong inovasi dunia usaha,0,
4386,Kompas.com,@kompascom,nadiem makarim fokus pendidikan tahun transformasi digital,0,
4387,Detik.com,@detikcom,pemerintah salurkan dana rehabilitasi sekolah terdampak gempa cianjur,0,
4388,Republika,@republikaonline,kemenkeu efisiensi dana pendidikan capai data terpadu,0,
4389,CNN Indonesia,@CNNIndonesia,mendikbudristek tegaskan penghapusan mapel seni budaya,0,
4390,CNBC Indonesia,@cnbcindonesia,sri mulyani belanja fungsi pendidikan november fokus gaji guru,0,
4391,WhatsApp,Grup Sekolah,biaya pengurusan ijazah digital tahun sebesar rp ribu,1,
4392,Facebook,Viral News,dana bos terlambat cair kas negara dialihkan subsidi energi,1,
4393,X (Twitter),@LeakIndo,terungkap dana pendidikan dipakai membeli perlengkapan kantor mewah,1,
4394,TikTok,@news_update,bahaya server seleksi pppk dapat mengambil data kontak ponsel pendaftar,1,
4395,Instagram,@fakta_edu,mahasiswa kip kuliah wajib mengikuti kegiatan politik kampus tertentu,1,
4396,YouTube,@berita_sekolah,kemendikbud resmi ganti seragam olahraga siswa per desember,1,
4397,WhatsApp,Grup RT,sekolah mengadakan peringatan hari guru disanksi pusat,1,
4398,Facebook,Info Cepat,beasiswa turki resmi ditutup anggaran negara dipangkas,1,
4399,X (Twitter),@Netizen_News,skandal buku pelajaran sekolah mengandung propaganda radikalisme,1,
4400,TikTok,@berita_panas,berita duka guru honorer diberhentikan massal per november,1,
4401,Antara News,@antaranews,kemendikbudristek luncurkan program wirausaha merdeka tahap akhir,0,
4402,Kompas.com,@kompascom,nadiem rapor pendidikan membantu sekolah menentukan prioritas belanja,0,
4403,Detik.com,@detikcom,kemendiktisaintek klaim efisiensi anggaran riset kampus rp miliar,0,
4404,Republika,@republikaonline,kemendikbudristek pantau dana bosp dashboard digital data,0,
4405,Tempo.co,@tempodotco,efisiensi anggaran kemendikbud pangkas biaya konsumsi rapat kota,0,
4406,Media Indonesia,@mediaindonesia,mendikbudristek sekolah harus prioritaskan pembelian alat sanitasi,0,
4407,CNBC Indonesia,@cnbcindonesia,realisasi belanja fungsi pendidikan per november capai pagu,0,
4408,YouTube,@pendidikankita,inovasi digital mengurangi biaya cetak soal portal aplikasi,0,
4409,Instagram,@kemdikbud.ri,pengumuman batas akhir sinkronisasi dapodik pencairan tunjangan,0,
4410,LinkedIn,Praktisi Edukasi,dampak positif penggunaan siplah transparansi pengadaan barang,0,
4411,Antara News,@antaranews,kemendiktisaintek skema matching fund riset dukung kemandirian industri,0,
4412,Kompas.com,@kompascom,nadiem makarim teknologi membantu guru melakukan asesmen diagnostik,0,
4413,Detik.com,@detikcom,pemerintah targetkan sekolah memiliki akses internet tahun,0,
4414,Republika,@republikaonline,kemendikbudristek pangkas birokrasi laporan dana bos aplikasi,0,
4415,CNN Indonesia,@CNNIndonesia,mendikbud lulusan vokasi harus memiliki sertifikasi kompetensi resmi,0,
4416,Kompas.com,@kompascom,kemendikbudristek salurkan tunjangan khusus guru daerah tahap,0,
4417,Detik.com,@detikcom,nadiem dana bos november dapat digunakan honor tenaga lepas,0,
4418,Antara News,@antaranews,pemerintah prioritaskan dana pendidikan wilayah perbatasan nkri,0,
4419,CNN Indonesia,@CNNIndonesia,audit bpk temukan efisiensi pengadaan chromebook kemendikbudristek,0,
4420,Republika,@republikaonline,kemendikbudristek pantau dana bosp dashboard digital terpadu,0,
4421,Tempo.co,@tempodotco,kemendikbudristek hemat rp triliun sistem procurement,0,
4422,Media Indonesia,@mediaindonesia,mendikbudristek evaluasi kurikulum melibatkan masukan guru,0,
4423,CNBC Indonesia,@cnbcindonesia,sri mulyani belanja pendidikan november fokus infrastruktur digital,0,
4424,YouTube,@pendidikankita,inovasi digital sekolah mengurangi biaya administrasi atk,0,
4425,Instagram,@kemdikbud.ri,gunakan akun belajar id akses pelatihan mandiri hari guru,0,
4426,LinkedIn,Praktisi Edukasi,dampak pengalihan anggaran seremonial subsidi riset nasional,0,
4427,Antara News,@antaranews,kemendiktisaintek program matching fund dorong hilirisasi industri,0,
4428,Kompas.com,@kompascom,nadiem makarim digitalisasi sekolah kunci utama transparansi anggaran,0,
4429,Detik.com,@detikcom,pemerintah targetkan juta guru memiliki sertifikat literasi digital,0,
4430,Republika,@republikaonline,kemendikbudristek permudah administrasi guru portal portal,0,
4431,CNN Indonesia,@CNNIndonesia,nadiem integrasi dapodik emis hemat anggaran validasi data,0,
4432,Tempo.co,@tempodotco,efisiensi anggaran kemendikbud hapus ratusan pos rapat kota,0,
4433,Antara News,@antaranews,kemendiktisaintek beasiswa unggulan berikan kuota khusus riset,0,
4434,Kompas.com,@kompascom,nadiem kurikulum merdeka memberikan fleksibilitas guru,0,
4435,Detik.com,@detikcom,pemerintah alokasikan rp triliun dana abadi pendidikan,0,
4436,WhatsApp,Forwarded,link klaim kado hari guru rp juta tenaga pendidik,1,
4437,Facebook,Suara Rakyat,menteri nadiem sekolah swasta tanggung menjawab yayasan negara,1,
4438,X (Twitter),@PolitikUpdate,dana publikasi jurnal dosen digunakan membayar hutang negeri,1,
4439,TikTok,@vlogger_politik,anggaran pendidikan indonesia hilang rp triliun bulan november,1,
4440,Instagram,@stophoax,berita penghapusan tunjangan sertifikasi guru per desember benar,1,
4441,Kompas.com,@kompascom,kemendikbudristek salurkan dana darurat renovasi sekolah pasca gempa,0,
4442,Detik.com,@detikcom,nadiem digitalisasi pendidikan percepat penyaluran tunjangan honorer,0,
4443,Antara News,@antaranews,pemerintah prioritaskan dana pendidikan cegah putus sekolah sd,0,
4444,CNN Indonesia,@CNNIndonesia,audit bpk penyerapan anggaran pelatihan digital capai persen,0,
4445,Republika,@republikaonline,kemendikbudristek pantau dana bosp dashboard digital nasional,0,
4446,Tempo.co,@tempodotco,efisiensi birokrasi penggabungan unit teknis kemdikbud hemat miliaran,0,
4447,Media Indonesia,@mediaindonesia,mendikbudristek sekolah level tetap jalankan ptm persen,0,
4448,CNBC Indonesia,@cnbcindonesia,realisasi belanja fungsi pendidikan november capai target optimal,0,
4449,YouTube,@kabarpendidikan,tutorial sinkronisasi dapodik pencairan tunjangan triwulan,0,
4450,Instagram,@kemdikbud.ri,selamat juta mahasiswa terdaftar penerima ukt november,0,
4451,LinkedIn,Praktisi Edukasi,dampak pengalihan anggaran seminar subsidi kuota internet guru,0,
4452,Antara News,@antaranews,kemendiktisaintek program guru penggerak tingkatkan kualitas pemimpin,0,
4453,Kompas.com,@kompascom,pemerintah beri penghargaan sekolah transparansi dana bos,0,
4454,Detik.com,@detikcom,nadiem teknologi kunci efisiensi anggaran pendidikan nasional,0,
4455,Republika,@republikaonline,kemenkeu efisiensi dana pendidikan capai persen data,0,
4456,CNN Indonesia,@CNNIndonesia,nadiem dana bos dapat digunakan pembelian perangkat it mandiri,0,
4457,Antara News,@antaranews,kemendiktisaintek beasiswa lpdp fokus riset teknologi,0,
4458,Kompas.com,@kompascom,nadiem makarim digitalisasi sekolah membantu efisiensi anggaran daerah,0,
4459,Detik.com,@detikcom,pemerintah targetkan guru memiliki sertifikat literasi digital,0,
4460,Republika,@republikaonline,kemendikbudristek pangkas birokrasi laporan portal digital,0,
4461,WhatsApp,Grup Sekolah,pendaftaran ijazah pengganti wajib membayar pajak negara rp ribu,1,
4462,Facebook,Viral News,dana bos cair anggaran pendidikan dipakai membayar hutang,1,
4463,X (Twitter),@Leak_Indo,dana pendidikan dipakai membeli kendaraan dinas mewah akhir tahun,1,
4464,TikTok,@news_update,bahaya ptm persen dibatalkan mulai januari tahun,1,
4465,Instagram,@fakta_edu,mahasiswa kip kuliah tanpa booster dilarang mengikuti ujian,1,
4466,YouTube,@berita_sekolah,perubahan nama kemendikbud menjadi kemendiknas per desember,1,
4467,WhatsApp,Grup RT,sekolah tanpa lomba hari guru dikurangi dana bos,1,
4468,Facebook,Info Cepat,beasiswa amerika resmi ditutup anggaran negara dialihkan,1,
4469,X (Twitter),@Netizen_News,skandal pengadaan buku sekolah berisi iklan komersial,1,
4470,TikTok,@berita_panas,berita duka gaji guru pppk ditunda tahun,1,
4471,Antara News,@antaranews,kemendiktisaintek alokasikan rp triliun beasiswa prestasi,0,
4472,Kompas.com,@kompascom,nadiem dana bos dapat digunakan honor operator komputer,0,
4473,Detik.com,@detikcom,pemerintah prioritaskan dana pendidikan penuntasan buta aksara,0,
4474,CNN Indonesia,@CNNIndonesia,audit bpk temukan efisiensi pengadaan alat laboratorium sekolah,0,
4475,Republika,@republikaonline,kemendikbudristek pantau dana bosp dashboard digital terpadu,0,
4476,Tempo.co,@tempodotco,kemendikbudristek hemat rp triliun procurement semester ii,0,
4477,Media Indonesia,@mediaindonesia,mendikbudristek ptm persen berjalan rekomendasi satgas,0,
4478,CNBC Indonesia,@cnbcindonesia,sri mulyani belanja pendidikan november fokus inovasi guru,0,
4479,YouTube,@pendidikankita,inovasi digital mengurangi biaya pengadaan alat peraga sekolah dasar,0,
4480,Instagram,@kemdikbud.ri,selamat juta mahasiswa terdaftar penerima ukt november,0,
4481,LinkedIn,Analis Publik,digitalisasi pendidikan menurunkan biaya logistik tahunan,0,
4482,Antara News,@antaranews,kemendiktisaintek skema dana padanan riset dorong inovasi nasional,0,
4483,Kompas.com,@kompascom,nadiem makarim digitalisasi sekolah membantu efisiensi anggaran daerah,0,
4484,Detik.com,@detikcom,pemerintah targetkan guru memiliki sertifikat literasi digital,0,
4485,Republika,@republikaonline,kemendikbudristek pangkas birokrasi sertifikasi portal digital,0,
4486,WhatsApp,Forwarded,link subsidi pulsa belajar gb spesial hari guru klik bit ly,1,
4487,Facebook,Kabar Guru,sertifikat pendidik wajib diperpanjang tahun biaya admin,1,
4488,X (Twitter),@PolitikNews,dana bos tahap iii macet dipakai membayar tagihan listrik negara,1,
4489,TikTok,@vlogger_edu,mulai desember siswa tanpa kartu vaksin lengkap dilarang masuk sekolah,1,
4490,Instagram,@cekfakta_id,video nadiem mengatakan guru honorer diganti teknologi ai,1,
4491,Kompas.com,@kompascom,kaleidoskop terobosan merdeka belajar mentransformasi pendidikan,0,
4492,Detik.com,@detikcom,nadiem makarim pengumuman kuota sekolah snbp dirilis desember,0,
4493,WhatsApp,Grup Warga,link hadiah akhir tahun rp juta kemdikbud pemegang kartu kis kip,1,
4494,Facebook,Info Guru,pemerintah berikan bonus kali gaji pokok guru non sertifikasi akhir tahun,1,
4495,Antara News,@antaranews,kemendikbudristek penyaluran dana bos selesai persen per desember,0,
4496,CNBC Indonesia,@cnbcindonesia,sri mulyani anggaran pendidikan sebesar rp triliun resmi disahkan,0,
4497,X (Twitter),@PolitikUpdate,sisa dana pendidikan dialihkan membeli atribut partai politik,1,
4498,TikTok,@vlogger_edu,mulai januari siswa wajib mengikuti tes urin bulan,1,
4499,Republika,@republikaonline,efisiensi anggaran digitalisasi sistem pelaporan dana bosp hemat rp triliun,0,
4500,CNN Indonesia,@CNNIndonesia,nadiem program kampus mengajar angkatan dibuka ribu mahasiswa,0,
4501,WhatsApp,Forwarded,link subsidi pulsa natal tahun gb kemendikbudristek,1,
4502,Facebook,Info Cepat,mulai desember mahasiswa ikut vaksin booster do,1,
4503,X (Twitter),@EduLeaks,bocoran rahasia pemerintah menghapus status guru tetap tahun,1,
4504,TikTok,@news_update,bahaya aplikasi merdeka mengajar dapat mengambil data perbankan ponsel,1,
4505,Instagram,@faktakita,siswa lulus asesmen nasional wajib mengulang kelas tahun,1,
4506,YouTube,Kemdikbud RI,live peluncuran merdeka belajar episode buku bacaan bermutu,0,
4507,WhatsApp,Grup Guru,surat edaran guru wajib iuran rp ribu acara tahun pusat,1,
4508,Facebook,Viral Edu,pengumuman guru honorer langsung diangkat pns tanpa tes januari,1,
4509,X (Twitter),@LeakIndo,dana abadi pendidikan dipakai membayar hutang proyek infrastruktur mangkrak,1,
4510,TikTok,@berita_edu,berita gembira nadiem beri voucher belanja rp juta siswa berprestasi,1,
4511,CNBC Indonesia,@cnbcindonesia,sri mulyani pastikan tunjangan profesi guru masuk prioritas belanja,0,
4512,Liputan6,@liputan6dotcom,kemendikbudristek sekolah diimbau manfaatkan silpa bos alat peraga,0,
4513,YouTube,Kemdikbud RI,tutorial cek kuota sekolah seleksi nasional prestasi,0,
4514,Instagram,@kemdikbud.ri,capaian ribu sekolah terapkan kurikulum merdeka,0,
4515,LinkedIn,Analis Publik,efisiensi belanja operasional transformasi digital pengadaan siplah,0,
4516,Antara News,@antaranews,kemendiktisaintek beasiswa lpdp dibuka awal februari,0,
4517,Kompas.com,@kompascom,nadiem transformasi seleksi ptn tekankan keadilan siswa mampu,0,
4518,Detik.com,@detikcom,audit bpk penyaluran dana pip tahap akhir target sasaran,0,
4519,Republika,@republikaonline,kemendikbudristek klaim efisiensi anggaran rapat koordinasi rp miliar,0,
4520,CNN Indonesia,@CNNIndonesia,mendikbudristek literasi numerasi kunci kompetensi masa,0,
4521,WhatsApp,Grup RT,link subsidi akhir tahun pelajar sd sma sebesar rp ribu klik bit ly,1,
4522,Facebook,Info Beasiswa,beasiswa full kuliah jepang jalur khusus libur akhir tahun tanpa berkas,1,
4523,X (Twitter),@Netizen_News,skandal anggaran renovasi sekolah dipakai membeli tiket konser internasional,1,
4524,TikTok,@berita_panas,berita duka tunjangan sertifikasi guru dihapus undang undang,1,
4525,Instagram,@cekfakta_id,video nadiem makarim mengatakan ijazah sma berlaku mulai,1,
4526,WhatsApp,Forwarded,bantuan uang tunai subsidi pendidikan rp juta kemdikbud,1,
4527,Facebook,Kabar Guru,sertifikasi guru wajib melampirkan bukti keanggotaan ormas tertentu,1,
4528,X (Twitter),@PolitikUpdate,dana pendidikan dialokasikan menutup defisit anggaran ikn per desember,1,
4529,TikTok,@vlogger_politik,anggaran pendidikan hilang rp triliun selama periode desember,1,
4530,Instagram,@stophoax,link pendaftaran guru penggerak jalur cepat tanpa seleksi wawancara,1,
4531,Tempo.co,@tempodotco,kemendikbudristek gunakan dashboard terintegrasi pantau silpa bos,0,
4532,Media Indonesia,@mediaindonesia,mendikbudristek sekolah harus manfaatkan libur semester evaluasi,0,
4533,YouTube,@infopendidikan,sanggah kuota sekolah snbp portal resmi snpmb,0,
4534,LinkedIn,Praktisi Edukasi,penghematan biaya distribusi buku sistem buku teks digital,0,
4535,Antara News,@antaranews,kemendiktisaintek matching fund hasilkan inovasi kampus industri,0,
4536,Kompas.com,@kompascom,nadiem makarim kurikulum merdeka dievaluasi secara berkala,0,
4537,Detik.com,@detikcom,pemerintah salurkan dana insentif sekolah wilayah terluar,0,
4538,Republika,@republikaonline,kemenkeu efisiensi dana pendidikan capai data nasional,0,
4539,CNN Indonesia,@CNNIndonesia,mendikbudristek tegaskan penghapusan mata pelajaran sejarah,0,
4540,CNBC Indonesia,@cnbcindonesia,sri mulyani belanja pendidikan desember fokus kesejahteraan guru,0,
4541,WhatsApp,Grup Sekolah,biaya pendaftaran ulang semester genap sma negeri sebesar rp juta,1,
4542,Facebook,Viral News,dana bos cair bulan kas negara dialokasikan vaksin,1,
4543,X (Twitter),@LeakIndo,terungkap dana pendidikan dipakai membeli perabotan mewah kantor menteri,1,
4544,TikTok,@news_update,bahaya ijazah digital dapat memantau aktivitas media sosial alumni,1,
4545,Instagram,@fakta_edu,mahasiswa kip kuliah wajib mengikuti demonstrasi mendukung pemerintah,1,
4546,YouTube,@berita_sekolah,kemendikbud resmi ganti seragam smp menjadi baju adat per januari,1,
4547,WhatsApp,Grup RT,sekolah merayakan hari ibu diberi sanksi pengurangan dana,1,
4548,Facebook,Info Cepat,beasiswa korea resmi ditutup hubungan diplomatik memanas,1,
4549,X (Twitter),@Netizen_News,skandal buku pelajaran sekolah mengandung pesan tersembunyi lgbt,1,
4550,TikTok,@berita_panas,berita duka tenaga honorer diberhentikan per desember,1,
4551,Antara News,@antaranews,kemendikbudristek gelar anugerah merdeka belajar jakarta,0,
4552,Kompas.com,@kompascom,nadiem platform rapor pendidikan membantu pemda petakan masalah sekolah,0,
4553,Detik.com,@detikcom,kemendiktisaintek klaim efisiensi anggaran publikasi ilmiah rp miliar,0,
4554,Republika,@republikaonline,kemendikbudristek pantau penggunaan dana bosp dashboard arkas,0,
4555,Tempo.co,@tempodotco,efisiensi anggaran kemendikbud pangkas biaya perjalanan dinas akhir tahun,0,
4556,Media Indonesia,@mediaindonesia,mendikbudristek sekolah harus menjadi tempat nyaman tanpa kekerasan,0,
4557,CNBC Indonesia,@cnbcindonesia,realisasi belanja fungsi pendidikan per desember capai pagu,0,
4558,YouTube,@pendidikankita,inovasi digital mengurangi biaya ujian aplikasi cbt nasional,0,
4559,Instagram,@kemdikbud.ri,pengumuman batas akhir cut off data dapodik dana bos,0,
4560,LinkedIn,Praktisi Edukasi,dampak positif penggunaan katalog pengadaan buku nasional,0,
4561,Antara News,@antaranews,kemendiktisaintek skema dana padanan riset dukung kemandirian bangsa,0,
4562,Kompas.com,@kompascom,nadiem makarim teknologi alat guru tetap menjadi penggerak utama,0,
4563,Detik.com,@detikcom,pemerintah targetkan sekolah terkoneksi internet kecepatan tinggi,0,
4564,Republika,@republikaonline,kemendikbudristek pangkas birokrasi laporan dana bos digitalisasi,0,
4565,CNN Indonesia,@CNNIndonesia,mendikbud lulusan smk harus memiliki sertifikasi kompetensi berstandar,0,
4566,Kompas.com,@kompascom,kemendikbudristek salurkan tunjangan khusus guru daerah tahap akhir,0,
4567,Detik.com,@detikcom,nadiem dana bos desember dapat digunakan persiapan semester,0,
4568,Antara News,@antaranews,pemerintah prioritaskan dana pendidikan pengentasan kemiskinan,0,
4569,CNN Indonesia,@CNNIndonesia,audit bpk temukan efisiensi pengadaan chromebook kemendikbudristek,0,
4570,Republika,@republikaonline,kemendikbudristek pantau dana bosp dashboard data terpadu,0,
4571,Tempo.co,@tempodotco,kemendikbudristek hemat rp triliun sistem procurement,0,
4572,Media Indonesia,@mediaindonesia,mendikbudristek evaluasi kurikulum merdeka melibatkan masukan guru,0,
4573,CNBC Indonesia,@cnbcindonesia,sri mulyani belanja pendidikan desember fokus infrastruktur digital,0,
4574,YouTube,@pendidikankita,inovasi digital sekolah mengurangi biaya administrasi perkantoran,0,
4575,Instagram,@kemdikbud.ri,gunakan akun belajar id akses platform merdeka mengajar,0,
4576,LinkedIn,Praktisi Edukasi,dampak pengalihan anggaran seremonial subsidi riset nasional,0,
4577,Antara News,@antaranews,kemendiktisaintek skema dana padanan riset dorong kolaborasi industri,0,
4578,Kompas.com,@kompascom,nadiem makarim digitalisasi sekolah kunci transparansi anggaran daerah,0,
4579,Detik.com,@detikcom,pemerintah targetkan guru memiliki sertifikat literasi digital,0,
4580,Republika,@republikaonline,kemendikbudristek permudah administrasi guru portal digital,0,
4581,CNN Indonesia,@CNNIndonesia,nadiem integrasi dapodik emis hemat anggaran validasi data,0,
4582,Tempo.co,@tempodotco,efisiensi anggaran kemendikbud hapus ratusan pos rapat kota,0,
4583,Antara News,@antaranews,kemendiktisaintek beasiswa lpdp fokus riset teknologi,0,
4584,Kompas.com,@kompascom,nadiem kurikulum merdeka membantu pemulihan belajar pasca pandemi,0,
4585,Detik.com,@detikcom,pemerintah alokasikan rp triliun dana abadi pendidikan,0,
4586,WhatsApp,Forwarded,link hadiah bonus tahun rp juta guru siswa klik bit ly,1,
4587,Facebook,Suara Rakyat,menteri nadiem guru honorer diganti teknologi robot ai,1,
4588,X (Twitter),@PolitikUpdate,dana publikasi jurnal dosen digunakan membayar hutang negeri,1,
4589,TikTok,@vlogger_politik,anggaran pendidikan indonesia hilang rp triliun bulan desember,1,
4590,Instagram,@stophoax,berita penghapusan tunjangan sertifikasi guru per januari benar,1,
4591,Kompas.com,@kompascom,kemendikbudristek salurkan dana darurat renovasi sekolah pasca gempa,0,
4592,Detik.com,@detikcom,nadiem digitalisasi pendidikan percepat penyaluran tunjangan honorer,0,
4593,Antara News,@antaranews,pemerintah prioritaskan dana pendidikan cegah putus sekolah sd,0,
4594,CNN Indonesia,@CNNIndonesia,audit bpk penyerapan anggaran pelatihan digital capai persen,0,
4595,Republika,@republikaonline,kemendikbudristek pantau dana bosp dashboard digital nasional,0,
4596,Tempo.co,@tempodotco,efisiensi birokrasi penggabungan unit teknis kemdikbud hemat miliaran,0,
4597,Media Indonesia,@mediaindonesia,mendikbudristek sekolah level tetap jalankan ptm persen,0,
4598,CNBC Indonesia,@cnbcindonesia,realisasi belanja fungsi pendidikan desember capai target optimal,0,
4599,YouTube,@kabarpendidikan,tutorial sinkronisasi dapodik pencairan tunjangan triwulan,0,
4600,Instagram,@kemdikbud.ri,selamat juta mahasiswa terdaftar penerima ukt desember,0,
4601,LinkedIn,Praktisi Edukasi,dampak pengalihan anggaran seminar subsidi kuota internet guru,0,
4602,Antara News,@antaranews,kemendiktisaintek program guru penggerak tingkatkan kualitas pemimpin,0,
4603,Kompas.com,@kompascom,pemerintah beri penghargaan sekolah transparansi dana bos,0,
4604,Detik.com,@detikcom,nadiem teknologi kunci efisiensi anggaran pendidikan nasional,0,
4605,Republika,@republikaonline,kemenkeu efisiensi dana pendidikan capai persen data,0,
4606,CNN Indonesia,@CNNIndonesia,nadiem dana bos dapat digunakan pembelian perangkat it mandiri,0,
4607,Antara News,@antaranews,kemendiktisaintek beasiswa lpdp fokus ekonomi hijau,0,
4608,Kompas.com,@kompascom,nadiem makarim digitalisasi sekolah membantu efisiensi anggaran daerah,0,
4609,Detik.com,@detikcom,pemerintah targetkan guru memiliki sertifikat literasi digital,0,
4610,Republika,@republikaonline,kemendikbudristek pangkas birokrasi laporan portal digital,0,
4611,WhatsApp,Grup Sekolah,pendaftaran ijazah pengganti wajib membayar pajak negara rp ribu,1,
4612,Facebook,Viral News,dana bos cair anggaran pendidikan dipakai membayar hutang,1,
4613,X (Twitter),@Leak_Indo,dana pendidikan dipakai membeli kendaraan dinas mewah akhir tahun,1,
4614,TikTok,@news_update,bahaya ptm persen dibatalkan mulai januari tahun,1,
4615,Instagram,@fakta_edu,mahasiswa kip kuliah tanpa booster dilarang mengikuti ujian,1,
4616,YouTube,@berita_sekolah,perubahan nama kemendikbud menjadi kemendiknas per januari,1,
4617,WhatsApp,Grup RT,sekolah tanpa lomba akhir tahun dikurangi dana bos,1,
4618,Facebook,Info Cepat,beasiswa amerika resmi ditutup anggaran negara dialihkan,1,
4619,X (Twitter),@Netizen_News,skandal pengadaan buku sekolah berisi iklan komersial,1,
4620,TikTok,@berita_panas,berita duka gaji guru pppk ditunda tahun,1,
4621,Antara News,@antaranews,kemendiktisaintek alokasikan rp triliun beasiswa prestasi,0,
4622,Kompas.com,@kompascom,nadiem dana bos dapat digunakan honor operator komputer,0,
4623,Detik.com,@detikcom,pemerintah prioritaskan dana pendidikan penuntasan buta aksara,0,
4624,CNN Indonesia,@CNNIndonesia,audit bpk temukan efisiensi pengadaan alat laboratorium sekolah,0,
4625,Republika,@republikaonline,kemendikbudristek pantau dana bosp dashboard digital terpadu,0,
4626,Tempo.co,@tempodotco,kemendikbudristek hemat rp triliun procurement,0,
4627,Media Indonesia,@mediaindonesia,mendikbudristek ptm persen berjalan rekomendasi satgas,0,
4628,CNBC Indonesia,@cnbcindonesia,sri mulyani belanja pendidikan desember fokus inovasi guru,0,
4629,YouTube,@pendidikankita,inovasi digital mengurangi biaya pengadaan alat peraga sekolah dasar,0,
4630,Instagram,@kemdikbud.ri,selamat juta mahasiswa terdaftar penerima ukt,0,
4631,LinkedIn,Analis Publik,digitalisasi pendidikan menurunkan biaya logistik tahunan,0,
4632,Antara News,@antaranews,kemendiktisaintek skema dana padanan riset dorong inovasi nasional,0,
4633,Kompas.com,@kompascom,nadiem makarim digitalisasi sekolah membantu efisiensi anggaran daerah,0,
4634,Detik.com,@detikcom,pemerintah targetkan guru memiliki sertifikat literasi digital,0,
4635,Republika,@republikaonline,kemendikbudristek pangkas birokrasi sertifikasi portal digital,0,
4636,WhatsApp,Forwarded,link subsidi pulsa belajar gb spesial akhir tahun klik bit ly,1,
4637,Facebook,Kabar Guru,sertifikat pendidik wajib diperpanjang tahun biaya admin,1,
4638,X (Twitter),@PolitikNews,dana bos tahap iii macet dipakai membayar tagihan listrik negara,1,
4639,TikTok,@vlogger_edu,mulai januari siswa tanpa kartu vaksin lengkap dilarang masuk sekolah,1,
4640,Instagram,@cekfakta_id,video nadiem mengatakan guru honorer diganti teknologi ai,1,
4641,Kompas.com,@kompascom,snpmb pembuatan akun siswa resmi dibuka mulai januari,0,
4642,Detik.com,@detikcom,nadiem makarim fokus pendidikan peningkatan kesejahteraan guru,0,
4643,WhatsApp,Grup Warga,link subsidi buku sekolah awal tahun rp ribu siswa sd sma,1,
4644,Facebook,Info Guru,berita gembira kenaikan gaji guru pns honorer per januari,1,
4645,Antara News,@antaranews,kemendikbudristek sekolah wajib selesaikan laporan dana bos januari,0,
4646,CNBC Indonesia,@cnbcindonesia,sri mulyani alokasi dana pendidikan mencapai rp triliun,0,
4647,X (Twitter),@PolitikUpdate,anggaran pendidikan januari dialihkan membiayai kampanye pemilihan presiden,1,
4648,TikTok,@vlogger_edu,mulai februari siswa terlambat masuk sekolah dikenakan denda,1,
4649,Republika,@republikaonline,efisiensi anggaran digitalisasi sistem uji kompetensi hemat dana perjalanan,0,
4650,CNN Indonesia,@CNNIndonesia,nadiem program kampus mengajar angkatan resmi memulai penugasan,0,
4651,WhatsApp,Forwarded,link subsidi kuota belajar awal semester gb klik bit ly kuota,1,
4652,Facebook,Info Cepat,mulai januari ijazah kelulusan wajib menggunakan chip elektronik,1,
4653,X (Twitter),@EduLeaks,bocoran dokumen mata pelajaran sejarah dihapus kurikulum merdeka,1,
4654,TikTok,@news_update,bahaya aplikasi absensi sekolah dapat melacak riwayat pencarian internet,1,
4655,Instagram,@faktakita,peserta snbp lolos wajib membayar denda administrasi rp ribu,1,
4656,YouTube,Kemdikbud RI,panduan registrasi akun snpmb sekolah siswa tahun,0,
4657,WhatsApp,Grup Guru,surat edaran guru honorer wajib tes ulang kompetensi biaya sendiri,1,
4658,Facebook,Viral Edu,lulusan smk januari langsung diangkat menjadi pegawai bumn,1,
4659,X (Twitter),@LeakIndo,dana sertifikasi guru digunakan menutup kerugian saham pemerintah,1,
4660,TikTok,@berita_edu,berita gembira nadiem berikan laptop gratis siswa,1,
4661,CNBC Indonesia,@cnbcindonesia,menkeu belanja fungsi pendidikan januari difokuskan rehabilitasi ruang kelas,0,
4662,Liputan6,@liputan6dotcom,kemendikbudristek dana bos dapat digunakan pembelian langganan aplikasi edukasi,0,
4663,YouTube,Kemdikbud RI,sosialisasi juknis bantuan operasional satuan pendidikan bosp,0,
4664,Instagram,@kemdikbud.ri,selamat sekolah semangat semester genap,0,
4665,LinkedIn,Analis Publik,efisiensi belanja sekolah penggunaan dashboard arkas terpadu,0,
4666,Antara News,@antaranews,kemendiktisaintek pendaftaran beasiswa lpdp tahap dibuka januari,0,
4667,Kompas.com,@kompascom,nadiem transformasi pendidikan berfokus digitalisasi karakter,0,
4668,Detik.com,@detikcom,audit bpk digitalisasi dapodik mampu menekan angka data siswa duplikat,0,
4669,Republika,@republikaonline,kemendikbudristek klaim efisiensi anggaran perjalanan dinas rp triliun,0,
4670,CNN Indonesia,@CNNIndonesia,mendikbudristek sekolah kini fleksibel mengatur anggaran kebutuhan,0,
4671,WhatsApp,Grup RT,link subsidi seragam sekolah gratis dampak kenaikan harga klik bit ly,1,
4672,Facebook,Info Beasiswa,beasiswa full kuliah australia tanpa toefl dibuka khusus januari,1,
4673,X (Twitter),@Netizen_News,skandal dana renovasi perpustakaan digunakan membeli kursi,1,
4674,TikTok,@berita_panas,berita duka gaji guru sertifikasi dipangkas mulai tahun,1,
4675,Instagram,@cekfakta_id,video nadiem makarim mengatakan anak pemilik kip bebas tes masuk kampus,1,
4676,WhatsApp,Forwarded,bantuan uang tunai awal tahun rp juta kemdikbud,1,
4677,Facebook,Kabar Guru,sertifikasi guru wajib menggunakan materai mulai januari,1,
4678,X (Twitter),@PolitikUpdate,dana pendidikan indonesia dialokasikan menutup defisit belanja ikn,1,
4679,TikTok,@vlogger_politik,anggaran pendidikan hilang rp triliun input data pusat,1,
4680,Instagram,@stophoax,pesan link pendaftaran kip kuliah jalur mandiri biaya admin,1,
4681,Tempo.co,@tempodotco,kemendikbudristek optimalkan anggaran platform belanja sekolah siplah,0,
4682,Media Indonesia,@mediaindonesia,mendikbudristek asesmen nasional penentu kelulusan siswa,0,
4683,YouTube,@infopendidikan,mengisi dashboard perencanaan berbasis data pbd sekolah,0,
4684,LinkedIn,Praktisi Edukasi,penghematan biaya operasional digitalisasi laporan keuangan sekolah,0,
4685,Antara News,@antaranews,kemendiktisaintek riset kedaireka fokus ketahanan pangan nasional,0,
4686,Kompas.com,@kompascom,nadiem makarim kurikulum merdeka berikan kebebasan belajar guru,0,
4687,Detik.com,@detikcom,pemerintah salurkan bantuan rehab sekolah wilayah pasca bencana,0,
4688,Republika,@republikaonline,kemenkeu efisiensi dana pendidikan data mencapai,0,
4689,CNN Indonesia,@CNNIndonesia,mendikbudristek tegaskan penghapusan mata pelajaran seni budaya,0,
4690,CNBC Indonesia,@cnbcindonesia,sri mulyani belanja pendidikan januari fokus sarana pendidikan vokasi,0,
4691,WhatsApp,Grup Sekolah,biaya pendaftaran ujian akhir semester genap sebesar rp ribu,1,
4692,Facebook,Viral News,dana bos cair anggaran pendidikan dipakai biaya politik,1,
4693,X (Twitter),@LeakIndo,terungkap dana pendidikan dipakai membayar konsultan branding pejabat,1,
4694,TikTok,@news_update,bahaya ptm dibatalkan sekolah online mulai februari,1,
4695,Instagram,@fakta_edu,mahasiswa kip kuliah wajib kerja bakti kantor desa akhir pekan,1,
4696,YouTube,@berita_sekolah,kemendikbud resmi ganti seragam sma menjadi baju bebas per januari,1,
4697,WhatsApp,Grup RT,sekolah siswanya terlibat perkelahian dicabut dana bos,1,
4698,Facebook,Info Cepat,beasiswa inggris resmi ditutup krisis ekonomi global,1,
4699,X (Twitter),@Netizen_News,skandal buku pelajaran sekolah berisi kode rahasia situs perjudian,1,
4700,TikTok,@berita_panas,berita duka tenaga administrasi honorer diberhentikan januari,1,
4701,Antara News,@antaranews,kemendikbudristek luncurkan program wirausaha merdeka batch,0,
4702,Kompas.com,@kompascom,nadiem rapor pendidikan membantu sekolah temukan akar masalah literasi,0,
4703,Detik.com,@detikcom,kemendiktisaintek klaim efisiensi anggaran seminar rp miliar,0,
4704,Republika,@republikaonline,kemendikbudristek pantau penggunaan dana bosp sistem online,0,
4705,Tempo.co,@tempodotco,efisiensi anggaran kemendikbud pangkas biaya perjalanan dinas,0,
4706,Media Indonesia,@mediaindonesia,mendikbudristek sekolah harus prioritaskan pembelian alat kesehatan sekolah,0,
4707,CNBC Indonesia,@cnbcindonesia,realisasi belanja fungsi pendidikan januari capai rp triliun,0,
4708,YouTube,@pendidikankita,inovasi digital mengurangi biaya distribusi modul sistem cloud,0,
4709,Instagram,@kemdikbud.ri,pengumuman sinkronisasi dapodik pencairan tunjangan semester,0,
4710,LinkedIn,Praktisi Edukasi,dampak positif penggunaan siplah transparansi pengadaan sekolah,0,
4711,Antara News,@antaranews,kemendiktisaintek dana riset nasional dukung inovasi mobil listrik,0,
4712,Kompas.com,@kompascom,nadiem makarim digitalisasi sekolah membantu personalisasi belajar siswa,0,
4713,Detik.com,@detikcom,pemerintah targetkan sekolah memiliki laboratorium bahasa,0,
4714,Republika,@republikaonline,kemendikbudristek pangkas birokrasi laporan dana bos digitalisasi,0,
4715,CNN Indonesia,@CNNIndonesia,mendikbud lulusan smk harus menguasai keahlian digital,0,
4716,Kompas.com,@kompascom,kemendikbudristek alokasikan rp triliun beasiswa berprestasi,0,
4717,Detik.com,@detikcom,nadiem dana bos dapat digunakan perbaikan fasilitas sanitasi,0,
4718,Antara News,@antaranews,pemerintah prioritaskan dana pendidikan pengentasan kemiskinan ekstrem,0,
4719,CNN Indonesia,@CNNIndonesia,audit bpk temukan efisiensi pengadaan alat laboratorium kemendikbud,0,
4720,Republika,@republikaonline,kemendikbudristek pantau dana bosp dashboard data terintegrasi,0,
4721,Tempo.co,@tempodotco,kemendikbudristek hemat rp triliun sistem procurement,0,
4722,Media Indonesia,@mediaindonesia,mendikbudristek evaluasi kurikulum merdeka melibatkan guru daerah,0,
4723,CNBC Indonesia,@cnbcindonesia,sri mulyani belanja pendidikan januari fokus peningkatan gaji pppk,0,
4724,YouTube,@pendidikankita,inovasi digital sekolah mengurangi biaya administrasi tanpa kertas,0,
4725,Instagram,@kemdikbud.ri,gunakan akun belajar id akses platform merdeka mengajar,0,
4726,LinkedIn,Praktisi Edukasi,dampak pengalihan anggaran seremonial subsidi riset nasional,0,
4727,Antara News,@antaranews,kemendiktisaintek skema dana riset dorong kolaborasi perguruan tinggi,0,
4728,Kompas.com,@kompascom,nadiem makarim digitalisasi sekolah kunci transparansi anggaran,0,
4729,Detik.com,@detikcom,pemerintah targetkan juta guru memiliki sertifikat kompetensi digital,0,
4730,Republika,@republikaonline,kemendikbudristek permudah sertifikasi guru portal digital data,0,
4731,CNN Indonesia,@CNNIndonesia,nadiem integrasi data pendidikan kurangi resiko tumpang tindih,0,
4732,Tempo.co,@tempodotco,efisiensi anggaran kemendikbud hapus pos biaya rapat kota,0,
4733,Antara News,@antaranews,kemendiktisaintek beasiswa lpdp fokus calon peneliti muda,0,
4734,Kompas.com,@kompascom,nadiem kurikulum merdeka memberikan fleksibilitas guru,0,
4735,Detik.com,@detikcom,pemerintah alokasikan rp triliun dana abadi pendidikan,0,
4736,WhatsApp,Forwarded,link hadiah awal tahun rp juta pemerintah klik bit ly kado,1,
4737,Facebook,Suara Rakyat,menteri nadiem sekolah swasta segera digratiskan sepenuhnya,1,
4738,X (Twitter),@PolitikUpdate,dana riset dosen digunakan membayar hutang negara per januari,1,
4739,TikTok,@vlogger_politik,anggaran pendidikan hilang rp triliun bulan januari,1,
4740,Instagram,@stophoax,berita penghapusan tunjangan profesi guru ruu sisdiknas benar,1,
4741,Kompas.com,@kompascom,kemendikbudristek salurkan dana darurat renovasi sekolah pasca banjir,0,
4742,Detik.com,@detikcom,nadiem digitalisasi pendidikan percepat penyaluran tunjangan honorer,0,
4743,Antara News,@antaranews,pemerintah prioritaskan dana pendidikan wilayah perbatasan nkri,0,
4744,CNN Indonesia,@CNNIndonesia,audit bpk penyerapan anggaran pelatihan guru capai persen,0,
4745,Republika,@republikaonline,kemendikbudristek pantau dana bosp dashboard digital nasional,0,
4746,Tempo.co,@tempodotco,efisiensi birokrasi penggabungan unit teknis kemdikbud hemat miliaran,0,
4747,Media Indonesia,@mediaindonesia,mendikbudristek sekolah level boleh jalankan ptm persen,0,
4748,CNBC Indonesia,@cnbcindonesia,realisasi belanja fungsi pendidikan januari capai target optimal,0,
4749,YouTube,@kabarpendidikan,tutorial sinkronisasi dapodik pencairan tunjangan triwulan,0,
4750,Instagram,@kemdikbud.ri,selamat juta mahasiswa terdaftar penerima ukt,0,
4751,LinkedIn,Praktisi Edukasi,dampak pengalihan anggaran seminar subsidi kuota internet sekolah,0,
4752,Antara News,@antaranews,kemendiktisaintek program guru penggerak tingkatkan kualitas pemimpin,0,
4753,Kompas.com,@kompascom,pemerintah beri penghargaan sekolah transparansi dana bos,0,
4754,Detik.com,@detikcom,nadiem teknologi kunci efisiensi anggaran pendidikan nasional,0,
4755,Republika,@republikaonline,kemenkeu efisiensi dana pendidikan capai persen data,0,
4756,CNN Indonesia,@CNNIndonesia,nadiem dana bos dapat digunakan pembelian perangkat it mandiri,0,
4757,Antara News,@antaranews,kemendiktisaintek beasiswa lpdp fokus riset teknologi,0,
4758,Kompas.com,@kompascom,nadiem makarim digitalisasi sekolah membantu efisiensi anggaran daerah,0,
4759,Detik.com,@detikcom,pemerintah targetkan guru memiliki sertifikat literasi digital,0,
4760,Republika,@republikaonline,kemendikbudristek pangkas birokrasi laporan portal digital,0,
4761,WhatsApp,Grup Sekolah,pendaftaran ijazah pengganti wajib membayar pajak negara rp ribu,1,
4762,Facebook,Viral News,dana bos cair anggaran pendidikan dipakai membayar hutang,1,
4763,X (Twitter),@Leak_Indo,dana pendidikan dipakai membeli kendaraan dinas mewah awal tahun,1,
4764,TikTok,@news_update,bahaya ptm persen dibatalkan mulai februari tahun,1,
4765,Instagram,@fakta_edu,mahasiswa kip kuliah tanpa booster dilarang mengikuti kuliah,1,
4766,YouTube,@berita_sekolah,perubahan nama kemendikbud menjadi kemendiknas per januari,1,
4767,WhatsApp,Grup RT,sekolah tanpa lomba awal tahun dikurangi dana bos,1,
4768,Facebook,Info Cepat,beasiswa amerika resmi ditutup anggaran negara dialihkan,1,
4769,X (Twitter),@Netizen_News,skandal pengadaan buku sekolah berisi iklan komersial,1,
4770,TikTok,@berita_panas,berita duka gaji guru pppk ditunda tahun,1,
4771,Antara News,@antaranews,kemendiktisaintek alokasikan rp triliun beasiswa prestasi,0,
4772,Kompas.com,@kompascom,nadiem dana bos dapat digunakan honor operator komputer,0,
4773,Detik.com,@detikcom,pemerintah prioritaskan dana pendidikan penuntasan buta aksara,0,
4774,CNN Indonesia,@CNNIndonesia,audit bpk temukan efisiensi pengadaan alat laboratorium sekolah,0,
4775,Republika,@republikaonline,kemendikbudristek pantau dana bosp dashboard digital terpadu,0,
4776,Tempo.co,@tempodotco,kemendikbudristek hemat rp triliun procurement semester,0,
4777,Media Indonesia,@mediaindonesia,mendikbudristek ptm persen berjalan rekomendasi satgas,0,
4778,CNBC Indonesia,@cnbcindonesia,sri mulyani belanja pendidikan januari fokus inovasi guru,0,
4779,YouTube,@pendidikankita,inovasi digital mengurangi biaya pengadaan alat peraga sekolah dasar,0,
4780,Instagram,@kemdikbud.ri,selamat juta mahasiswa terdaftar penerima ukt januari,0,
4781,LinkedIn,Analis Publik,digitalisasi pendidikan menurunkan biaya logistik tahunan,0,
4782,Antara News,@antaranews,kemendiktisaintek skema dana riset dorong inovasi nasional,0,
4783,Kompas.com,@kompascom,nadiem makarim digitalisasi sekolah membantu efisiensi anggaran daerah,0,
4784,Detik.com,@detikcom,pemerintah targetkan guru memiliki sertifikat literasi digital,0,
4785,Republika,@republikaonline,kemendikbudristek pangkas birokrasi sertifikasi portal digital,0,
4786,WhatsApp,Forwarded,link subsidi pulsa belajar gb awal semester klik bit ly,1,
4787,Facebook,Kabar Guru,sertifikat pendidik wajib diperpanjang tahun biaya admin,1,
4788,X (Twitter),@PolitikNews,dana bos tahap macet dipakai membayar tagihan listrik negara,1,
4789,TikTok,@vlogger_edu,mulai februari siswa tanpa kartu vaksin lengkap dilarang masuk sekolah,1,
4790,Instagram,@cekfakta_id,video nadiem mengatakan guru honorer diganti teknologi ai,1,
4791,Kompas.com,@kompascom,pendaftaran snbp resmi dibuka simak syarat pilih prodi,0,
4792,Detik.com,@detikcom,nadiem makarim beasiswa lpdp prioritaskan bidang teknologi medis,0,
4793,WhatsApp,Grup Info,link pembagian tablet gratis tahap siswa vaksin booster,1,
4794,Facebook,Komunitas Guru,keputusan mendikbud guru honorer otomatis lolos pppk tanpa passing grade,1,
4795,Antara News,@antaranews,kemendikbudristek sekolah harus update data sapras dapodik rehab,0,
4796,CNBC Indonesia,@cnbcindonesia,sri mulyani dana abadi pendidikan mencapai rekor tertinggi awal,0,
4797,X (Twitter),@RakyatUpdate,dana pendidikan rp triliun dialokasikan membeli tiket formula,1,
4798,TikTok,@sekolah_hits,aturan februari siswi dilarang menggunakan skincare jam pelajaran,1,
4799,Republika,@republikaonline,efisiensi anggaran digitalisasi sistem akreditasi mandiri hemat biaya verifikasi,0,
4800,CNN Indonesia,@CNNIndonesia,nadiem guru penggerak menjadi prioritas pengisian jabatan kepala sekolah,0,
4801,WhatsApp,Forwarded,pendaftaran sekolah kedinasan jalur tanpa tes anak pns,1,
4802,Facebook,Info Viral,mulai maret siswa wajib membeli atribut seragam bertema nusantara,1,
4803,X (Twitter),@EduLeaks,dokumen rahasia pemerintah membayar gaji guru menggunakan kripto,1,
4804,TikTok,@news_update,bahaya aplikasi pendaftaran kuliah dapat mencuri password mobile banking,1,
4805,Instagram,@faktakita,pemilik kip belanja toko pemerintah dicabut hak beasiswanya,1,
4806,YouTube,Kemdikbud RI,panduan finalisasi data siswa eligible snbp portal snpmb,0,
4807,WhatsApp,Grup Guru,surat perintah guru wajib mengikuti pelatihan berbayar rp juta hotel bintang,1,
4808,Facebook,Viral Edu,kemenkeu cairkan dana bantuan sosial pendidikan rp juta per kepala keluarga,1,
4809,X (Twitter),@LeakIndo,dana beasiswa lpdp dipakai menutupi anggaran pembangunan sirkuit,1,
4810,TikTok,@berita_edu,berita gembira nadiem berikan saldo wallet rp ribu siswa rajin,1,
4811,CNBC Indonesia,@cnbcindonesia,sri mulyani belanja pendidikan februari fokus gaji guru pppk tahap,0,
4812,Liputan6,@liputan6dotcom,kemendikbudristek inovasi siplah berhasil menekan mark up harga barang sekolah,0,
4813,YouTube,Kemdikbud RI,sosialisasi transformasi standar nasional pendidikan tinggi,0,
4814,Instagram,@kemdikbud.ri,hari pers nasional perkuat literasi digital lawan hoaks sekolah,0,
4815,LinkedIn,Analis Publik,penghematan anggaran daerah sinkronisasi data pendidikan,0,
4816,Antara News,@antaranews,kemendiktisaintek mahasiswa program magang merdeka mulai diterjunkan industri,0,
4817,Kompas.com,@kompascom,nadiem kurikulum merdeka sekadar ganti buku ganti pikir,0,
4818,Detik.com,@detikcom,audit bpk digitalisasi penyaluran pip mengurangi resiko sasaran,0,
4819,Republika,@republikaonline,kemendikbudristek klaim efisiensi belanja alat peraga rp miliar siplah,0,
4820,CNN Indonesia,@CNNIndonesia,mendikbudristek sekolah kini dapat membayar tagihan listrik langsung dana bos,0,
4821,WhatsApp,Grup RT,subsidi motor listrik khusus mahasiswa aktif klik bit ly motor mhs,1,
4822,Facebook,Info Beasiswa,beasiswa full makan tempat tinggal turki tanpa syarat apapun,1,
4823,X (Twitter),@Netizen_News,skandal gedung perpustakaan nasional disewakan menjadi mall,1,
4824,TikTok,@berita_panas,berita duka dana tunjangan guru dihapus mulai maret,1,
4825,Instagram,@cekfakta_id,video nadiem mengatakan kantin sekolah harus tutup aturan who,1,
4826,WhatsApp,Forwarded,link subsidi biaya internet belajar rp ribu kominfo kemdikbud,1,
4827,Facebook,Kabar Guru,syarat sertifikasi guru wajib memiliki minimal ribu follower tiktok,1,
4828,X (Twitter),@PolitikUpdate,sisa anggaran sekolah swasta wajib diserahkan kas negara per februari,1,
4829,TikTok,@vlogger_politik,terbongkar anggaran pendidikan lari kantong kontraktor ikn sebesar,1,
4830,Instagram,@stophoax,pendaftaran beasiswa jalur khusus pengikut akun instagram tertentu,1,
4831,Tempo.co,@tempodotco,kemendikbudristek optimalkan anggaran penggabungan lembaga penjamin mutu,0,
4832,Media Indonesia,@mediaindonesia,mendikbudristek implementasi kurikulum merdeka smk fokus link and match,0,
4833,YouTube,@infopendidikan,cek hasil pemutakhiran data sekolah penyaluran dana bosp,0,
4834,LinkedIn,Praktisi Edukasi,penghematan biaya seminar guru pemanfaatan platform webinar nasional,0,
4835,Antara News,@antaranews,kemendiktisaintek skema matching fund targetkan proposal riset,0,
4836,Kompas.com,@kompascom,nadiem makarim kualitas lulusan vokasi harus kebutuhan pasar kerja,0,
4837,Detik.com,@detikcom,pemerintah salurkan bantuan dana darurat sekolah terkena puting beliung,0,
4838,Republika,@republikaonline,kemenkeu efisiensi dana pendidikan capai sistem reporting,0,
4839,CNN Indonesia,@CNNIndonesia,mendikbudristek tegaskan penghapusan mata pelajaran ekonomi,0,
4840,CNBC Indonesia,@cnbcindonesia,sri mulyani belanja fungsi pendidikan februari fokus gaji guru honor,0,
4841,WhatsApp,Grup Sekolah,biaya administrasi pengambilan antrean ijazah rp ribu,1,
4842,Facebook,Viral News,dana bos cair digunakan membayar hutang kereta cepat,1,
4843,X (Twitter),@LeakIndo,terungkap dana pendidikan dipakai membiayai perjalanan mewah anak pejabat,1,
4844,TikTok,@news_update,bahaya laptop bantuan pemerintah dapat menghipnotis siswa belajar,1,
4845,Instagram,@fakta_edu,mahasiswa kip kuliah dilarang menggunakan ponsel bermerek tertentu,1,
4846,YouTube,@berita_sekolah,kemendikbud resmi ganti seragam sma menjadi baju kimono per maret,1,
4847,WhatsApp,Grup RT,sekolah siswanya ikut lomba tingkat desa dikurangi dana bos,1,
4848,Facebook,Info Cepat,beasiswa jerman ditutup hubungan diplomatik memburuk,1,
4849,X (Twitter),@Netizen_News,skandal buku pelajaran sd berisi ajakan menabung bank ilegal,1,
4850,TikTok,@berita_panas,berita duka sekolah swasta ditutup massal mulai juli,1,
4851,Antara News,@antaranews,kemendikbudristek dorong pemanfaatan aset sekolah unit produksi smk,0,
4852,Kompas.com,@kompascom,nadiem program pertukaran mahasiswa merdeka berikan wawasan kebangsaan,0,
4853,Detik.com,@detikcom,kemendiktisaintek klaim efisiensi anggaran riset teknologi rp miliar,0,
4854,Republika,@republikaonline,kemendikbudristek pantau akuntabilitas dana bosp arkas,0,
4855,Tempo.co,@tempodotco,efisiensi anggaran kemendikbud pangkas biaya cetak dokumen administrasi,0,
4856,Media Indonesia,@mediaindonesia,mendikbudristek sekolah harus menjadi ruang merdeka perundungan,0,
4857,CNBC Indonesia,@cnbcindonesia,realisasi belanja fungsi pendidikan per februari mencapai rp triliun,0,
4858,YouTube,@pendidikankita,inovasi digital mengurangi biaya ujian sekolah sistem berbasis web,0,
4859,Instagram,@kemdikbud.ri,selamat beasiswa lpdp tahap resmi dibuka persiapkan diri,0,
4860,LinkedIn,Praktisi Edukasi,dampak positif penggunaan siplah mengurangi praktik gratifikasi,0,
4861,Antara News,@antaranews,kemendiktisaintek skema dana padanan riset dukung inovasi hilirisasi,0,
4862,Kompas.com,@kompascom,nadiem makarim digitalisasi sekolah mudahkan monitoring dana bos wali murid,0,
4863,Detik.com,@detikcom,pemerintah targetkan sekolah memiliki akses internet stabil,0,
4864,Republika,@republikaonline,kemendikbudristek pangkas birokrasi sertifikasi guru portal terpadu,0,
4865,CNN Indonesia,@CNNIndonesia,mendikbud anggaran pendidikan harus digunakan esensial,0,
4866,Kompas.com,@kompascom,kemendikbudristek salurkan dana tunjangan guru wilayah tahap,0,
4867,Detik.com,@detikcom,nadiem dana bos februari dapat digunakan pembelian peralatan snbp,0,
4868,Antara News,@antaranews,pemerintah prioritaskan dana pendidikan pembangunan sekolah papua,0,
4869,CNN Indonesia,@CNNIndonesia,audit bpk temukan efisiensi pengadaan buku paket kemendikbudristek,0,
4870,Republika,@republikaonline,kemendikbudristek pantau dana bosp dashboard digital terpadu,0,
4871,Tempo.co,@tempodotco,kemendikbudristek hemat rp triliun sistem procurement,0,
4872,Media Indonesia,@mediaindonesia,mendikbudristek evaluasi kurikulum merdeka melibatkan praktisi lapangan,0,
4873,CNBC Indonesia,@cnbcindonesia,sri mulyani belanja pendidikan februari fokus sarana laboratorium smk,0,
4874,YouTube,@pendidikankita,inovasi digital sekolah mengurangi biaya cetak soal tablet,0,
4875,Instagram,@kemdikbud.ri,gunakan akun belajar id akses platform merdeka mengajar,0,
4876,LinkedIn,Praktisi Edukasi,dampak pengalihan anggaran seremonial subsidi riset nasional,0,
4877,Antara News,@antaranews,kemendiktisaintek skema dana padanan riset dorong kolaborasi industri,0,
4878,Kompas.com,@kompascom,nadiem makarim digitalisasi sekolah kunci utama transparansi anggaran,0,
4879,Detik.com,@detikcom,pemerintah targetkan guru memiliki sertifikat literasi digital,0,
4880,Republika,@republikaonline,kemendikbudristek permudah administrasi guru portal terpusat,0,
4881,CNN Indonesia,@CNNIndonesia,nadiem integrasi data pendidikan kurangi resiko tumpang tidih,0,
4882,Tempo.co,@tempodotco,efisiensi anggaran kemendikbud hapus ratusan pos rapat kota,0,
4883,Antara News,@antaranews,kemendiktisaintek beasiswa lpdp ditargetkan calon peneliti,0,
4884,Kompas.com,@kompascom,nadiem kurikulum merdeka membantu pemulihan belajar siswa dasar,0,
4885,Detik.com,@detikcom,pemerintah alokasikan rp triliun dana abadi pendidikan,0,
4886,WhatsApp,Forwarded,link hadiah ulang tahun kemdikbud uang tunai rp juta,1,
4887,Facebook,Suara Rakyat,pemerintah menghapus mapel agama diganti mapel karakter,1,
4888,X (Twitter),@PolitikUpdate,dana pembangunan sekolah desa dialihkan membeli mobil dinas camat,1,
4889,TikTok,@vlogger_politik,gawat dana pendidikan bocor rp triliun digunakan pemilihan presiden,1,
4890,Instagram,@stophoax,berita ujian sekolah tahun wajib membayar pajak sertifikasi benar,1,
4891,Kompas.com,@kompascom,kemendikbudristek salurkan dana darurat rehabilitasi ruang kelas rusak,0,
4892,Detik.com,@detikcom,nadiem digitalisasi pendidikan percepat pencairan tunjangan guru honorer,0,
4893,Antara News,@antaranews,pemerintah prioritaskan dana pendidikan beasiswa anak nelayan,0,
4894,CNN Indonesia,@CNNIndonesia,audit bpk penyerapan anggaran guru penggerak efektif,0,
4895,Republika,@republikaonline,kemendikbudristek pantau dana bosp dashboard digital nasional,0,
4896,Tempo.co,@tempodotco,efisiensi birokrasi integrasi sistem data guru hemat anggaran miliaran,0,
4897,Media Indonesia,@mediaindonesia,mendikbudristek sekolah level boleh jalankan ptm persen,0,
4898,CNBC Indonesia,@cnbcindonesia,realisasi belanja fungsi pendidikan februari lampaui target awal,0,
4899,YouTube,@kabarpendidikan,tutorial penggunaan arkas bendahara sekolah dasar,0,
4900,Instagram,@kemdikbud.ri,selamat juta mahasiswa lulus verifikasi kip kuliah semester genap,0,
4901,LinkedIn,Praktisi Edukasi,analisis digitalisasi sekolah mampu menekan angka putus sekolah,0,
4902,Antara News,@antaranews,kemendiktisaintek program matching fund dorong riset energi hijau,0,
4903,Kompas.com,@kompascom,pemerintah beri insentif sekolah inovasi teknologi terbaik,0,
4904,Detik.com,@detikcom,nadiem inovasi kurikulum merdeka menjawab tantangan zaman digital,0,
4905,Republika,@republikaonline,kemenkeu efisiensi dana pendidikan capai persen data,0,
4906,CNN Indonesia,@CNNIndonesia,nadiem dana bos efektif tingkatkan kualitas fasilitas belajar,0,
4907,Antara News,@antaranews,kemendiktisaintek beasiswa lpdp fokus pendidikan vokasi,0,
4908,Kompas.com,@kompascom,nadiem makarim digitalisasi sekolah membantu efisiensi anggaran daerah,0,
4909,Detik.com,@detikcom,pemerintah targetkan guru memiliki sertifikat literasi digital,0,
4910,Republika,@republikaonline,kemendikbudristek pangkas birokrasi laporan portal digital,0,
4911,WhatsApp,Grup Sekolah,pendaftaran ijazah pengganti wajib membayar pajak administrasi rp ribu,1,
4912,Facebook,Viral News,dana bos cair anggaran pendidikan dipakai membayar bunga utang,1,
4913,X (Twitter),@Leak_Indo,dana pendidikan dipakai membeli kendaraan operasional mewah jakarta,1,
4914,TikTok,@news_update,bahaya absensi sidik jari sekolah dapat mencuri data saldo atm,1,
4915,Instagram,@fakta_edu,mahasiswa kip kuliah tanpa surat keterangan miskin diputus,1,
4916,YouTube,@berita_sekolah,kemendikbud resmi ganti hari libur sekolah menjadi sabtu minggu,1,
4917,WhatsApp,Grup RT,sekolah mengadakan kerja bakti massal dikurangi dana bos,1,
4918,Facebook,Info Cepat,beasiswa australia resmi ditutup anggaran negara dialihkan,1,
4919,X (Twitter),@Netizen_News,skandal pengadaan buku sekolah hasil plagiat karya asing,1,
4920,TikTok,@berita_panas,berita duka gaji guru pppk ditunda tahun,1,
4921,Antara News,@antaranews,kemendiktisaintek alokasikan rp triliun beasiswa mahasiswa aktif,0,
4922,Kompas.com,@kompascom,nadiem dana bos dapat digunakan pembelian lisensi zoom sekolah,0,
4923,Detik.com,@detikcom,pemerintah prioritaskan dana pendidikan perbaikan sekolah ntt,0,
4924,CNN Indonesia,@CNNIndonesia,audit bpk temukan efisiensi pengadaan alat laboratorium smk,0,
4925,Republika,@republikaonline,kemendikbudristek pantau dana bosp dashboard digital terpadu,0,
4926,Tempo.co,@tempodotco,kemendikbudristek hemat rp triliun procurement semester,0,
4927,Media Indonesia,@mediaindonesia,mendikbudristek ptm persen berjalan prosedur keamanan,0,
4928,CNBC Indonesia,@cnbcindonesia,sri mulyani belanja pendidikan februari fokus inovasi guru,0,
4929,YouTube,@pendidikankita,inovasi digital mengurangi biaya pengadaan alat peraga sekolah,0,
4930,Instagram,@kemdikbud.ri,selamat juta siswa terdaftar penerima pip tahap,0,
4931,LinkedIn,Analis Publik,digitalisasi pendidikan menurunkan biaya logistik pengiriman buku,0,
4932,Antara News,@antaranews,kemendiktisaintek skema dana riset nasional dorong kemajuan umkm,0,
4933,Kompas.com,@kompascom,nadiem makarim digitalisasi sekolah membantu penghematan listrik sekolah,0,
4934,Detik.com,@detikcom,pemerintah targetkan guru memiliki sertifikat literasi digital,0,
4935,Republika,@republikaonline,kemendikbudristek pangkas birokrasi sertifikasi portal digital,0,
4936,WhatsApp,Forwarded,link subsidi pulsa belajar gb edisi valentine klik bit ly,1,
4937,Facebook,Kabar Guru,guru membeli majalah pendidikan pusat dipersulit sertifikasi,1,
4938,X (Twitter),@PolitikNews,dana bos tahap terhambat kas negara dipakai membeli pesawat,1,
4939,TikTok,@vlogger_edu,mulai maret siswa mengikuti ekstrakurikuler wajib naik kelas,1,
4940,Instagram,@cekfakta_id,video nadiem mengatakan kantin sekolah boleh menjual sayuran,1,
4941,Kompas.com,@kompascom,pengumuman snbp siswa dinyatakan lolos ptn pilihan,0,
4942,Detik.com,@detikcom,nadiem makarim pendaftaran utbk snbt dibuka mulai maret,0,
4943,WhatsApp,Grup Info,link pendaftaran thr guru honorer sebesar rp juta kemdikbud,1,
4944,Facebook,Kabar Pendidikan,mulai maret siswa sma wajib membayar iuran tambahan dana pensiun guru,1,
4945,Antara News,@antaranews,kemendikbudristek penyaluran dana bos tahap gelombang cair ribu sekolah,0,
4946,CNBC Indonesia,@cnbcindonesia,sri mulyani realisasi anggaran pendidikan kuartal fokus gaji tunjangan,0,
4947,X (Twitter),@RakyatUpdate,dana beasiswa anak berprestasi dialokasikan membayar utang pinjol negara,1,
4948,TikTok,@vlogger_edu,aturan ramadan siswa puasa dilarang masuk lingkungan sekolah,1,
4949,Republika,@republikaonline,efisiensi anggaran digitalisasi sistem uji kompetensi mahasiswa hemat miliaran,0,
4950,CNN Indonesia,@CNNIndonesia,nadiem hasil snbp menunjukkan peningkatan minat program vokasi,0,
4951,WhatsApp,Forwarded,pendaftaran cpns jalur khusus guru honorer tanpa tes dibuka maret,1,
4952,Facebook,Info Cepat,mulai maret ijazah siswa lunas iuran sekolah hangus otomatis,1,
4953,X (Twitter),@EduLeaks,bocoran pemerintah menghapus mata pelajaran bahasa inggris tingkat smp,1,
4954,TikTok,@news_update,bahaya kartu snbt dapat mendeteksi siswa melakukan kecurangan suhu tubuh,1,
4955,Instagram,@faktakita,siswa lolos snbp wajib membayar pajak kegagalan sebesar rp ribu,1,
4956,YouTube,Kemdikbud RI,panduan pendaftaran seleksi nasional tes snbt tahun,0,
4957,WhatsApp,Grup Guru,surat edaran guru sertifikasi wajib menyumbang rp ribu dana sosial pusat,1,
4958,Facebook,Viral Edu,kemenkeu cairkan dana bantuan sembako gratis keluarga mahasiswa kip,1,
4959,X (Twitter),@LeakIndo,dana abadi pendidikan rp triliun hilang investasi perusahaan bodong,1,
4960,TikTok,@berita_edu,berita gembira nadiem berikan hadiah motor siswa nilai rapor tertinggi,1,
4961,CNBC Indonesia,@cnbcindonesia,sri mulyani pastikan thr pns guru cair hari raya idulfitri,0,
4962,Liputan6,@liputan6dotcom,kemendikbudristek platform merdeka mengajar membantu guru kelola kinerja efisien,0,
4963,YouTube,Kemdikbud RI,webinar sosialisasi mekanisme pendaftaran akun snpmb gelombang terakhir,0,
4964,Instagram,@kemdikbud.ri,tips siswa lolos snbp kesempatan jalur snbt,0,
4965,LinkedIn,Analis Publik,efisiensi belanja alat tulis kantor digitalisasi administrasi sekolah,0,
4966,Antara News,@antaranews,kemendiktisaintek kuota beasiswa kip kuliah diprioritaskan daerah,0,
4967,Kompas.com,@kompascom,nadiem kurikulum merdeka mendorong guru kreatif metode pengajaran,0,
4968,Detik.com,@detikcom,audit bpk efisiensi pengadaan buku teks pelajaran capai rp miliar,0,
4969,Republika,@republikaonline,kemendikbudristek klaim efisiensi biaya monitoring dana bos dashboard arkas,0,
4970,CNN Indonesia,@CNNIndonesia,mendikbudristek anggaran pendidikan harus dirasakan langsung siswa,0,
4971,WhatsApp,Grup RT,link subsidi paket sembako murah khusus pelajar jelang ramadan klik bit ly,1,
4972,Facebook,Info Beasiswa,beasiswa full kuliah korea selatan jalur khusus fans pop tanpa tes,1,
4973,X (Twitter),@Netizen_News,skandal gedung perpustakaan sekolah dijadikan tempat penampungan barang bekas,1,
4974,TikTok,@berita_panas,berita duka gaji guru bulan maret ditunda audit dana pendidikan,1,
4975,Instagram,@cekfakta_id,video nadiem mengatakan libur sekolah selama bulan ramadan sebulan penuh,1,
4976,WhatsApp,Forwarded,link subsidi uang transportasi mahasiswa merdeka rp juta pemerintah,1,
4977,Facebook,Kabar Guru,syarat guru wajib mengunggah video mengajar youtube cairkan tpg,1,
4978,X (Twitter),@PolitikUpdate,sisa anggaran riset kampus digunakan renovasi rumah dinas pejabat,1,
4979,TikTok,@vlogger_politik,terbongkar dana pendidikan dialokasikan membeli perlengkapan militer,1,
4980,Instagram,@stophoax,pendaftaran beasiswa negeri jalur tiket pesawat gratis tanpa paspor,1,
4981,Tempo.co,@tempodotco,kemendikbudristek hemat rp triliun transformasi digital layanan publik,0,
4982,Media Indonesia,@mediaindonesia,mendikbudristek sekolah harus menjamin keamanan data siswa aplikasi dapodik,0,
4983,YouTube,@infopendidikan,daftar utbk snbt langkah demi langkah calon mahasiswa,0,
4984,LinkedIn,Praktisi Edukasi,dampak penghematan biaya listrik sekolah kampus ramah lingkungan,0,
4985,Antara News,@antaranews,kemendiktisaintek program kedaireka mulai memasuki tahap evaluasi proposal,0,
4986,Kompas.com,@kompascom,nadiem makarim platform merdeka mengajar kini memiliki fitur perencanaan kinerja,0,
4987,Detik.com,@detikcom,pemerintah beri bantuan dana rehabilitasi sekolah terdampak longsor,0,
4988,Republika,@republikaonline,kemenkeu efisiensi dana pendidikan meningkat sistem budgeting,0,
4989,CNN Indonesia,@CNNIndonesia,mendikbudristek tegaskan penghapusan mata pelajaran olahraga,0,
4990,CNBC Indonesia,@cnbcindonesia,sri mulyani belanja fungsi pendidikan maret fokus persiapan sarana snbt,0,
4991,WhatsApp,Grup Sekolah,biaya pengambilan kartu peserta utbk sebesar rp ribu kantor pos,1,
4992,Facebook,Viral News,dana bos maret cair anggaran pendidikan dipakai membayar bunga utang,1,
4993,X (Twitter),@LeakIndo,terungkap dana pendidikan dipakai membeli saham perusahaan swasta nasional,1,
4994,TikTok,@news_update,bahaya radiasi komputer utbk dapat mengakibatkan kerusakan memori otak,1,
4995,Instagram,@fakta_edu,mahasiswa kip kuliah pulang kampung ramadan dicabut dananya,1,
4996,YouTube,@berita_sekolah,kemendikbud resmi ganti jam masuk sekolah menjadi pukul selama ramadan,1,
4997,WhatsApp,Grup RT,sekolah mengadakan buka puasa dikurangi dana bos,1,
4998,Facebook,Info Cepat,beasiswa china ditutup ketegangan ekonomi global maret,1,
4999,X (Twitter),@Netizen_News,skandal buku pelajaran smk berisi ajaran merakit alat perjudian online,1,
5000,TikTok,@berita_panas,berita duka dana ekstrakurikuler dihapus per maret,1,
5001,Antara News,@antaranews,kemendikbudristek dorong sekolah manfaatkan dana bos literasi digital,0,
5002,Kompas.com,@kompascom,nadiem program kampus mengajar berhasil tingkatkan literasi siswa sd smp,0,
5003,Detik.com,@detikcom,kemendiktisaintek klaim efisiensi anggaran transportasi dosen rp miliar,0,
5004,Republika,@republikaonline,kemendikbudristek pantau akuntabilitas penggunaan dana bosp arkas,0,
5005,Tempo.co,@tempodotco,efisiensi anggaran kemendikbud pangkas biaya pengadaan mebel kantor,0,
5006,Media Indonesia,@mediaindonesia,mendikbudristek sekolah wajib miliki tim pencegahan kekerasan seksual,0,
5007,CNBC Indonesia,@cnbcindonesia,realisasi belanja fungsi pendidikan per maret mencapai rp triliun,0,
5008,YouTube,@pendidikankita,inovasi digital mengurangi biaya ujian akhir aplikasi mobile sekolah,0,
5009,Instagram,@kemdikbud.ri,selamat pendaftaran utbk snbt resmi dibuka terlewat,0,
5010,LinkedIn,Praktisi Edukasi,dampak transparansi siplah menurunkan biaya logistik pengadaan,0,
5011,Antara News,@antaranews,kemendiktisaintek skema dana padanan riset dukung kemandirian alat medis,0,
5012,Kompas.com,@kompascom,nadiem makarim dana bos dapat digunakan pembayaran layanan internet,0,
5013,Detik.com,@detikcom,pemerintah targetkan sekolah memiliki ruang kelas digital,0,
5014,Republika,@republikaonline,kemendikbudristek pangkas birokrasi laporan sertifikasi aplikasi data,0,
5015,CNN Indonesia,@CNNIndonesia,mendikbud penggunaan anggaran pendidikan harus berorientasi hasil belajar,0,
5016,Kompas.com,@kompascom,kemendikbudristek salurkan dana tunjangan khusus guru daerah,0,
5017,Detik.com,@detikcom,nadiem dana bos maret dapat digunakan persiapan ujian akhir,0,
5018,Antara News,@antaranews,pemerintah prioritaskan dana pendidikan pembangunan paud desa,0,
5019,CNN Indonesia,@CNNIndonesia,audit bpk temukan efisiensi pengadaan alat praktik smk kemendikbudristek,0,
5020,Republika,@republikaonline,kemendikbudristek pantau dana bosp dashboard digital nasional,0,
5021,Tempo.co,@tempodotco,kemendikbudristek hemat rp triliun sistem procurement,0,
5022,Media Indonesia,@mediaindonesia,mendikbudristek evaluasi kurikulum merdeka dilakukan survei,0,
5023,CNBC Indonesia,@cnbcindonesia,sri mulyani belanja pendidikan maret fokus pengembangan smk unggulan,0,
5024,YouTube,@pendidikankita,inovasi digital sekolah mengurangi biaya administrasi atk tahun,0,
5025,Instagram,@kemdikbud.ri,gunakan akun belajar id akses pelatihan mandiri kurikulum merdeka,0,
5026,LinkedIn,Praktisi Edukasi,pengalihan anggaran seremonial subsidi riset nasional hemat ratusan miliar,0,
5027,Antara News,@antaranews,kemendiktisaintek skema dana padanan riset dorong kolaborasi mahasiswa,0,
5028,Kompas.com,@kompascom,nadiem makarim digitalisasi sekolah kunci utama efisiensi belanja daerah,0,
5029,Detik.com,@detikcom,pemerintah targetkan guru memiliki sertifikat literasi digital nasional,0,
5030,Republika,@republikaonline,kemendikbudristek permudah sertifikasi guru portal terpadu data,0,
5031,CNN Indonesia,@CNNIndonesia,nadiem integrasi data pendidikan kurangi resiko duplikasi anggaran,0,
5032,Tempo.co,@tempodotco,efisiensi anggaran kemendikbud hapus ratusan pos rapat kota,0,
5033,Antara News,@antaranews,kemendiktisaintek beasiswa lpdp targetkan calon pemimpin bangsa,0,
5034,Kompas.com,@kompascom,nadiem kurikulum merdeka memberikan fleksibilitas guru siswa,0,
5035,Detik.com,@detikcom,pemerintah alokasikan rp triliun dana abadi pendidikan tahun,0,
5036,WhatsApp,Forwarded,link klaim dana thr pelajar rp ribu kemdikbud klik bit ly,1,
5037,Facebook,Suara Rakyat,pemerintah menutup jurusan ips diganti jurusan bisnis digital,1,
5038,X (Twitter),@PolitikUpdate,dana renovasi sekolah dialokasikan membeli mobil dinas pejabat daerah,1,
5039,TikTok,@vlogger_politik,gawat dana pendidikan bocor rp triliun serangan hacker,1,
5040,Instagram,@stophoax,berita penghapusan uang pensiun guru per maret benar,1,
5041,Kompas.com,@kompascom,kemendikbudristek salurkan dana bantuan siswa korban gempa,0,
5042,Detik.com,@detikcom,nadiem digitalisasi pendidikan percepat penyaluran dana pip tahap,0,
5043,Antara News,@antaranews,pemerintah prioritaskan dana pendidikan wilayah kepulauan terpencil,0,
5044,CNN Indonesia,@CNNIndonesia,audit bpk penyerapan anggaran pelatihan guru penggerak akuntabel,0,
5045,Republika,@republikaonline,kemendikbudristek pantau dana bosp dashboard digital nasional,0,
5046,Tempo.co,@tempodotco,efisiensi birokrasi integrasi sistem data guru hemat miliaran rupiah,0,
5047,Media Indonesia,@mediaindonesia,mendikbudristek sekolah tetap jalankan ptm persen selama ramadan,0,
5048,CNBC Indonesia,@cnbcindonesia,realisasi belanja fungsi pendidikan maret capai target pagu,0,
5049,YouTube,@kabarpendidikan,tutorial sinkronisasi dapodik pencairan tpg triwulan,0,
5050,Instagram,@kemdikbud.ri,selamat juta mahasiswa terdaftar penerima ukt semester,0,
5051,LinkedIn,Praktisi Edukasi,digitalisasi sekolah menurunkan biaya operasional tahunan,0,
5052,Antara News,@antaranews,kemendiktisaintek program magang merdeka tingkatkan serapan kerja lulusan,0,
5053,Kompas.com,@kompascom,pemerintah beri penghargaan sekolah transparansi dana bos terbaik,0,
5054,Detik.com,@detikcom,nadiem teknologi solusi efisiensi anggaran pendidikan nasional,0,
5055,Republika,@republikaonline,kemenkeu efisiensi dana pendidikan capai persen data terpadu,0,
5056,CNN Indonesia,@CNNIndonesia,nadiem dana bos dapat digunakan pembelian alat multimedia sekolah,0,
5057,Antara News,@antaranews,kemendiktisaintek beasiswa lpdp fokus riset teknologi hijau,0,
5058,Kompas.com,@kompascom,nadiem makarim digitalisasi sekolah membantu efisiensi anggaran daerah,0,
5059,Detik.com,@detikcom,pemerintah targetkan guru memiliki sertifikat literasi digital,0,
5060,Republika,@republikaonline,kemendikbudristek pangkas birokrasi laporan sertifikasi portal digital,0,
5061,WhatsApp,Grup Sekolah,biaya administrasi penggantian buku rapor rusak sebesar rp ribu,1,
5062,Facebook,Viral News,dana bos cair anggaran pendidikan dipakai biaya politik,1,
5063,X (Twitter),@Leak_Indo,dana pendidikan dipakai membeli kendaraan dinas mewah pejabat daerah,1,
5064,TikTok,@news_update,bahaya kartu ujian digital dapat mengeluarkan gelombang merusak ponsel,1,
5065,Instagram,@fakta_edu,mahasiswa kip kuliah wajib menyumbang sebagian dana kampus,1,
5066,YouTube,@berita_sekolah,kemendikbud resmi ganti seragam sma menjadi baju koko selama ramadan,1,
5067,WhatsApp,Grup RT,sekolah tanpa kegiatan keagamaan selama ramadan dikurangi dana bos,1,
5068,Facebook,Info Cepat,beasiswa inggris ditutup krisis moneter global maret,1,
5069,X (Twitter),@Netizen_News,skandal pengadaan tablet siswa berisi konten iklan dewasa,1,
5070,TikTok,@berita_panas,berita duka guru honorer diberhentikan per april,1,
5071,Antara News,@antaranews,kemendiktisaintek alokasikan rp triliun beasiswa prestasi nasional,0,
5072,Kompas.com,@kompascom,nadiem dana bos dapat digunakan pembayaran honor guru ekstrakurikuler,0,
5073,Detik.com,@detikcom,pemerintah prioritaskan dana pendidikan pembangunan smk perbatasan,0,
5074,CNN Indonesia,@CNNIndonesia,audit bpk temukan efisiensi pengadaan alat laboratorium perguruan tinggi,0,
5075,Republika,@republikaonline,kemendikbudristek pantau dana bosp dashboard digital terintegrasi,0,
5076,Tempo.co,@tempodotco,kemendikbudristek hemat rp triliun procurement semester,0,
5077,Media Indonesia,@mediaindonesia,mendikbudristek ptm persen tetap berjalan protokol kesehatan,0,
5078,CNBC Indonesia,@cnbcindonesia,sri mulyani belanja pendidikan maret fokus inovasi guru kreatif,0,
5079,YouTube,@pendidikankita,inovasi digital mengurangi biaya pengadaan perangkat ajar sekolah,0,
5080,Instagram,@kemdikbud.ri,selamat juta mahasiswa terdaftar penerima ukt semester genap,0,
5081,LinkedIn,Analis Publik,digitalisasi pendidikan mampu menurunkan biaya logistik nasional,0,
5082,Antara News,@antaranews,kemendiktisaintek skema dana padanan riset dorong inovasi nasional,0,
5083,Kompas.com,@kompascom,nadiem makarim digitalisasi sekolah membantu efisiensi anggaran daerah,0,
5084,Detik.com,@detikcom,pemerintah targetkan guru memiliki sertifikat literasi digital nasional,0,
5085,Republika,@republikaonline,kemendikbudristek pangkas birokrasi sertifikasi portal digital data,0,
5086,WhatsApp,Forwarded,link subsidi pulsa belajar gb edisi spesial ramadan klik bit ly,1,
5087,Facebook,Kabar Guru,guru membeli seragam ramadan pusat dipersulit sertifikasinya,1,
5088,X (Twitter),@PolitikNews,dana bos tahap macet kas negara dipakai membeli jet pribadi,1,
5089,TikTok,@vlogger_edu,mulai april siswa tanpa kartu ramadan dilarang masuk lingkungan sekolah,1,
5090,Instagram,@cekfakta_id,video nadiem mengatakan kantin sekolah boleh menjual menu takjil,1,
5091,Kompas.com,@kompascom,utbk snbt gelombang dimulai peserta wajib membawa dokumen lengkap,0,
5092,Detik.com,@detikcom,nadiem makarim pastikan thr guru dosen cair cuti,0,
5093,WhatsApp,Grup Info,link pendaftaran bantuan lebaran pelajar rp ribu kemendikbud,1,
5094,Facebook,Kabar Guru,aturan april guru honorer piket lebaran diputus kontrak,1,
5095,Antara News,@antaranews,kemendikbudristek sekolah libur lebaran mulai april skb menteri,0,
5096,CNBC Indonesia,@cnbcindonesia,sri mulyani anggaran pendidikan april fokus pembayaran gaji,0,
5097,X (Twitter),@PolitikUpdate,dana renovasi kampus dialihkan membeli hampers mewah pejabat pusat,1,
5098,TikTok,@vlogger_edu,berita buruk kelulusan siswa kelas dibatalkan ikut acara perpisahan,1,
5099,Republika,@republikaonline,efisiensi anggaran digitalisasi sistem ujian sekolah tekan biaya logistik kertas,0,
5100,CNN Indonesia,@CNNIndonesia,nadiem program praktisi mengajar angkatan mulai diterjunkan kampus,0,
5101,WhatsApp,Forwarded,link pengambilan uang saku mahasiswa kip kuliah edisi mudik lebaran,1,
5102,Facebook,Info Cepat,mulai april siswa wajib menggunakan sepatu bermerek lokal tertentu,1,
5103,X (Twitter),@EduLeaks,bocoran pemerintah menghapus subsidi listrik sekolah swasta,1,
5104,TikTok,@news_update,bahaya laptop bantuan sekolah dapat menangkap suara percakapan rumah,1,
5105,Instagram,@faktakita,peserta utbk terlambat menit wajib membayar denda rp ribu,1,
5106,YouTube,Kemdikbud RI,panduan cetak kartu peserta utbk snbt aturan berpakaian,0,
5107,WhatsApp,Grup Guru,surat edaran iuran wajib guru dana pembangunan gedung kemdikbud,1,
5108,Facebook,Viral Edu,kemenkeu berikan blt mudik guru honorer memiliki sertifikat vaksin,1,
5109,X (Twitter),@LeakIndo,dana abadi riset dipakai menutup defisit proyek jalan tol sumatera,1,
5110,TikTok,@berita_edu,berita gembira nadiem berikan iphone gratis siswa lolos snbt,1,
5111,CNBC Indonesia,@cnbcindonesia,menkeu belanja fungsi pendidikan april terjaga kesejahteraan guru,0,
5112,Liputan6,@liputan6dotcom,kemendikbudristek transparansi dana bosp meningkat aplikasi arkas,0,
5113,YouTube,Kemdikbud RI,sosialisasi skema pendanaan riset matching fund gelombang,0,
5114,Instagram,@kemdikbud.ri,selamat hari pendidikan nasional bergerak semarakkan merdeka belajar,0,
5115,LinkedIn,Analis Publik,efisiensi anggaran pelatihan guru metode blended learning,0,
5116,Antara News,@antaranews,kemendiktisaintek kuota penerimaan mahasiswa snbt capai persen,0,
5117,Kompas.com,@kompascom,nadiem kurikulum merdeka mengurangi beban administrasi guru secara signifikan,0,
5118,Detik.com,@detikcom,audit bpk digitalisasi data dapodik berhasil tekan angka siswa fiktif,0,
5119,Republika,@republikaonline,kemendikbudristek klaim efisiensi biaya perjalanan dinas rp miliar,0,
5120,CNN Indonesia,@CNNIndonesia,mendikbudristek sekolah dilarang memaksakan pungutan berkedok uang wisuda,0,
5121,WhatsApp,Grup RT,link subsidi baju lebaran pelajar dinas pendidikan klik bit ly,1,
5122,Facebook,Info Beasiswa,beasiswa full jepang tanpa tes khusus pendaftaran bulan april,1,
5123,X (Twitter),@Netizen_News,skandal dana beasiswa mahasiswa dipakai membeli tiket konser coldplay,1,
5124,TikTok,@berita_panas,berita duka gaji guru bulan mei dipotong iuran perayaan nasional,1,
5125,Instagram,@cekfakta_id,video nadiem mengatakan guru memakai baju adat dicabut tpg,1,
5126,WhatsApp,Forwarded,link subsidi pulsa lebaran gb kemdikbud operator seluler,1,
5127,Facebook,Kabar Guru,syarat guru wajib memiliki tabungan bank tertentu thr,1,
5128,X (Twitter),@PolitikUpdate,sisa anggaran sekolah negeri wajib dikembalikan pusat biaya pemilihan umum,1,
5129,TikTok,@vlogger_politik,terbongkar dana pendidikan rp triliun mengalir rekening istri pejabat,1,
5130,Instagram,@stophoax,link pendaftaran beasiswa kedokteran jalur khusus anak kepala desa,1,
5131,Tempo.co,@tempodotco,kemendikbudristek optimalkan anggaran sistem pengadaan pintu,0,
5132,Media Indonesia,@mediaindonesia,mendikbudristek literasi numerasi menjadi fokus utama asesmen nasional,0,
5133,YouTube,@infopendidikan,strategi mengerjakan soal literasi bahasa inggris utbk snbt,0,
5134,LinkedIn,Praktisi Edukasi,penghematan biaya operasional kampus penggunaan panel surya,0,
5135,Antara News,@antaranews,kemendiktisaintek mahasiswa program msib mulai masuk tahap mid term review,0,
5136,Kompas.com,@kompascom,nadiem makarim platform merdeka mengajar digunakan juta guru,0,
5137,Detik.com,@detikcom,pemerintah salurkan dana bantuan sekolah rusak gempa april,0,
5138,Republika,@republikaonline,kemenkeu efisiensi dana pendidikan capai target kuartal,0,
5139,CNN Indonesia,@CNNIndonesia,mendikbudristek tegaskan penghapusan mata pelajaran geografi,0,
5140,CNBC Indonesia,@cnbcindonesia,sri mulyani belanja fungsi pendidikan april fokus dana sertifikasi,0,
5141,WhatsApp,Grup Sekolah,biaya pengambilan antrean ijazah kelulusan sebesar rp ribu,1,
5142,Facebook,Viral News,dana bos april tertahan anggaran dipakai membayar kontraktor ikn,1,
5143,X (Twitter),@LeakIndo,terungkap dana pendidikan dipakai membiayai iklan kampanye terselubung,1,
5144,TikTok,@news_update,bahaya sinyal jaringan sekolah dapat menyebabkan kemandulan siswa,1,
5145,Instagram,@fakta_edu,mahasiswa kip kuliah membeli ponsel dicabut status beasiswanya,1,
5146,YouTube,@berita_sekolah,kemendikbud resmi ganti seragam sma menjadi baju batik per mei,1,
5147,WhatsApp,Grup RT,sekolah mengadakan acara halal bihalal dipotong dana bos,1,
5148,Facebook,Info Cepat,beasiswa perancis ditutup kerusuhan negeri per april,1,
5149,X (Twitter),@Netizen_News,skandal buku pelajaran ekonomi berisi ajakan mengikuti investasi saham,1,
5150,TikTok,@berita_panas,berita duka guru honorer jawa timur diberhentikan per april,1,
5151,Antara News,@antaranews,kemendikbudristek luncurkan program wirausaha merdeka angkatan,0,
5152,Kompas.com,@kompascom,nadiem rapor pendidikan membantu sekolah menentukan prioritas anggaran,0,
5153,Detik.com,@detikcom,kemendiktisaintek klaim efisiensi anggaran seminar internasional rp miliar,0,
5154,Republika,@republikaonline,kemendikbudristek pantau akuntabilitas dana bosp dashboard digital,0,
5155,Tempo.co,@tempodotco,efisiensi anggaran kemendikbud pangkas biaya konsumsi rapat,0,
5156,Media Indonesia,@mediaindonesia,mendikbudristek sekolah wajib melaporkan kasus perundungan aplikasi,0,
5157,CNBC Indonesia,@cnbcindonesia,realisasi belanja fungsi pendidikan april capai rp triliun,0,
5158,YouTube,@pendidikankita,inovasi digital mengurangi biaya distribusi buku modul,0,
5159,Instagram,@kemdikbud.ri,selamat berlebaran maaf lahir batin insan pendidikan,0,
5160,LinkedIn,Praktisi Edukasi,transparansi siplah berhasil menurunkan biaya pengadaan sarana sekolah,0,
5161,Antara News,@antaranews,kemendiktisaintek skema dana padanan riset dukung ketahanan pangan,0,
5162,Kompas.com,@kompascom,nadiem makarim dana bos dapat digunakan sewa zoom terintegrasi,0,
5163,Detik.com,@detikcom,pemerintah targetkan digitalisasi laporan keuangan sekolah,0,
5164,Republika,@republikaonline,kemendikbudristek pangkas birokrasi sertifikasi guru portal data,0,
5165,CNN Indonesia,@CNNIndonesia,mendikbud penggunaan anggaran harus berfokus peningkatan literasi,0,
5166,Kompas.com,@kompascom,kemendikbudristek cairkan tunjangan hari raya guru pns pppk,0,
5167,Detik.com,@detikcom,nadiem dana bos dapat dipakai membeli alat kebersihan pasca libur lebaran,0,
5168,Antara News,@antaranews,pemerintah prioritaskan dana pendidikan sekolah wilayah bencana,0,
5169,CNN Indonesia,@CNNIndonesia,audit bpk temukan efisiensi pengadaan alat laboratorium sekolah dasar,0,
5170,Republika,@republikaonline,kemendikbudristek pantau dana bosp dashboard digital terpadu,0,
5171,Tempo.co,@tempodotco,kemendikbudristek hemat rp triliun sistem procurement,0,
5172,Media Indonesia,@mediaindonesia,mendikbudristek evaluasi kurikulum merdeka dilakukan secara berkala,0,
5173,CNBC Indonesia,@cnbcindonesia,sri mulyani belanja pendidikan april fokus sarana pendidikan teknik,0,
5174,YouTube,@pendidikankita,inovasi digital sekolah mengurangi biaya cetak kertas ujian akhir,0,
5175,Instagram,@kemdikbud.ri,gunakan akun belajar id akses platform merdeka mengajar,0,
5176,LinkedIn,Praktisi Edukasi,dampak pengalihan anggaran seremonial dana riset nasional,0,
5177,Antara News,@antaranews,kemendiktisaintek skema dana padanan riset dorong kolaborasi global,0,
5178,Kompas.com,@kompascom,nadiem makarim digitalisasi sekolah kunci transparansi dana bos,0,
5179,Detik.com,@detikcom,pemerintah targetkan guru memiliki sertifikat literasi digital,0,
5180,Republika,@republikaonline,kemendikbudristek permudah sertifikasi guru portal digital data,0,
5181,CNN Indonesia,@CNNIndonesia,nadiem integrasi data pendidikan kurangi resiko tumpang tidih dana,0,
5182,Tempo.co,@tempodotco,efisiensi anggaran kemendikbud hapus pos biaya sewa hotel rapat,0,
5183,Antara News,@antaranews,kemendiktisaintek beasiswa lpdp fokus calon peneliti muda,0,
5184,Kompas.com,@kompascom,nadiem kurikulum merdeka memberikan fleksibilitas sekolah,0,
5185,Detik.com,@detikcom,pemerintah alokasikan rp triliun dana abadi pendidikan,0,
5186,WhatsApp,Forwarded,link hadiah lebaran kemdikbud rp juta siswa sd sma klik bit ly,1,
5187,Facebook,Suara Rakyat,pemerintah menghapus libur semester diganti libur nasional,1,
5188,X (Twitter),@PolitikUpdate,dana renovasi perpustakaan dialokasikan membeli parcel pejabat daerah,1,
5189,TikTok,@vlogger_politik,gawat dana pendidikan bocor rp triliun kesalahan sistem pusat,1,
5190,Instagram,@stophoax,berita penundaan gaji guru pppk selama bulan bulan april benar,1,
5191,Kompas.com,@kompascom,kemendikbudristek salurkan dana darurat perbaikan sekolah pasca banjir,0,
5192,Detik.com,@detikcom,nadiem digitalisasi pendidikan percepat penyaluran tunjangan guru honorer,0,
5193,Antara News,@antaranews,pemerintah prioritaskan dana pendidikan wilayah tertinggal pasca lebaran,0,
5194,CNN Indonesia,@CNNIndonesia,audit bpk penyerapan anggaran pelatihan guru capai target nasional,0,
5195,Republika,@republikaonline,kemendikbudristek pantau dana bosp dashboard digital nasional,0,
5196,Tempo.co,@tempodotco,efisiensi birokrasi integrasi sistem data guru hemat anggaran miliaran,0,
5197,Media Indonesia,@mediaindonesia,mendikbudristek sekolah boleh melaksanakan study tour aturan,0,
5198,CNBC Indonesia,@cnbcindonesia,realisasi belanja fungsi pendidikan april capai pagu tahunan kuartal,0,
5199,YouTube,@kabarpendidikan,tutorial pengisian dashboard arkas bendahara sekolah,0,
5200,Instagram,@kemdikbud.ri,selamat juta siswa terdaftar penerima pip tahap,0,
5201,LinkedIn,Praktisi Edukasi,analisis digitalisasi sekolah menurunkan biaya operasional kantor,0,
5202,Antara News,@antaranews,kemendiktisaintek program matching fund dorong riset energi terbarukan,0,
5203,Kompas.com,@kompascom,pemerintah beri insentif sekolah manajemen dana bos terbaik,0,
5204,Detik.com,@detikcom,nadiem teknologi kunci efisiensi anggaran pendidikan nasional,0,
5205,Republika,@republikaonline,kemenkeu efisiensi dana pendidikan capai persen data,0,
5206,CNN Indonesia,@CNNIndonesia,nadiem dana bos dapat digunakan pembelian alat multimedia sekolah,0,
5207,Antara News,@antaranews,kemendiktisaintek beasiswa lpdp fokus pendidikan vokasi,0,
5208,Kompas.com,@kompascom,nadiem makarim digitalisasi sekolah membantu efisiensi anggaran daerah,0,
5209,Detik.com,@detikcom,pemerintah targetkan guru memiliki sertifikat literasi digital,0,
5210,Republika,@republikaonline,kemendikbudristek pangkas birokrasi sertifikasi portal digital,0,
5211,WhatsApp,Grup Sekolah,biaya administrasi perubahan nama ijazah digital sebesar rp ribu,1,
5212,Facebook,Viral News,dana bos cair anggaran pendidikan dipakai biaya politik,1,
5213,X (Twitter),@Leak_Indo,dana pendidikan dipakai membeli kendaraan dinas mewah pejabat jakarta,1,
5214,TikTok,@news_update,bahaya laptop bantuan pemerintah dapat menularkan radiasi mata,1,
5215,Instagram,@fakta_edu,mahasiswa kip kuliah tanpa kartu vaksin booster dicabut dananya,1,
5216,YouTube,@berita_sekolah,kemendikbud resmi ganti seragam sma menjadi baju bebas per juli,1,
5217,WhatsApp,Grup RT,sekolah mengadakan kerja bakti massal dikurangi dana bos,1,
5218,Facebook,Info Cepat,beasiswa amerika resmi ditutup anggaran negara dialihkan,1,
5219,X (Twitter),@Netizen_News,skandal pengadaan buku sekolah berisi konten komersial,1,
5220,TikTok,@berita_panas,berita duka gaji guru pppk ditunda tahun,1,
5221,Antara News,@antaranews,kemendiktisaintek alokasikan rp triliun beasiswa prestasi,0,
5222,Kompas.com,@kompascom,nadiem dana bos dapat digunakan pembayaran langganan software,0,
5223,Detik.com,@detikcom,pemerintah prioritaskan dana pendidikan pembangunan smk desa,0,
5224,CNN Indonesia,@CNNIndonesia,audit bpk temukan efisiensi pengadaan alat laboratorium smk,0,
5225,Republika,@republikaonline,kemendikbudristek pantau dana bosp dashboard digital terintegrasi,0,
5226,Tempo.co,@tempodotco,kemendikbudristek hemat rp triliun procurement semester,0,
5227,Media Indonesia,@mediaindonesia,mendikbudristek ptm persen tetap berjalan pasca libur lebaran,0,
5228,CNBC Indonesia,@cnbcindonesia,sri mulyani belanja pendidikan april fokus inovasi guru,0,
5229,YouTube,@pendidikankita,inovasi digital mengurangi biaya pengadaan alat peraga sekolah dasar,0,
5230,Instagram,@kemdikbud.ri,selamat juta siswa terdaftar penerima pip tahap,0,
5231,LinkedIn,Analis Publik,digitalisasi pendidikan mampu menurunkan biaya logistik nasional,0,
5232,Antara News,@antaranews,kemendiktisaintek skema dana padanan riset dorong inovasi nasional,0,
5233,Kompas.com,@kompascom,nadiem makarim digitalisasi sekolah membantu efisiensi anggaran daerah,0,
5234,Detik.com,@detikcom,pemerintah targetkan guru memiliki sertifikat literasi digital,0,
5235,Republika,@republikaonline,kemendikbudristek pangkas birokrasi sertifikasi portal digital,0,
5236,WhatsApp,Forwarded,link subsidi pulsa belajar mudik gb klik bit ly pulsa mudik,1,
5237,Facebook,Kabar Guru,sertifikat pendidik wajib diperpanjang tahun biaya admin,1,
5238,X (Twitter),@PolitikNews,dana bos tahap macet kas negara dipakai membeli jet pribadi,1,
5239,TikTok,@vlogger_edu,mulai mei siswa tanpa kartu lebaran dilarang masuk lingkungan sekolah,1,
5240,Instagram,@cekfakta_id,video nadiem mengatakan kantin sekolah boleh menjual menu sehat,1,
5241,Kompas.com,@kompascom,hardiknas kemendikbudristek ajak semarakkan merdeka belajar,0,
5242,Detik.com,@detikcom,pendaftaran ppdb segera dibuka cek jalur zonasi afirmasi prestasi,0,
5243,WhatsApp,Grup Sekolah,link undian hadiah laptop gratis edisi hari pendidikan nasional,1,
5244,Facebook,Info Guru,aturan mei guru mengikuti upacara hardiknas gaji dipotong,1,
5245,Antara News,@antaranews,kemendikbudristek utbk snbt gelombang berjalan kondusif indonesia,0,
5246,CNBC Indonesia,@cnbcindonesia,sri mulyani anggaran pendidikan mei fokus subsidi sektor vokasi,0,
5247,X (Twitter),@PolitikUpdate,dana peringatan hardiknas rp triliun habis acara makan malam pejabat,1,
5248,TikTok,@vlogger_edu,bocoran jawaban soal utbk gelombang dapat dibeli telegram klik bit ly,1,
5249,Republika,@republikaonline,efisiensi anggaran digitalisasi sistem sertifikasi guru hemat biaya logistik,0,
5250,CNN Indonesia,@CNNIndonesia,nadiem beasiswa indonesia maju beri kesempatan anak bangsa kuliah negeri,0,
5251,WhatsApp,Forwarded,jalur titipan ppdb tanpa zonasi orang dinas pendidikan,1,
5252,Facebook,Info Cepat,mulai mei ijazah sekolah wajib memakai chip gps mencegah kehilangan,1,
5253,X (Twitter),@EduLeaks,dokumen bocor pemerintah swastakan kampus negeri indonesia,1,
5254,TikTok,@news_update,bahaya tinta fingerprint utbk mengandung zat perusak saraf jari,1,
5255,Instagram,@faktakita,siswa mengikuti pawai hardiknas dilarang mengikuti ujian kenaikan kelas,1,
5256,YouTube,Kemdikbud RI,pidato mendikbudristek peringatan hari pendidikan nasional,0,
5257,WhatsApp,Grup Guru,surat tugas palsu guru wajib membeli buku biografi menteri seharga rp ribu,1,
5258,Facebook,Viral Edu,kemenkeu cairkan dana bonus pendidikan rp juta khusus bulan mei,1,
5259,X (Twitter),@LeakIndo,dana operasional sekolah bos dipakai menutupi kerugian proyek wisata nasional,1,
5260,TikTok,@berita_edu,berita gembira nadiem berikan saldo dana rp ribu share video,1,
5261,CNBC Indonesia,@cnbcindonesia,sri mulyani realisasi belanja pendidikan kuartal ii berjalan target,0,
5262,Liputan6,@liputan6dotcom,kemendikbudristek inovasi platform rapor pendidikan membantu pemetaan mutu sekolah,0,
5263,YouTube,Kemdikbud RI,sosialisasi teknis pendaftaran ppdb jenjang sma smk,0,
5264,Instagram,@kemdikbud.ri,selamat hari pendidikan nasional bergerak semarakkan merdeka belajar,0,
5265,LinkedIn,Analis Publik,efisiensi belanja operasional sekolah pengadaan barang siplah,0,
5266,Antara News,@antaranews,kemendiktisaintek mahasiswa penerima kip kuliah wajib update data akademik,0,
5267,Kompas.com,@kompascom,nadiem gerakan merdeka belajar milik guru masyarakat,0,
5268,Detik.com,@detikcom,audit bpk digitalisasi penyaluran pip akurat transparan,0,
5269,Republika,@republikaonline,kemendikbudristek klaim efisiensi anggaran perbaikan gedung katalog,0,
5270,CNN Indonesia,@CNNIndonesia,mendikbudristek sekolah dilarang menjual seragam secara paksa ppdb,0,
5271,WhatsApp,Grup RT,bantuan uang tunai pelajar yayasan pendidikan nasional klik bit ly,1,
5272,Facebook,Info Beasiswa,beasiswa full swiss tanpa tes khusus pendaftar hari,1,
5273,X (Twitter),@Netizen_News,skandal dana pembangunan laboratorium kampus dipakai membeli jet pribadi,1,
5274,TikTok,@berita_panas,berita duka dana tunjangan sertifikasi dihapus mulai juni,1,
5275,Instagram,@cekfakta_id,video nadiem mengatakan ujian nasional diadakan bulan,1,
5276,WhatsApp,Forwarded,link subsidi biaya sekolah semester rp juta pemerintah,1,
5277,Facebook,Kabar Guru,sertifikasi guru wajib melampirkan bukti pembelian majalah pendidikan pusat,1,
5278,X (Twitter),@PolitikUpdate,sisa anggaran pendidikan digunakan membiayai operasional partai,1,
5279,TikTok,@vlogger_politik,terbongkar anggaran pendidikan lari kantong investor negeri sebesar,1,
5280,Instagram,@stophoax,link pendaftaran beasiswa negeri jalur cepat tanpa tes tertulis,1,
5281,Tempo.co,@tempodotco,kemendikbudristek optimalkan anggaran penggabungan balai penjaminan mutu,0,
5282,Media Indonesia,@mediaindonesia,mendikbudristek implementasi kurikulum merdeka smk fokus keahlian,0,
5283,YouTube,@infopendidikan,cek hasil kelulusan snbt persiapkan peserta,0,
5284,LinkedIn,Praktisi Edukasi,penghematan biaya seminar guru pemanfaatan platform digital nasional,0,
5285,Antara News,@antaranews,kemendiktisaintek skema matching fund fokus inovasi teknologi,0,
5286,Kompas.com,@kompascom,nadiem makarim kualitas lulusan vokasi harus relevan industri,0,
5287,Detik.com,@detikcom,pemerintah salurkan bantuan dana darurat sekolah terdampak angin kencang,0,
5288,Republika,@republikaonline,kemenkeu efisiensi dana pendidikan capai sistem reporting,0,
5289,CNN Indonesia,@CNNIndonesia,mendikbudristek tegaskan penghapusan mata pelajaran seni budaya,0,
5290,CNBC Indonesia,@cnbcindonesia,sri mulyani belanja fungsi pendidikan mei fokus sarana laboratorium sma,0,
5291,WhatsApp,Grup Sekolah,biaya pendaftaran ppdb jalur prestasi sebesar rp ribu per siswa,1,
5292,Facebook,Viral News,dana bos tahap ii cair anggaran pendidikan dialihkan utang,1,
5293,X (Twitter),@LeakIndo,terungkap dana pendidikan dipakai membeli fasilitas apartemen mewah pejabat,1,
5294,TikTok,@news_update,bahaya pemakaian headset utbk dapat menularkan radiasi otak,1,
5295,Instagram,@fakta_edu,mahasiswa kip kuliah wajib menabung uang sakunya bank milik kampus,1,
5296,YouTube,@berita_sekolah,kemendikbud resmi umumkan hari sabtu libur sekolah nasional,1,
5297,WhatsApp,Grup RT,sekolah memasang spanduk hardiknas dicabut dana bos,1,
5298,Facebook,Info Cepat,beasiswa belanda resmi ditutup anggaran negara dipotong per mei,1,
5299,X (Twitter),@Netizen_News,skandal dana pengadaan tablet siswa dipakai membeli aksesori,1,
5300,TikTok,@berita_panas,berita duka guru honorer dihapus per mei,1,
5301,Republika,@republikaonline,kemendikbudristek pangkas birokrasi sertifikasi portal digital data,0,
5302,WhatsApp,Forwarded,link subsidi pulsa belajar gb edisi hari pendidikan nasional klik bit ly,1,
5303,Facebook,Kabar Guru,sertifikat pendidik wajib diperpanjang tahun biaya admin rp rb,1,
5304,X (Twitter),@PolitikNews,dana bos tahap ii macet dipakai membayar tagihan listrik negara,1,
5305,TikTok,@vlogger_edu,mulai juni siswa tanpa kartu sehat dilarang masuk lingkungan sekolah,1,
5306,Instagram,@cekfakta_id,video nadiem mengatakan guru honorer diganti robot ai per juli,1,
5307,Kompas.com,@kompascom,pengumuman utbk snbt cek link utama mirror lihat hasil,0,
5308,Detik.com,@detikcom,nadiem peserta lolos snbt wajib melakukan daftar ulang ptn tujuan,0,
5309,WhatsApp,Grup Wali Murid,jasa ubah nilai rapor lolos ppdb jalur prestasi garansi masuk sman,1,
5310,Facebook,Info Pendidikan,aturan juni ijazah sma tahun berlaku cap jari digital,1,
5311,Antara News,@antaranews,kemendikbudristek ppdb jalur zonasi tetap menjadi prioritas pemerataan,0,
5312,CNBC Indonesia,@cnbcindonesia,sri mulyani dana pendidikan bulan juni difokuskan pembangunan sarana smk,0,
5313,X (Twitter),@RakyatUpdate,dana perpisahan sekolah indonesia diwajibkan setor kas pusat,1,
5314,TikTok,@vlogger_edu,link rahasia melihat nilai utbk pengumuman resmi keluar,1,
5315,Republika,@republikaonline,efisiensi anggaran penggunaan rapor digital hemat biaya cetak kertas rp miliar,0,
5316,CNN Indonesia,@CNNIndonesia,nadiem mahasiswa lolos msib angkatan mendapat uang saku bulanan,0,
5317,WhatsApp,Forwarded,bantuan pulsa rp ribu syukuran kelulusan snbt operator seluler,1,
5318,Facebook,Info Viral,mulai juli siswa wajib membeli buku paket langsung penerbit milik negara,1,
5319,X (Twitter),@EduLeaks,dokumen bocor pemerintah menghapus beasiswa kip kuliah,1,
5320,TikTok,@news_update,bahaya mencetak kartu hasil utbk warnet dapat menyebabkan data ktp tercuri,1,
5321,Instagram,@faktakita,siswa mendapat peringkat kelas wajib memberi traktiran seikhlasnya guru,1,
5322,YouTube,Kemdikbud RI,konferensi pers statistik hasil seleksi nasional tes snbt,0,
5323,WhatsApp,Grup Guru,surat edaran guru wajib menyisihkan gaji renovasi kantor dinas,1,
5324,Facebook,Viral Edu,kemenkeu berikan blt anak sekolah rp juta cair juni pemilik kartu sehat,1,
5325,X (Twitter),@LeakIndo,dana bos tahap ii dialihkan membeli tiket perjalanan negeri pejabat,1,
5326,TikTok,@berita_edu,berita gembira nadiem berikan beasiswa singapura gratis share,1,
5327,CNBC Indonesia,@cnbcindonesia,sri mulyani pastikan gaji guru pns mulai cair secara bertahap juni,0,
5328,Liputan6,@liputan6dotcom,kemendikbudristek inovasi siplah berhasil menekan potensi mark up harga barang,0,
5329,YouTube,Kemdikbud RI,sosialisasi ketentuan pendaftaran ulang mahasiswa jalur snbt,0,
5330,Instagram,@kemdikbud.ri,hati hati penipuan ppdb jalur masuk sekolah favorit,0,
5331,LinkedIn,Analis Publik,efisiensi anggaran sekolah sistem inventaris sarpras berbasis cloud,0,
5332,Antara News,@antaranews,kemendiktisaintek skema matching fund masuk tahap verifikasi keuangan,0,
5333,Kompas.com,@kompascom,nadiem kurikulum merdeka menitikberatkan minat bakat siswa,0,
5334,Detik.com,@detikcom,audit bpk digitalisasi penyaluran dana pip menekan risiko sasaran,0,
5335,Republika,@republikaonline,kemendikbudristek klaim efisiensi biaya rapat rp triliun zoom,0,
5336,CNN Indonesia,@CNNIndonesia,mendikbudristek sekolah dilarang menahan ijazah siswa lulus,0,
5337,WhatsApp,Grup RT,link subsidi kacamata gratis siswa terlalu banyak belajar online,1,
5338,Facebook,Info Beasiswa,beasiswa jepang tanpa sertifikat jlpt tanpa wawancara khusus juni,1,
5339,X (Twitter),@Netizen_News,skandal gedung sekolah desa dijual swasta jadi pabrik tekstil,1,
5340,TikTok,@berita_panas,berita duka dana seragam gratis pemerintah dibatalkan per juni,1,
5341,Instagram,@cekfakta_id,video nadiem mengatakan siswa hafal pancasila boleh naik kelas,1,
5342,WhatsApp,Forwarded,link subsidi uang saku mahasiswa semester akhir rp juta klik bit ly saku mhs,1,
5343,Facebook,Kabar Guru,syarat gaji guru wajib mengunggah bukti struk belanja toko umkm,1,
5344,X (Twitter),@PolitikUpdate,sisa dana pendidikan tahun digunakan membeli jet tempur,1,
5345,TikTok,@vlogger_politik,terbongkar anggaran beasiswa kip kuliah dipakai kampanye digital,1,
5346,Instagram,@stophoax,jalur khusus masuk ipb ui tanpa tes penghafal lagu pop nasional,1,
5347,Tempo.co,@tempodotco,kemendikbudristek optimalkan anggaran penggabungan satuan kerja,0,
5348,Media Indonesia,@mediaindonesia,mendikbudristek fokus ppdb keadilan akses pendidikan,0,
5349,YouTube,@infopendidikan,mengajukan sanggah keberatan hasil ukt mahasiswa,0,
5350,LinkedIn,Praktisi Edukasi,penghematan biaya listrik kampus implementasi smart lighting,0,
5351,Antara News,@antaranews,kemendiktisaintek mahasiswa magang merdeka mulai mendapat sertifikat industri,0,
5352,Kompas.com,@kompascom,nadiem makarim program wirausaha merdeka targetkan mahasiswa,0,
5353,Detik.com,@detikcom,pemerintah salurkan bantuan dana darurat sekolah terdampak gempa juni,0,
5354,Republika,@republikaonline,kemenkeu efisiensi dana pendidikan capai sistem data,0,
5355,CNN Indonesia,@CNNIndonesia,mendikbudristek tegaskan penghapusan mata pelajaran sejarah,0,
5356,CNBC Indonesia,@cnbcindonesia,sri mulyani belanja pendidikan juni fokus peningkatan kualitas guru,0,
5357,WhatsApp,Grup Sekolah,biaya legalitas ijazah kantor dinas pendidikan sebesar rp ribu per lembar,1,
5358,Facebook,Viral News,dana bos tahap ii cair anggaran pendidikan dipakai membayar utang,1,
5359,X (Twitter),@LeakIndo,terungkap dana pendidikan dipakai membeli fasilitas apartemen mewah pejabat,1,
5360,TikTok,@news_update,bahaya tinta stempel ijazah mengandung bahan kimia merusak kulit,1,
5361,Instagram,@fakta_edu,mahasiswa kip kuliah wajib menabung uang sakunya bank rekanan,1,
5362,YouTube,@berita_sekolah,kemendikbud resmi umumkan libur semester ditambah menjadi bulan penuh,1,
5363,WhatsApp,Grup RT,sekolah mengadakan perpisahan hotel ditegur dinas,1,
5364,Facebook,Info Cepat,beasiswa taiwan ditutup hubungan diplomatik memburuk per juni,1,
5365,X (Twitter),@Netizen_News,skandal dana pengadaan alat peraga smk barang bekas,1,
5366,TikTok,@berita_panas,berita duka sekolah biasa slb ditutup mulai juli,1,
5367,CNN Indonesia,@CNNIndonesia,nadiem integrasi data pendidikan kurangi resiko duplikasi anggaran,0,
5368,Tempo.co,@tempodotco,efisiensi anggaran kemendikbud hapus pos perjalanan dinas negeri,0,
5369,Antara News,@antaranews,kemendiktisaintek beasiswa lpdp tahap segera dibuka juli,0,
5370,Kompas.com,@kompascom,nadiem hasil utbk satunya penentu masa siswa,0,
5371,Detik.com,@detikcom,pemerintah alokasikan rp triliun dana abadi pendidikan apbn,0,
5372,WhatsApp,Forwarded,link hadiah kelulusan sma pemerintah rp juta klik bit ly lulus,1,
5373,Facebook,Kabar Guru,sertifikat pendidik wajib diperbarui tahun biaya admin,1,
5374,X (Twitter),@PolitikNews,dana bos tahap ii macet anggaran dipakai membayar listrik negara,1,
5375,TikTok,@vlogger_edu,mulai juli siswa tanpa kartu pintar digital dilarang masuk sekolah,1,
5376,Instagram,@cekfakta_id,video nadiem mengatakan guru honorer diganti mentor ai,1,
5377,Kompas.com,@kompascom,hari sekolah kemendikbudristek tegaskan mpls harus bebas perundungan,0,
5378,Detik.com,@detikcom,nadiem makarim kurikulum merdeka mulai diterapkan secara masif tahun ajaran,0,
5379,WhatsApp,Grup Sekolah,link pendaftaran bantuan laptop ponsel gratis siswa tahun,1,
5380,Facebook,Komunitas Guru,aturan juli guru wajib menggunakan pakaian adat lengkap hari senin,1,
5381,Antara News,@antaranews,kemendikbudristek sekolah dilarang mewajibkan pembelian seragam koperasi,0,
5382,CNBC Indonesia,@cnbcindonesia,sri mulyani anggaran pendidikan juli fokus pencairan tpg triwulan ii,0,
5383,X (Twitter),@RakyatUpdate,dana pendidikan rp triliun dialihkan membeli mobil listrik dinas,1,
5384,TikTok,@sekolah_hits,atribut wajib mpls siswa laki laki harus memakai kaos kaki warna warni,1,
5385,Republika,@republikaonline,efisiensi anggaran penggunaan modul digital kurangi biaya cetak buku pelajaran,0,
5386,CNN Indonesia,@CNNIndonesia,nadiem program kampus mengajar angkatan siap terjun ribuan sekolah,0,
5387,WhatsApp,Forwarded,link pengajuan pemutihan tunggakan spp sekolah keluarga mampu,1,
5388,Facebook,Info Viral,mulai agustus siswa membawa ponsel sekolah disita permanen negara,1,
5389,X (Twitter),@EduLeaks,dokumen rahasia pemerintah menghapus guru pppk tahun,1,
5390,TikTok,@news_update,bahaya vaksinasi sekolah mpls dapat menyebabkan chip terpasang lengan,1,
5391,Instagram,@faktakita,siswa mengikuti kegiatan ekstrakurikuler wajib membayar denda rp ribu,1,
5392,YouTube,Kemdikbud RI,pedoman masa pengenalan lingkungan sekolah mpls transisi paud sd,0,
5393,WhatsApp,Grup Guru,surat perintah guru wajib mengikuti diklat berbayar bali seharga rp juta,1,
5394,Facebook,Viral Edu,kemenkeu cairkan dana subsidi buku rp ribu per siswa link bit ly,1,
5395,X (Twitter),@LeakIndo,dana bos sekolah swasta ditarik menutupi hutang negeri,1,
5396,TikTok,@berita_edu,berita gembira nadiem berikan saldo wallet rp ribu siswa,1,
5397,CNBC Indonesia,@cnbcindonesia,sri mulyani realisasi belanja pendidikan semester capai rp triliun,0,
5398,Liputan6,@liputan6dotcom,kemendikbudristek platform rapor pendidikan memudahkan evaluasi anggaran,0,
5399,YouTube,Kemdikbud RI,sosialisasi skema beasiswa unggulan dibuka juli,0,
5400,Instagram,@kemdikbud.ri,hati hati penipuan layanan pengaduan ppdb kanal resmi pemerintah,0,
5401,LinkedIn,Analis Publik,efisiensi belanja alat peraga pendidikan pengadaan massal siplah,0,
5402,Antara News,@antaranews,kemendiktisaintek pendaftaran beasiswa lpdp tahap resmi dibuka hari,0,
5403,Kompas.com,@kompascom,nadiem fleksibilitas penggunaan dana bos membantu sekolah mengelola sarpras,0,
5404,Detik.com,@detikcom,audit bpk digitalisasi penyaluran pip berhasil kurangi pungutan liar,0,
5405,Republika,@republikaonline,kemendikbudristek hemat rp triliun pangkas birokrasi perjalanan dinas,0,
5406,CNN Indonesia,@CNNIndonesia,mendikbudristek sekolah harus menjadi tempat nyaman tanpa perundungan,0,
5407,WhatsApp,Grup RT,link pendaftaran beasiswa anak petani nelayan tanpa seleksi klik bit ly,1,
5408,Facebook,Info Beasiswa,beasiswa full inggris jalur khusus pendaftar tanggal juli,1,
5409,X (Twitter),@Netizen_News,skandal kepala sekolah diwajibkan menyetorkan dana bos rekening pribadi,1,
5410,TikTok,@berita_panas,berita duka guru honorer diberhentikan secara massal akhir juli,1,
5411,Instagram,@cekfakta_id,video nadiem mengatakan kantin sekolah boleh menjual nasi putih,1,
5412,WhatsApp,Forwarded,link subsidi uang transportasi siswa rp ribu dinas pendidikan,1,
5413,Facebook,Kabar Guru,syarat tpg guru wajib mengunggah bukti pembelian produk lokal minimal rp juta,1,
5414,X (Twitter),@PolitikUpdate,sisa anggaran pendidikan tahun dipakai membiayai operasional kereta cepat,1,
5415,TikTok,@vlogger_politik,terbongkar dana pendidikan nasional bocor broker negeri,1,
5416,Instagram,@stophoax,pendaftaran beasiswa negeri jalur tiket pesawat gratis tanpa paspor,1,
5417,Tempo.co,@tempodotco,kemendikbudristek optimalkan anggaran penggabungan unit pelaksana teknis,0,
5418,Media Indonesia,@mediaindonesia,mendikbudristek fokus tahun ajaran pemulihan literasi siswa,0,
5419,YouTube,@infopendidikan,cek nama penerima tunjangan profesi guru tpg triwulan ii,0,
5420,LinkedIn,Praktisi Edukasi,penghematan biaya pemeliharaan gedung sekolah sistem monitoring digital,0,
5421,Antara News,@antaranews,kemendiktisaintek skema dana padanan riset dukung inovasi alat transportasi,0,
5422,Kompas.com,@kompascom,nadiem makarim kualitas pengajaran harus baik kurikulum merdeka,0,
5423,Detik.com,@detikcom,pemerintah salurkan bantuan dana rehabilitasi sekolah terdampak gempa,0,
5424,Republika,@republikaonline,kemenkeu efisiensi dana pendidikan capai sistem reporting,0,
5425,CNN Indonesia,@CNNIndonesia,mendikbudristek tegaskan penghapusan mata pelajaran fisika,0,
5426,CNBC Indonesia,@cnbcindonesia,sri mulyani belanja pendidikan juli fokus persiapan sarana digital smk,0,
5427,Republika,@republikaonline,kemendikbudristek pangkas birokrasi laporan portal terpadu data,0,
5428,WhatsApp,Forwarded,link subsidi pulsa belajar semester gb klik bit ly pulsa,1,
5429,Facebook,Kabar Guru,guru membeli seragam olahraga pusat dipersulit sertifikasinya,1,
5430,X (Twitter),@PolitikNews,dana bos tahap ii macet dipakai membayar hutang negara negeri,1,
5431,TikTok,@vlogger_edu,mulai agustus siswa terlambat menit boleh masuk selamanya,1,
5432,Instagram,@cekfakta_id,video nadiem mengatakan guru diganti robot ai lolos sertifikasi,1,
5433,Kompas.com,@kompascom,hut ri kemendikbudristek gelar upacara bendera serentak satuan pendidikan,0,
5434,Detik.com,@detikcom,nadiem makarim asesmen nasional penentu kelulusan individu siswa,0,
5435,WhatsApp,Grup Warga,link pendaftaran hadiah agustus kemdikbud saldo dana rp juta siswa,1,
5436,Facebook,Info Guru,aturan agustus guru pns wajib menjadi panitia lomba desa tanpa tambahan honor,1,
5437,Antara News,@antaranews,kemendikbudristek sekolah dihimbau rayakan hut ri kegiatan edukatif hemat biaya,0,
5438,CNBC Indonesia,@cnbcindonesia,sri mulyani alokasi dana pendidikan rapbn direncanakan tembus rp triliun,0,
5439,X (Twitter),@PolitikUpdate,dana lomba an instansi pendidikan mencapai rp triliun diduga mark up,1,
5440,TikTok,@vlogger_edu,berita buruk siswa ikut pawai kemerdekaan dikurangi nilai rapornya,1,
5441,Republika,@republikaonline,efisiensi anggaran penggunaan aplikasi digital asesmen nasional hemat kertas,0,
5442,CNN Indonesia,@CNNIndonesia,nadiem beasiswa unggulan tahap mulai masuk proses seleksi wawancara,0,
5443,WhatsApp,Forwarded,link pendaftaran jasa hapus nama daftar blacklist pinjol khusus mahasiswa,1,
5444,Facebook,Info Viral,mulai agustus ijazah sekolah wajib membayar pajak kemerdekaan rp ribu,1,
5445,X (Twitter),@EduLeaks,bocoran pemerintah menghapus subsidi kuota internet belajar per september,1,
5446,TikTok,@news_update,bahaya mic digunakan upacara sekolah dapat mengeluarkan gelombang hipnotis,1,
5447,Instagram,@faktakita,siswa mengenakan sepatu putih upacara agustus dikeluarkan sekolah,1,
5448,YouTube,Kemdikbud RI,live upacara peringatan detik detik proklamasi kantor kemendikbudristek,0,
5449,WhatsApp,Grup Guru,surat tugas palsu guru wajib menyumbang rp ribu biaya makan malam pejabat,1,
5450,Facebook,Viral Edu,kemenkeu cairkan bonus kemerdekaan rp juta pemilik kartu indonesia pintar,1,
5451,X (Twitter),@LeakIndo,dana bos sekolah daerah terpencil dipakai biaya kampanye pemilihan presiden,1,
5452,TikTok,@berita_edu,berita gembira nadiem berikan hadiah umroh guru rajin upacara,1,
5453,CNBC Indonesia,@cnbcindonesia,menkeu anggaran pendidikan pidato nota keuangan fokus kualitas sdm,0,
5454,Liputan6,@liputan6dotcom,kemendikbudristek sinkronisasi dapodik penyaluran bos tahap iii mulai dibuka,0,
5455,YouTube,Kemdikbud RI,sosialisasi teknis pelaksanaan asesmen nasional berbasis komputer anbk,0,
5456,Instagram,@kemdikbud.ri,selamat hari pramuka teruslah berkarya mengabdi bangsa indonesia,0,
5457,LinkedIn,Analis Publik,efisiensi belanja atribut upacara sistem pengadaan terintegrasi siplah,0,
5458,Antara News,@antaranews,kemendiktisaintek hasil seleksi beasiswa lpdp tahap diumumkan akhir agustus,0,
5459,Kompas.com,@kompascom,nadiem kurikulum merdeka memberi ruang ekspresi luas bulan kemerdekaan,0,
5460,Detik.com,@detikcom,audit bpk digitalisasi laporan arkas kurangi potensi penyimpangan dana sekolah,0,
5461,Republika,@republikaonline,kemendikbudristek klaim efisiensi biaya seremonial rp miliar tahun,0,
5462,CNN Indonesia,@CNNIndonesia,mendikbudristek sekolah dilarang memungut biaya perlombaan an siswa,0,
5463,WhatsApp,Grup RT,link subsidi kuota merdeka gb kominfo kemdikbud klik bit ly,1,
5464,Facebook,Info Beasiswa,beasiswa full australia jalur khusus memeriahkan hut ri,1,
5465,X (Twitter),@Netizen_News,skandal anggaran lomba gerak jalan siswa berasal pinjaman online,1,
5466,TikTok,@berita_panas,berita duka mulai september gaji guru honorer dibayar menggunakan sembako,1,
5467,Instagram,@cekfakta_id,video nadiem mengatakan guru wajib hafal lagu nasional per agustus,1,
5468,WhatsApp,Forwarded,link subsidi uang saku mahasiswa rp juta edisi kemerdekaan,1,
5469,Facebook,Kabar Guru,syarat tpg guru wajib mengunggah foto lomba balap karung medsos,1,
5470,X (Twitter),@PolitikUpdate,sisa anggaran gedung sekolah dipakai membeli pakaian dinas mewah anggota dewan,1,
5471,TikTok,@vlogger_politik,terbongkar dana pendidikan nasional dialihkan membangun patung pejabat,1,
5472,Instagram,@stophoax,pendaftaran beasiswa kedokteran tanpa biaya pendaftaran khusus anak veteran,1,
5473,Tempo.co,@tempodotco,kemendikbudristek optimalkan anggaran pemanfaatan platform belajar digital,0,
5474,Media Indonesia,@mediaindonesia,mendikbudristek asesmen nasional menilai lingkungan belajar menghakimi siswa,0,
5475,YouTube,@infopendidikan,panduan simulasi anbk proktor teknisi laboratorium komputer,0,
5476,LinkedIn,Praktisi Edukasi,penghematan biaya listrik sekolah kampanye budaya hemat energi,0,
5477,Antara News,@antaranews,kemendiktisaintek program kedaireka capai rekor jumlah kolaborasi industri,0,
5478,WhatsApp,Forwarded,link subsidi pulsa belajar merdeka gb klik bit ly merdeka,1,
5479,Facebook,Kabar Guru,guru membeli kaos kemerdekaan pusat dicabut sertifikasinya,1,
5480,X (Twitter),@PolitikNews,dana bos tahap iii macet kas negara kosong digunakan membeli pesawat,1,
5481,TikTok,@vlogger_edu,mulai september siswa tanpa kartu merdeka dilarang mengikuti pelajaran,1,
5482,Instagram,@cekfakta_id,video nadiem mengatakan kantin sekolah boleh menjual menu merah putih,1,
5483,Kompas.com,@kompascom,kemendikbudristek pelaksanaan anbk jenjang smp berjalan serentak,0,
5484,Detik.com,@detikcom,pendaftaran cpns pppk dibuka cek formasi guru dosen,0,
5485,WhatsApp,Grup Info,jasa lolos seleksi pppk guru jalur langsung tanpa tes tertulis,1,
5486,Facebook,Kabar Sekolah,aturan september sekolah wajib membeli alat penjernih udara pusat,1,
5487,Antara News,@antaranews,kemendikbudristek dana bos tahap ii gelombang terakhir mulai disalurkan,0,
5488,CNBC Indonesia,@cnbcindonesia,sri mulyani anggaran pendidikan september fokus persiapan seleksi casn,0,
5489,X (Twitter),@RakyatUpdate,dana anbk rp triliun hilang serangan ransomware server pusat,1,
5490,TikTok,@vlogger_edu,link download bocoran soal akm anbk akurat persen,1,
5491,Republika,@republikaonline,efisiensi anggaran digitalisasi sistem seleksi guru casn tekan biaya cetak soal,0,
5492,CNN Indonesia,@CNNIndonesia,nadiem program msib angkatan mulai memasuki tahap onboarding nasional,0,
5493,WhatsApp,Forwarded,link subsidi uang kuliah semester ganjil rp juta mahasiswa aktif,1,
5494,Facebook,Info Cepat,mulai september ijazah tanpa sertifikat vaksin dapat digunakan,1,
5495,X (Twitter),@EduLeaks,bocoran pemerintah menghapus mata pelajaran agama kurikulum merdeka,1,
5496,TikTok,@news_update,bahaya radiasi laptop anbk dapat mengubah struktur dna siswa smp,1,
5497,Instagram,@faktakita,siswa gagal mengerjakan anbk wajib mengulang kelas tahun,1,
5498,YouTube,Kemdikbud RI,tutorial pendaftaran akun sscasn calon pelamar guru pppk,0,
5499,WhatsApp,Grup Guru,surat edaran guru sertifikasi wajib membeli laptop merek tertentu anbk,1,
5500,Facebook,Viral Edu,kemenkeu cairkan bantuan alat tulis gratis anak pns honorer,1,
5501,X (Twitter),@LeakIndo,dana beasiswa lpdp dipakai membayar denda keterlambatan proyek infrastruktur,1,
5502,TikTok,@berita_edu,berita gembira nadiem berikan hadiah umroh orang tua siswa berprestasi,1,
5503,CNBC Indonesia,@cnbcindonesia,menkeu belanja fungsi pendidikan terjaga mendukung transformasi digital,0,
5504,Liputan6,@liputan6dotcom,kemendikbudristek rapor pendidikan membantu sekolah identifikasi masalah literasi,0,
5505,YouTube,Kemdikbud RI,webinar sosialisasi beasiswa unggulan pegawai kemendikbudristek,0,
5506,Instagram,@kemdikbud.ri,pengumuman hasil seleksi administrasi beasiswa unggulan cek website,0,
5507,LinkedIn,Analis Publik,efisiensi biaya rekrutmen guru sistem computer assisted ujian cat,0,
5508,Antara News,@antaranews,kemendiktisaintek mahasiswa penerima kip kuliah wajib lapor ipk semester,0,
5509,Kompas.com,@kompascom,nadiem implementasi kurikulum merdeka kini mencapai persen sekolah,0,
5510,Detik.com,@detikcom,audit bpk penghematan anggaran pengadaan laptop sekolah capai rp miliar,0,
5511,Republika,@republikaonline,kemendikbudristek klaim efisiensi biaya monitoring evaluasi dashboard,0,
5512,CNN Indonesia,@CNNIndonesia,mendikbudristek sekolah dilarang memungut biaya tambahan pelaksanaan anbk,0,
5513,WhatsApp,Grup RT,link subsidi kacamata gratis siswa korban belajar online klik bit ly,1,
5514,Facebook,Info Beasiswa,beasiswa full jerman jalur khusus pendaftaran bulan september,1,
5515,X (Twitter),@Netizen_News,skandal gedung perpustakaan nasional disewakan acara pribadi,1,
5516,TikTok,@berita_panas,berita duka gaji guru honorer dipotong iuran perumahan,1,
5517,Instagram,@cekfakta_id,video nadiem mengatakan guru boleh mengajar sma,1,
5518,WhatsApp,Forwarded,link subsidi uang saku mahasiswa semester rp juta pemerintah,1,
5519,Facebook,Kabar Guru,syarat pppk pelamar wajib mengunggah video mengajar berdurasi jam tanpa putus,1,
5520,X (Twitter),@PolitikUpdate,sisa anggaran riset kampus digunakan renovasi kantor pejabat,1,
5521,TikTok,@vlogger_politik,terbongkar dana pendidikan dialokasikan membeli saham perusahaan rokok,1,
5522,Instagram,@stophoax,pendaftaran beasiswa negeri jalur tiket pesawat gratis tanpa paspor,1,
5523,Republika,@republikaonline,kemendikbudristek pangkas birokrasi sertifikasi portal digital data,0,
5524,WhatsApp,Forwarded,link subsidi pulsa belajar gb edisi spesial september klik bit ly,1,
5525,Facebook,Kabar Guru,guru mengikuti pelatihan ai pusat dipersulit sertifikasinya,1,
5526,X (Twitter),@PolitikNews,dana bos tahap ii macet kas negara dipakai membeli jet tempur,1,
5527,TikTok,@vlogger_edu,mulai oktober siswa tanpa kartu sehat dilarang masuk lingkungan sekolah,1,
5528,Instagram,@cekfakta_id,video nadiem mengatakan kantin sekolah boleh menjual menu rebusan,1,
5529,Kompas.com,@kompascom,kemendikbudristek resmi buka pendaftaran seleksi pppk guru,0,
5530,Detik.com,@detikcom,nadiem makarim prioritas pppk guru lulus passing grade,0,
5531,WhatsApp,Grup Guru,link pendaftaran jalur khusus honorer jadi pns tanpa tes klik bit ly,1,
5532,Facebook,Info Sekolah,aturan siswa wajib membayar iuran sumpah pemuda rp ribu sekolah,1,
5533,Antara News,@antaranews,kemendikbudristek penyaluran dana bos tahap mulai masuk rekening,0,
5534,CNBC Indonesia,@cnbcindonesia,sri mulyani anggaran pendidikan capai rp triliun,0,
5535,X (Twitter),@RakyatUpdate,dana pendidikan rp triliun digunakan biaya kampanye terselubung,1,
5536,TikTok,@vlogger_edu,bocoran mahasiswa ipk wajib balikkan dana kip kuliah,1,
5537,Republika,@republikaonline,efisiensi anggaran penggunaan rapor hemat biaya logistik kertas sekolah,0,
5538,CNN Indonesia,@CNNIndonesia,nadiem guru penggerak diprioritaskan menjadi kepala sekolah pengawas,0,
5539,WhatsApp,Forwarded,link subsidi kuota internet gb edisi sumpah pemuda kemdikbud,1,
5540,Facebook,Info Cepat,mulai oktober ijazah wajib dilaminasi hologram dinas pendidikan,1,
5541,X (Twitter),@EduLeaks,dokumen bocor pemerintah menghapus mata pelajaran sejarah sma,1,
5542,TikTok,@news_update,bahaya laptop bantuan pemerintah dapat mengintai aktivitas rumah,1,
5543,Instagram,@faktakita,siswa ikut upacara oktober boleh ikut ujian semester,1,
5544,YouTube,Kemdikbud RI,sosialisasi teknis pendaftaran seleksi pppk jabatan fungsional guru,0,
5545,WhatsApp,Grup Guru,surat edaran guru wajib membeli seragam batik koperasi dinas,1,
5546,Facebook,Viral Edu,kemenkeu cairkan blt pelajar rp juta khusus pemilik kartu vaksin,1,
5547,X (Twitter),@LeakIndo,dana abadi pendidikan dipakai membeli jet pribadi operasional pejabat,1,
5548,TikTok,@berita_edu,berita gembira nadiem beri iphone gratis siswa hafal sumpah pemuda,1,
5549,CNBC Indonesia,@cnbcindonesia,menkeu belanja fungsi pendidikan oktober on track,0,
5550,Liputan6,@liputan6dotcom,kemendikbudristek rapor pendidikan memudahkan sekolah mengelola anggaran,0,
5551,YouTube,Kemdikbud RI,webinar panduan finalisasi pendataan tenaga non asn portal bkn,0,
5552,Instagram,@kemdikbud.ri,selamat hari sumpah pemuda bersatu bangun bangsa merdeka belajar,0,
5553,LinkedIn,Analis Publik,efisiensi biaya operasional sekolah digitalisasi pengadaan siplah,0,
5554,Antara News,@antaranews,kemendiktisaintek mahasiswa magang merdeka mulai onboarding industri,0,
5555,Kompas.com,@kompascom,nadiem kurikulum merdeka diterapkan ribu sekolah,0,
5556,Detik.com,@detikcom,audit bpk digitalisasi data dapodik tekan risiko penyaluran dana fiktif,0,
5557,Republika,@republikaonline,kemendikbudristek klaim efisiensi anggaran perjalanan dinas rp miliar,0,
5558,CNN Indonesia,@CNNIndonesia,mendikbudristek sekolah dilarang menahan ijazah siswa tunggakan spp,0,
5559,WhatsApp,Grup RT,link pendaftaran beasiswa anak petani yayasan pendidikan nasional,1,
5560,Facebook,Info Beasiswa,beasiswa full korea selatan tanpa seleksi khusus pendaftar oktober,1,
5561,X (Twitter),@Netizen_News,skandal gedung sekolah desa dijual swasta secara ilegal,1,
5562,TikTok,@berita_panas,berita duka dana sertifikasi guru dipotong iuran ikn,1,
5563,Instagram,@cekfakta_id,video nadiem sebut guru diberhentikan per januari,1,
5564,WhatsApp,Forwarded,link subsidi uang saku mahasiswa semester akhir rp juta klik bit ly,1,
5565,Facebook,Kabar Guru,syarat pppk guru wajib unggah video mengajar jam tanpa edit sscasn,1,
5566,X (Twitter),@PolitikUpdate,sisa anggaran sekolah negeri harus disetor pusat dana kampanye,1,
5567,TikTok,@vlogger_politik,terungkap dana pendidikan rp triliun mengalir rekening istri pejabat,1,
5568,Instagram,@stophoax,link pendaftaran beasiswa kedokteran jalur khusus tanpa tes akademik,1,
5569,Tempo.co,@tempodotco,kemendikbudristek optimalkan anggaran pemanfaatan platform digital,0,
5570,Media Indonesia,@mediaindonesia,mendikbudristek implementasi kurikulum merdeka fokus literasi,0,
5571,YouTube,@infopendidikan,cek nama database bkn tenaga honorer sekolah,0,
5572,LinkedIn,Praktisi Edukasi,penghematan biaya listrik kampus teknologi smart lighting,0,
5573,Antara News,@antaranews,kemendiktisaintek program matching fund dorong riset energi terbarukan,0,
5574,Kompas.com,@kompascom,nadiem makarim kualitas pengajaran harus relevan era digital,0,
5575,Detik.com,@detikcom,pemerintah salurkan bantuan dana darurat sekolah terdampak banjir,0,
5576,Republika,@republikaonline,kemenkeu efisiensi dana pendidikan capai sistem data,0,
5577,CNN Indonesia,@CNNIndonesia,mendikbudristek tegaskan penghapusan mata pelajaran fisika,0,
5578,CNBC Indonesia,@cnbcindonesia,sri mulyani belanja pendidikan oktober fokus sertifikasi guru,0,
5579,Kompas.com,@kompascom,kemendikbudristek pastikan dana bos tahap cair tepat,0,
5580,Detik.com,@detikcom,nadiem program kampus merdeka tingkatkan serapan lulusan industri,0,
5581,Antara News,@antaranews,bkn masa sanggah hasil pendataan non asn dibuka akhir oktober,0,
5582,Republika,@republikaonline,efisiensi anggaran digitalisasi sistem ujian tekan biaya logistik,0,
5583,CNN Indonesia,@CNNIndonesia,mendikbudristek sekolah penggerak menjadi contoh transformasi belajar,0,
5584,Tempo.co,@tempodotco,kemendikbudristek integrasikan data dapodik nik pip,0,
5585,Media Indonesia,@mediaindonesia,pemerintah targetkan digitalisasi laporan dana bos arkas,0,
5586,CNBC Indonesia,@cnbcindonesia,sri mulyani investasi pendidikan kunci keluar middle income trap,0,
5587,YouTube,@infopendidikan,panduan sinkronisasi data siswa penerima beasiswa pip,0,
5588,Instagram,@kemdikbud.ri,pameran karya siswa hasil proyek profil pelajar pancasila sekolah,0,
5589,LinkedIn,Praktisi Edukasi,mengurangi biaya operasional kampus sistem perpustakaan cloud,0,
5590,Antara News,@antaranews,kemendiktisaintek skema matching fund dukung inovasi alat kesehatan,0,
5591,Kompas.com,@kompascom,nadiem guru harus berani melakukan inovasi kelas,0,
5592,Detik.com,@detikcom,audit bpk pemanfaatan siplah berhasil menurunkan risiko korupsi bos,0,
5593,Republika,@republikaonline,kemendikbudristek pangkas biaya distribusi buku book gratis,0,
5594,CNN Indonesia,@CNNIndonesia,mendikbud implementasi kurikulum merdeka sma meningkatkan minat siswa,0,
5595,Kompas.com,@kompascom,bkn pastikan data tenaga honorer validasi berlapis,0,
5596,Detik.com,@detikcom,nadiem makarim digitalisasi sekolah mempercepat tunjangan guru,0,
5597,Antara News,@antaranews,pemerintah salurkan dana bantuan perpustakaan wilayah,0,
5598,CNN Indonesia,@CNNIndonesia,audit bpk temukan efisiensi pengadaan alat praktik smk capai,0,
5599,Republika,@republikaonline,kemendikbudristek pantau dana bosp dashboard digital nasional,0,
5600,Tempo.co,@tempodotco,kemendikbudristek hemat rp triliun procurement,0,
5601,Media Indonesia,@mediaindonesia,mendikbudristek evaluasi pendidikan kini berbasis rapor pendidikan,0,
5602,CNBC Indonesia,@cnbcindonesia,sri mulyani alokasi dana pendidikan apbn tetap jadi prioritas,0,
5603,YouTube,@pendidikankita,inovasi digital sekolah kelola inventaris tanpa biaya tambahan,0,
5604,Instagram,@kemdikbud.ri,segera aktivasi akun belajar id akses platform merdeka mengajar,0,
5605,LinkedIn,Praktisi Edukasi,dampak pengalihan anggaran seminar hibah penelitian dosen muda,0,
5606,Antara News,@antaranews,kemendiktisaintek skema dana padanan riset dorong kolaborasi negeri,0,
5607,Kompas.com,@kompascom,nadiem makarim digitalisasi sekolah kunci transparansi dana bos,0,
5608,Detik.com,@detikcom,pemerintah targetkan guru memiliki sertifikat literasi digital,0,
5609,Republika,@republikaonline,kemendikbudristek permudah sertifikasi guru portal data,0,
5610,CNN Indonesia,@CNNIndonesia,nadiem integrasi data pendidikan kurangi risiko tumpang tindih,0,
5611,Tempo.co,@tempodotco,efisiensi anggaran kemendikbud pangkas biaya sewa hotel rapat,0,
5612,Antara News,@antaranews,kemendiktisaintek beasiswa lpdp fokus peneliti vokasi,0,
5613,Kompas.com,@kompascom,nadiem kurikulum merdeka memberikan fleksibilitas guru,0,
5614,Detik.com,@detikcom,pemerintah alokasikan rp triliun dana abadi pendidikan,0,
5615,Kompas.com,@kompascom,kemendikbudristek salurkan dana perbaikan sekolah pasca gempa,0,
5616,Detik.com,@detikcom,nadiem digitalisasi pendidikan percepat penyaluran tunjangan guru,0,
5617,Antara News,@antaranews,pemerintah prioritaskan dana pendidikan wilayah terpencil pasca pandemi,0,
5618,CNN Indonesia,@CNNIndonesia,audit bpk penyerapan anggaran pelatihan guru capai target nasional,0,
5619,Republika,@republikaonline,kemendikbudristek pantau dana bosp dashboard terpadu,0,
5620,Tempo.co,@tempodotco,efisiensi birokrasi integrasi sistem data guru hemat anggaran miliaran,0,
5621,Media Indonesia,@mediaindonesia,mendikbudristek sekolah boleh lakukan kegiatan ruang prokes,0,
5622,CNBC Indonesia,@cnbcindonesia,realisasi belanja fungsi pendidikan oktober capai target kuartal iii,0,
5623,YouTube,@kabarpendidikan,tutorial pengisian dashboard arkas bendahara sekolah dasar,0,
5624,Instagram,@kemdikbud.ri,selamat juta siswa terdaftar penerima pip tahap akhir,0,
5625,LinkedIn,Praktisi Edukasi,digitalisasi sekolah terbukti menurunkan biaya operasional kantor,0,
5626,Antara News,@antaranews,kemendiktisaintek program matching fund dorong riset energi hijau,0,
5627,Kompas.com,@kompascom,pemerintah beri insentif sekolah tata kelola bos terbaik,0,
5628,Detik.com,@detikcom,nadiem teknologi kunci utama efisiensi anggaran pendidikan,0,
5629,Republika,@republikaonline,kemenkeu efisiensi dana pendidikan capai data,0,
5630,CNN Indonesia,@CNNIndonesia,nadiem dana bos dapat digunakan pembelian laptop multimedia,0,
5631,Antara News,@antaranews,kemendiktisaintek beasiswa lpdp tahap diumumkan akhir oktober,0,
5632,Kompas.com,@kompascom,nadiem makarim digitalisasi sekolah membantu efisiensi anggaran daerah,0,
5633,Detik.com,@detikcom,pemerintah targetkan guru miliki sertifikat pendidik,0,
5634,WhatsApp,Grup Sekolah,biaya administrasi pengambilan ijazah lulusan rp ribu,1,
5635,Facebook,Viral News,dana bos tahap tertahan dipakai membayar bunga utang negara,1,
5636,X (Twitter),@Leak_Indo,dana pendidikan dipakai membiayai fasilitas mewah anak pejabat negeri,1,
5637,TikTok,@news_update,bahaya sinyal jaringan sekolah dapat mengurangi daya ingat siswa secara permanen,1,
5638,Instagram,@fakta_edu,mahasiswa kip kuliah membeli ponsel dicabut status beasiswanya,1,
5639,YouTube,@berita_sekolah,kemendikbud resmi ganti seragam smp jadi baju adat per november,1,
5640,WhatsApp,Grup RT,sekolah rayakan sumpah pemuda dipotong dana bos,1,
5641,Facebook,Info Cepat,beasiswa amerika ditutup krisis ekonomi per oktober,1,
5642,X (Twitter),@Netizen_News,skandal buku pelajaran agama sd berisi ajaran radikal hasil cetak,1,
5643,TikTok,@berita_panas,berita duka gaji guru pppk ditunda tahun,1,
5644,WhatsApp,Forwarded,link hadiah sumpah pemuda rp juta kemdikbud klik bit ly hadiah,1,
5645,Facebook,Kabar Guru,sertifikat pendidik wajib diperpanjang tiap tahun biaya admin,1,
5646,X (Twitter),@PolitikNews,dana bos macet kas negara kosong dipakai membeli pesawat tempur,1,
5647,TikTok,@vlogger_edu,mulai november siswa tanpa kartu sehat dilarang masuk lingkungan sekolah,1,
5648,Instagram,@cekfakta_id,video nadiem sebut kantin sekolah boleh menjual rebusan per oktober,1,
5649,WhatsApp,Grup Guru,iuran wajib guru pembangunan gedung kemdikbud rp ribu,1,
5650,Facebook,Info Sekolah,daftar nama guru dipecat lolos pendataan non asn,1,
5651,X (Twitter),@RakyatUpdate,anggaran hardiknas dipakai membayar buzzer promosi kurikulum,1,
5652,TikTok,@berita_edu,masuk kedokteran ui tanpa tes membayar dp rp juta oknum,1,
5653,Instagram,@stophoax,link bantuan paket data gb akhir tahun klik bit ly kuota oktober,1,
5654,WhatsApp,Forwarded,pemberitahuan siswa wajib vaksin booster per oktober,1,
5655,Facebook,Viral Edu,kemenkeu cairkan dana bonus guru rp juta langsung rekening pribadi,1,
5656,X (Twitter),@LeakIndo,dana beasiswa lpdp dialihkan membiayai defisit proyek kereta cepat,1,
5657,TikTok,@news_update,bahaya tinta printer bantuan sekolah mengandung zat radioaktif aktif,1,
5658,Instagram,@faktakita,siswa terlambat menit langsung dikeluarkan sekolah,1,
5659,WhatsApp,Grup RT,link subsidi baju seragam gratis dinas pendidikan klik bit ly,1,
5660,Facebook,Info Beasiswa,beasiswa full inggris tanpa tes toefl khusus pendaftar hari,1,
5661,X (Twitter),@Netizen_News,skandal dana renovasi perpustakaan sekolah masuk dompet kepsek,1,
5662,TikTok,@berita_panas,berita duka guru honorer jawa tengah diberhentikan per oktober,1,
5663,Instagram,@cekfakta_id,video nadiem sebut libur sekolah dihapus mulai tahun,1,
5664,WhatsApp,Forwarded,link subsidi uang transportasi pelajar rp ribu pemerintah,1,
5665,Facebook,Kabar Guru,guru sertifikasi wajib membeli laptop merek syarat pencairan tpg,1,
5666,X (Twitter),@PolitikUpdate,sisa dana pendidikan dipakai membeli mobil dinas listrik mewah pejabat,1,
5667,TikTok,@vlogger_politik,terbongkar dana pendidikan nasional lari kontraktor ikn,1,
5668,Instagram,@stophoax,pendaftaran beasiswa negeri jalur tiket gratis tanpa paspor,1,
5669,WhatsApp,Grup Sekolah,biaya perbaikan server sekolah jelang ujian rp ribu per siswa,1,
5670,Facebook,Viral News,dana bos macet anggaran pendidikan dipakai biaya politik,1,
5671,X (Twitter),@Leak_Indo,dana pendidikan dipakai membayar cicilan utang negara negeri,1,
5672,TikTok,@news_update,bahaya sinar infra merah absensi sekolah dapat merusak retina mata,1,
5673,Instagram,@fakta_edu,mahasiswa kip kuliah ikut demo dicabut beasiswanya,1,
5674,WhatsApp,Forwarded,link subsidi pulsa belajar sumpah pemuda gb klik bit ly pulsa sumpah,1,
5675,Facebook,Kabar Guru,guru membeli kaos persatuan dinas dipersulit sertifikasi,1,
5676,X (Twitter),@PolitikNews,dana bos tahap macet kas negara dipakai membeli alat alutsista,1,
5677,TikTok,@vlogger_edu,mulai november siswa tanpa kartu pintar digital dilarang ikut pelajaran,1,
5678,Instagram,@cekfakta_id,video nadiem sebut guru honorer diganti robot ai per juli,1,
5679,Kompas.com,@kompascom,hari guru nasional kemendikbudristek usung tema serentak berinovasi,0,
5680,Detik.com,@detikcom,nadiem makarim pengangkatan guru pppk menjadi solusi kesejahteraan guru honorer,0,
5681,WhatsApp,Grup Guru,link subsidi uang tunai rp juta hadiah hari guru nasional pemerintah,1,
5682,Facebook,Info Guru,aturan guru mengikuti upacara hgn dipotong gaji,1,
5683,Antara News,@antaranews,kemendikbudristek seleksi pppk guru masuk tahap observasi pelamar,0,
5684,CNBC Indonesia,@cnbcindonesia,menkeu realisasi dana pendidikan november optimal,0,
5685,X (Twitter),@PolitikUpdate,dana peringatan hari guru nasional rp triliun habis konsumsi,1,
5686,TikTok,@vlogger_edu,bocoran tahun mahasiswa semester wajib ikut militer,1,
5687,Republika,@republikaonline,efisiensi anggaran digitalisasi sistem sertifikasi guru hemat biaya kertas,0,
5688,CNN Indonesia,@CNNIndonesia,nadiem platform merdeka mengajar kini digunakan juta guru,0,
5689,WhatsApp,Forwarded,link subsidi pulsa belajar gb akhir tahun kemdikbud klik bit ly,1,
5690,Facebook,Info Cepat,mulai desember siswa wajib membeli buku kurikulum merdeka pusat,1,
5691,X (Twitter),@EduLeaks,dokumen bocor pemerintah swastakan sma negeri tahun,1,
5692,TikTok,@news_update,bahaya mencuci tangan sabun sekolah dapat menghapus sidik jari siswa,1,
5693,Instagram,@faktakita,siswa hafal lagu hymne guru dilarang mengikuti ujian akhir semester,1,
5694,YouTube,Kemdikbud RI,pidato mendikbudristek peringatan hari guru nasional tahun,0,
5695,WhatsApp,Grup Guru,surat edaran guru wajib menyisihkan gaji biaya perjalanan dinas dinas,1,
5696,Facebook,Viral Edu,kemenkeu cairkan dana bonus akhir tahun rp juta pelajar pemegang kip,1,
5697,X (Twitter),@LeakIndo,dana bos sekolah daerah dialihkan menutupi kerugian bumn,1,
5698,TikTok,@berita_edu,berita gembira nadiem beri saldo wallet rp ribu khusus hari guru,1,
5699,CNBC Indonesia,@cnbcindonesia,sri mulyani belanja pendidikan fokus peningkatan kualitas sdm vokasi,0,
5700,Liputan6,@liputan6dotcom,kemendikbudristek sinkronisasi dapodik tahap akhir ditutup november,0,
5701,YouTube,Kemdikbud RI,sosialisasi pengisian penilaian kesesuaian seleksi guru pppk,0,
5702,Instagram,@kemdikbud.ri,menerima memberi guru indonesia teruslah mengabdi melahirkan generasi hebat,0,
5703,LinkedIn,Analis Publik,efisiensi belanja alat peraga pendidikan digitalisasi siplah,0,
5704,Antara News,@antaranews,kemendiktisaintek mahasiswa kip kuliah wajib perbarui data akademik,0,
5705,Kompas.com,@kompascom,nadiem guru penggerak pemimpin pembelajaran masa,0,
5706,Detik.com,@detikcom,audit bpk digitalisasi penyaluran pip berhasil tekan angka pungli,0,
5707,Republika,@republikaonline,kemendikbudristek klaim efisiensi biaya rapat rp triliun zoom,0,
5708,CNN Indonesia,@CNNIndonesia,mendikbudristek sekolah dilarang menahan rapor siswa uang kas,0,
5709,WhatsApp,Grup RT,link subsidi kacamata gratis siswa mampu klik bit ly kacamata,1,
5710,Facebook,Info Beasiswa,beasiswa full swiss tanpa tes khusus pendaftaran november,1,
5711,X (Twitter),@Netizen_News,skandal dana pembangunan laboratorium kampus dipakai membeli saham pribadi,1,
5712,TikTok,@berita_panas,berita duka dana tunjangan sertifikasi dihapus mulai desember,1,
5713,Instagram,@cekfakta_id,video nadiem mengatakan guru boleh mengajar sma,1,
5714,WhatsApp,Forwarded,link subsidi uang saku mahasiswa semester rp juta klik bit ly,1,
5715,Facebook,Kabar Guru,syarat tpg guru wajib mengunggah bukti pembelian majalah dinas bulanan,1,
5716,X (Twitter),@PolitikUpdate,sisa anggaran sekolah wajib disetor membiayai ulang tahun partai,1,
5717,TikTok,@vlogger_politik,terbongkar dana beasiswa kip kuliah dipakai kampanye digital,1,
5718,Instagram,@stophoax,pendaftaran beasiswa negeri jalur cepat tanpa tes tertulis,1,
5719,Tempo.co,@tempodotco,kemendikbudristek optimalkan anggaran penggabungan balai penjaminan,0,
5720,Media Indonesia,@mediaindonesia,mendikbudristek implementasi kurikulum merdeka fokus literasi numerasi,0,
5721,YouTube,@infopendidikan,cek hasil seleksi administrasi pppk guru tahun,0,
5722,LinkedIn,Praktisi Edukasi,penghematan biaya seminar guru pemanfaatan platform digital,0,
5723,Antara News,@antaranews,kemendiktisaintek skema matching fund fokus inovasi teknologi,0,
5724,Kompas.com,@kompascom,nadiem makarim kualitas lulusan vokasi harus relevan industri,0,
5725,Detik.com,@detikcom,pemerintah salurkan bantuan dana darurat sekolah terdampak angin kencang,0,
5726,Republika,@republikaonline,kemenkeu efisiensi dana pendidikan capai sistem reporting,0,
5727,CNN Indonesia,@CNNIndonesia,mendikbudristek tegaskan penghapusan mata pelajaran seni budaya,0,
5728,CNBC Indonesia,@cnbcindonesia,sri mulyani belanja pendidikan november fokus sarana laboratorium sma,0,
5729,Kompas.com,@kompascom,kemendikbudristek pastikan dana bos tahap tersalurkan,0,
5730,Detik.com,@detikcom,nadiem program kampus merdeka tingkatkan kesempatan kerja mahasiswa,0,
5731,Antara News,@antaranews,bkn data guru honorer masuk database verifikasi berlapis,0,
5732,Republika,@republikaonline,efisiensi anggaran pengalihan pelatihan tatap muka daring hemat miliaran,0,
5733,CNN Indonesia,@CNNIndonesia,mendikbudristek sekolah penggerak menjadi contoh transformasi pendidikan,0,
5734,Tempo.co,@tempodotco,kemendikbudristek integrasikan data dapodik nik pip,0,
5735,Media Indonesia,@mediaindonesia,pemerintah targetkan digitalisasi laporan dana bos portal arkas,0,
5736,CNBC Indonesia,@cnbcindonesia,sri mulyani investasi pendidikan kunci utama pertumbuhan ekonomi jangka panjang,0,
5737,YouTube,@infopendidikan,panduan sinkronisasi data siswa penerima beasiswa pip semester ganjil,0,
5738,Instagram,@kemdikbud.ri,selamat hari guru nasional bakti guru negeri merdeka belajar,0,
5739,LinkedIn,Praktisi Edukasi,mengurangi biaya operasional kampus sistem perpustakaan cloud,0,
5740,Antara News,@antaranews,kemendiktisaintek skema matching fund dukung inovasi alat kesehatan nasional,0,
5741,Kompas.com,@kompascom,nadiem guru harus berani melakukan inovasi pembelajaran era digital,0,
5742,Detik.com,@detikcom,audit bpk pemanfaatan siplah berhasil menurunkan risiko korupsi dana bos,0,
5743,Republika,@republikaonline,kemendikbudristek pangkas biaya distribusi buku pelajaran book,0,
5744,CNN Indonesia,@CNNIndonesia,mendikbud implementasi kurikulum merdeka sma meningkatkan minat belajar,0,
5745,Kompas.com,@kompascom,bkn pastikan data tenaga honorer masuk finalisasi pendataan,0,
5746,Detik.com,@detikcom,nadiem makarim digitalisasi sekolah mempercepat pencairan tunjangan guru,0,
5747,Antara News,@antaranews,pemerintah salurkan dana bantuan perpustakaan wilayah terpencil,0,
5748,CNN Indonesia,@CNNIndonesia,audit bpk temukan efisiensi pengadaan alat praktik smk capai,0,
5749,Republika,@republikaonline,kemendikbudristek pantau dana bosp dashboard digital terintegrasi,0,
5750,Tempo.co,@tempodotco,kemendikbudristek hemat rp triliun sistem procurement,0,
5751,Media Indonesia,@mediaindonesia,mendikbudristek evaluasi pendidikan kini berbasis data rapor pendidikan,0,
5752,CNBC Indonesia,@cnbcindonesia,sri mulyani alokasi dana pendidikan apbn tetap menjadi prioritas,0,
5753,YouTube,@pendidikankita,inovasi digital sekolah kelola aset tanpa biaya tambahan,0,
5754,Instagram,@kemdikbud.ri,segera aktivasi akun belajar id akses platform merdeka mengajar,0,
5755,LinkedIn,Praktisi Edukasi,dampak pengalihan anggaran seminar hibah penelitian riset terapan,0,
5756,Antara News,@antaranews,kemendiktisaintek skema dana padanan riset dorong kolaborasi internasional,0,
5757,Kompas.com,@kompascom,nadiem makarim digitalisasi sekolah kunci utama transparansi dana bos,0,
5758,Detik.com,@detikcom,pemerintah targetkan guru memiliki sertifikat kompetensi digital,0,
5759,Republika,@republikaonline,kemendikbudristek permudah sertifikasi guru portal data,0,
5760,CNN Indonesia,@CNNIndonesia,nadiem integrasi data pendidikan kurangi risiko tumpang tindih dana,0,
5761,Tempo.co,@tempodotco,efisiensi anggaran kemendikbud pangkas biaya sewa ruang hotel rapat,0,
5762,Antara News,@antaranews,kemendiktisaintek beasiswa lpdp fokus tenaga medis pendidik,0,
5763,Kompas.com,@kompascom,nadiem kurikulum merdeka memberikan fleksibilitas guru penggerak,0,
5764,Detik.com,@detikcom,pemerintah alokasikan rp triliun dana abadi pendidikan nasional,0,
5765,Kompas.com,@kompascom,kemendikbudristek salurkan dana perbaikan gedung sekolah pasca banjir,0,
5766,Detik.com,@detikcom,nadiem digitalisasi pendidikan percepat penyaluran tunjangan guru honorer,0,
5767,Antara News,@antaranews,pemerintah prioritaskan dana pendidikan wilayah pasca pandemi,0,
5768,CNN Indonesia,@CNNIndonesia,audit bpk penyerapan anggaran pelatihan guru capai target nasional,0,
5769,Republika,@republikaonline,kemendikbudristek pantau dana bosp dashboard digital nasional,0,
5770,Tempo.co,@tempodotco,efisiensi birokrasi integrasi sistem data guru hemat anggaran miliaran,0,
5771,Media Indonesia,@mediaindonesia,mendikbudristek sekolah boleh gelar kegiatan ruang prokes,0,
5772,CNBC Indonesia,@cnbcindonesia,realisasi belanja fungsi pendidikan november berjalan target,0,
5773,YouTube,@kabarpendidikan,tutorial pengisian dashboard arkas bendahara sekolah menengah,0,
5774,Instagram,@kemdikbud.ri,selamat juta siswa terdaftar penerima pip tahap tahun,0,
5775,LinkedIn,Praktisi Edukasi,digitalisasi administrasi sekolah terbukti menurunkan biaya operasional,0,
5776,Antara News,@antaranews,kemendiktisaintek program matching fund dukung riset mobil listrik,0,
5777,Kompas.com,@kompascom,pemerintah beri insentif sekolah tata kelola bos terbaik,0,
5778,Detik.com,@detikcom,nadiem teknologi alat utama efisiensi anggaran pendidikan,0,
5779,WhatsApp,Grup Sekolah,biaya pengesahan ijazah kantor dinas pendidikan sebesar rp ribu,1,
5780,Facebook,Viral News,dana bos tahap dibatalkan anggaran dialihkan subsidi bbm,1,
5781,X (Twitter),@LeakIndo,terungkap dana pendidikan dipakai membeli fasilitas apartemen pejabat,1,
5782,TikTok,@news_update,bahaya pemakaian laptop sekolah dapat mengeluarkan gas beracun ruangan,1,
5783,Instagram,@fakta_edu,mahasiswa kip kuliah wajib menabung uang sakunya bank milik kampus,1,
5784,YouTube,@berita_sekolah,kemendikbud resmi umumkan libur semester ganjil ditambah jadi bulan,1,
5785,WhatsApp,Grup RT,sekolah memasang spanduk hari guru dicabut dana bos,1,
5786,Facebook,Info Cepat,beasiswa jepang ditutup hubungan diplomatik memburuk per november,1,
5787,X (Twitter),@Netizen_News,skandal dana pengadaan tablet siswa dipakai membeli aksesori,1,
5788,TikTok,@berita_panas,berita duka guru honorer dihapus per november,1,
5789,WhatsApp,Forwarded,link subsidi pulsa belajar gb klik bit ly pulsa hgn,1,
5790,Facebook,Kabar Guru,sertifikat pendidik wajib diperpanjang tahun biaya admin,1,
5791,X (Twitter),@PolitikNews,dana bos tahap macet anggaran dipakai membayar listrik negara,1,
5792,TikTok,@vlogger_edu,mulai desember siswa tanpa kartu pintar digital dilarang masuk sekolah,1,
5793,Instagram,@cekfakta_id,video nadiem mengatakan guru diganti robot ai per januari,1,
5794,WhatsApp,Grup Guru,iuran wajib guru peringatan hari guru nasional rp ribu per orang,1,
5795,Facebook,Info Beasiswa,beasiswa full inggris jalur khusus pendaftar hari guru,1,
5796,X (Twitter),@RakyatUpdate,dana pendidikan rp triliun dialihkan membeli mobil listrik dinas,1,
5797,TikTok,@berita_edu,berita gembira nadiem berikan saldo dana rp ribu share post,1,
5798,Instagram,@stophoax,link pendaftaran beasiswa negeri jalur tiket pesawat gratis,1,
5799,WhatsApp,Forwarded,link subsidi uang transportasi siswa rp ribu klik bit ly trans pelajar,1,
5800,Facebook,Kabar Guru,syarat tpg guru wajib unggah foto upacara hari guru medsos,1,
5801,X (Twitter),@PolitikUpdate,sisa anggaran gedung sekolah dipakai membeli pakaian dinas mewah pejabat,1,
5802,TikTok,@vlogger_politik,terbongkar dana pendidikan nasional lari kontraktor negeri,1,
5803,Instagram,@faktakita,siswa terlambat menit langsung dikeluarkan sekolah,1,
5804,YouTube,@infopendidikan,panduan pengajuan sanggah hasil seleksi administrasi pppk guru,0,
5805,LinkedIn,Praktisi Edukasi,dampak penghematan biaya listrik kampus smart building,0,
5806,Antara News,@antaranews,kemendiktisaintek mahasiswa magang merdeka mulai mendapatkan sertifikat,0,
5807,Kompas.com,@kompascom,nadiem makarim program wirausaha merdeka targetkan mahasiswa,0,
5808,Detik.com,@detikcom,pemerintah salurkan bantuan dana darurat sekolah terdampak gempa,0,
5809,Republika,@republikaonline,kemenkeu efisiensi dana pendidikan capai sistem data,0,
5810,CNN Indonesia,@CNNIndonesia,mendikbudristek tegaskan penghapusan mata pelajaran sejarah,0,
5811,CNBC Indonesia,@cnbcindonesia,sri mulyani belanja pendidikan november fokus kualitas guru,0,
5812,WhatsApp,Grup Sekolah,biaya pendaftaran ujian akhir semester ganjil sebesar rp ribu,1,
5813,Facebook,Viral News,dana bos tahap macet anggaran dipakai membayar utang negeri,1,
5814,X (Twitter),@LeakIndo,terungkap dana pendidikan dipakai membeli perhiasan mewah istri pejabat,1,
5815,TikTok,@news_update,bahaya tinta stempel ijazah mengandung bahan kimia merusak kulit,1,
5816,Instagram,@fakta_edu,mahasiswa kip kuliah wajib menabung uang sakunya bank rekanan,1,
5817,YouTube,@berita_sekolah,kemendikbud resmi umumkan libur natal ditambah jadi minggu penuh,1,
5818,WhatsApp,Grup RT,sekolah mengadakan acara perpisahan hotel ditegur,1,
5819,Facebook,Info Cepat,beasiswa taiwan ditutup hubungan diplomatik memburuk,1,
5820,X (Twitter),@Netizen_News,skandal dana pengadaan alat peraga smk barang bekas,1,
5821,TikTok,@berita_panas,berita duka sekolah biasa slb ditutup mulai,1,
5822,Instagram,@cekfakta_id,video nadiem mengatakan guru diganti mentor ai lolos,1,
5823,Republika,@republikaonline,kemendikbudristek pangkas birokrasi sertifikasi portal data,0,
5824,WhatsApp,Forwarded,link subsidi uang saku mahasiswa semester rp juta klik bit ly,1,
5825,Facebook,Kabar Guru,guru membeli majalah pendidikan pusat dipersulit,1,
5826,X (Twitter),@PolitikNews,dana bos tahap macet kas negara dipakai membayar utang,1,
5827,TikTok,@vlogger_edu,mulai desember siswa tanpa kartu sehat dilarang masuk sekolah,1,
5828,Instagram,@cekfakta_id,video nadiem mengatakan kantin sekolah boleh menjual menu rebusan,1,
5829,Kompas.com,@kompascom,kemendikbudristek sekolah bersiap masuki libur semester ganjil,0,
5830,Detik.com,@detikcom,nadiem makarim penyerapan anggaran pendidikan capai target,0,
5831,WhatsApp,Grup Sekolah,link subsidi uang liburan rp ribu siswa kemdikbud,1,
5832,Facebook,Info Guru,aturan guru wajib piket sekolah selama libur natal tahun,1,
5833,Antara News,@antaranews,kemendikbudristek pengumuman hasil seleksi administrasi pppk guru tahap akhir,0,
5834,CNBC Indonesia,@cnbcindonesia,sri mulyani alokasi dana pendidikan fokus penguatan vokasi,0,
5835,X (Twitter),@PolitikUpdate,dana renovasi sekolah akhir tahun rp triliun menguap proyek fiktif,1,
5836,TikTok,@vlogger_edu,berita buruk mulai januari siswa sma libur hari sabtu,1,
5837,Republika,@republikaonline,efisiensi anggaran digitalisasi rapor rapor hemat biaya cetak miliaran,0,
5838,CNN Indonesia,@CNNIndonesia,nadiem evaluasi kurikulum merdeka menunjukkan pemulihan literasi siswa,0,
5839,WhatsApp,Forwarded,link subsidi paket data liburan gb kominfo klik bit ly kuota des,1,
5840,Facebook,Info Cepat,mulai siswa wajib menggunakan seragam berpemanas otomatis,1,
5841,X (Twitter),@EduLeaks,bocoran pemerintah menghapus madrasah kemenag,1,
5842,TikTok,@news_update,bahaya kertas rapor digital mengandung radiasi merusak saraf tangan,1,
5843,Instagram,@faktakita,siswa nilai rapornya wajib membayar denda rp ribu,1,
5844,YouTube,Kemdikbud RI,refleksi akhir tahun capaian merdeka belajar sepanjang tahun,0,
5845,WhatsApp,Grup Guru,surat perintah guru wajib menyumbang rp ribu acara pejabat,1,
5846,Facebook,Viral Edu,kemenkeu cairkan bonus rapor rp juta pemegang kartu kip,1,
5847,X (Twitter),@LeakIndo,dana bos semester ganjil dipakai membayar hutang kereta cepat,1,
5848,TikTok,@berita_edu,berita gembira nadiem berikan hadiah laptop siswa juara umum,1,
5849,CNBC Indonesia,@cnbcindonesia,sri mulyani belanja pendidikan desember fokus penuntasan sertifikasi,0,
5850,Liputan6,@liputan6dotcom,kemendikbudristek sekolah dihimbau tetap disiplin prokes jelang libur,0,
5851,YouTube,Kemdikbud RI,tutorial sinkronisasi terakhir aplikasi dapodik versi,0,
5852,Instagram,@kemdikbud.ri,selamat berlibur gunakan libur berkumpul keluarga,0,
5853,LinkedIn,Analis Publik,efisiensi belanja operasional sekolah integrasi portal siplah,0,
5854,Antara News,@antaranews,kemendiktisaintek mahasiswa penerima kip kuliah mulai menerima dana,0,
5855,Kompas.com,@kompascom,nadiem digitalisasi pendidikan percepat penyaluran tunjangan guru,0,
5856,Detik.com,@detikcom,audit bpk efisiensi pengadaan alat praktik smk tahun baik,0,
5857,Republika,@republikaonline,kemendikbudristek klaim hemat rp triliun sistem reporting,0,
5858,CNN Indonesia,@CNNIndonesia,mendikbudristek sekolah dilarang menahan rapor siswa biaya,0,
5859,WhatsApp,Grup RT,link subsidi kacamata gratis siswa korban game online klik bit ly,1,
5860,Facebook,Info Beasiswa,beasiswa full kanada jalur khusus malam tahun,1,
5861,X (Twitter),@Netizen_News,skandal kepala sekolah diwajibkan menyetor dana bos kas daerah,1,
5862,TikTok,@berita_panas,berita duka guru honorer diberhentikan massal akhir tahun,1,
5863,Instagram,@cekfakta_id,video nadiem mengatakan kantin sekolah boleh menjual air mineral,1,
5864,WhatsApp,Forwarded,link subsidi uang saku mahasiswa semester genap rp juta,1,
5865,Facebook,Kabar Guru,syarat tpg guru wajib unggah video resolusi tahun,1,
5866,X (Twitter),@PolitikUpdate,sisa anggaran riset kampus digunakan pesta kembang api,1,
5867,TikTok,@vlogger_politik,terbongkar dana pendidikan dialokasikan membeli mobil pejabat,1,
5868,Instagram,@stophoax,pendaftaran beasiswa kedokteran gratis tanpa syarat ipk,1,
5869,Tempo.co,@tempodotco,kemendikbudristek optimalkan anggaran penggabungan upt,0,
5870,Media Indonesia,@mediaindonesia,mendikbudristek evaluasi pendidikan menunjukkan tren literasi naik,0,
5871,YouTube,@infopendidikan,cek nama penerima tpg triwulan iv cair bulan desember,0,
5872,LinkedIn,Praktisi Edukasi,penghematan biaya gedung sekolah monitoring digital,0,
5873,Antara News,@antaranews,kemendiktisaintek program kedaireka capai rekor kolaborasi,0,
5874,Kompas.com,@kompascom,nadiem makarim kualitas pengajaran harus inovatif,0,
5875,Detik.com,@detikcom,pemerintah salurkan bantuan dana rehabilitasi sekolah terdampak gempa,0,
5876,Republika,@republikaonline,kemenkeu efisiensi dana pendidikan capai target,0,
5877,CNN Indonesia,@CNNIndonesia,mendikbudristek tegaskan penghapusan mata pelajaran fisika,0,
5878,CNBC Indonesia,@cnbcindonesia,sri mulyani belanja pendidikan desember fokus tunjangan guru,0,
5879,Kompas.com,@kompascom,kemendikbudristek penyaluran pip tahap akhir selesai desember,0,
5880,Detik.com,@detikcom,nadiem program msib berhasil beri pengalaman kerja ribu siswa,0,
5881,Antara News,@antaranews,bkn hasil sanggah tenaga non asn diumumkan pekan desember,0,
5882,Republika,@republikaonline,efisiensi anggaran pengadaan buku digital kurangi biaya cetak,0,
5883,CNN Indonesia,@CNNIndonesia,mendikbudristek pengangkatan pppk guru berlanjut,0,
5884,Tempo.co,@tempodotco,kemendikbudristek dorong sekolah gunakan energi surya hemat biaya,0,
5885,Media Indonesia,@mediaindonesia,pemerintah luncurkan dashboard pemantauan dana bos real time,0,
5886,CNBC Indonesia,@cnbcindonesia,sri mulyani dana abadi pendidikan mencapai rp triliun akhir,0,
5887,YouTube,@kabarpendidikan,panduan teknis pengisian rapor kurikulum merdeka tahun,0,
5888,Instagram,@kemdikbud.ri,selamat hari ibu peran ibu penting pendidikan karakter,0,
5889,LinkedIn,Praktisi Edukasi,analisis digitalisasi sekolah menurunkan biaya logistik administrasi,0,
5890,Antara News,@antaranews,kemendiktisaintek skema dana padanan riset dukung inovasi pangan,0,
5891,Kompas.com,@kompascom,nadiem platform merdeka mengajar membantu guru beradaptasi,0,
5892,Detik.com,@detikcom,pemerintah beri penghargaan sekolah literasi terbaik,0,
5893,Republika,@republikaonline,kemendikbudristek pangkas biaya monitoring evaluasi sistem app,0,
5894,CNN Indonesia,@CNNIndonesia,mendikbud vokasi harus link and match kebutuhan pasar kerja,0,
5895,Kompas.com,@kompascom,bkn pastikan keamanan data database tenaga honorer nasional,0,
5896,Detik.com,@detikcom,nadiem makarim teknologi pendidikan investasi masa,0,
5897,Antara News,@antaranews,pemerintah salurkan buku bacaan bermutu ribu paud indonesia,0,
5898,CNN Indonesia,@CNNIndonesia,audit bpk transparansi penggunaan dana bos meningkat pesat,0,
5899,Republika,@republikaonline,kemendikbudristek evaluasi kinerja dosen sister cloud,0,
5900,Tempo.co,@tempodotco,kemendikbudristek hemat rp triliun efisiensi birokrasi,0,
5901,Media Indonesia,@mediaindonesia,mendikbudristek pendidikan karakter harus menjadi budaya sekolah,0,
5902,CNBC Indonesia,@cnbcindonesia,sri mulyani anggaran pendidikan digunakan secara pruden,0,
5903,YouTube,@pendidikankita,tips mengelola dana bos akhir tahun terjadi maladministrasi,0,
5904,Instagram,@kemdikbud.ri,gunakan akun belajar id akses google workspace for education,0,
5905,LinkedIn,Praktisi Edukasi,dampak positif kampus merdeka soft skill mahasiswa,0,
5906,Antara News,@antaranews,kemendiktisaintek beasiswa lpdp segera dibuka januari,0,
5907,Kompas.com,@kompascom,nadiem makarim digitalisasi sekolah kunci utama cegah korupsi,0,
5908,Detik.com,@detikcom,pemerintah targetkan sekolah memiliki akses internet,0,
5909,Republika,@republikaonline,kemendikbudristek permudah administrasi guru portal data,0,
5910,CNN Indonesia,@CNNIndonesia,nadiem sekolah bebas tentukan materi pembelajaran kurikulum merdeka,0,
5911,Tempo.co,@tempodotco,efisiensi anggaran kemendikbud pangkas perjalanan dinas negeri,0,
5912,Antara News,@antaranews,kemendiktisaintek matching fund dorong riset teknologi digital,0,
5913,Kompas.com,@kompascom,nadiem kurikulum merdeka memberikan ruang guru berkreasi,0,
5914,Detik.com,@detikcom,pemerintah alokasikan dana inovasi smk pusat keunggulan,0,
5915,Kompas.com,@kompascom,kemendikbudristek pastikan gaji pppk guru dibayar tepat,0,
5916,Detik.com,@detikcom,nadiem inovasi pendidikan boleh berhenti pandemi usai,0,
5917,Antara News,@antaranews,pemerintah prioritaskan pembangunan ruang kelas wilayah,0,
5918,CNN Indonesia,@CNNIndonesia,audit bpk penyerapan dana pendidikan mencapai puncak desember,0,
5919,Republika,@republikaonline,kemendikbudristek pantau hasil belajar rapor pendidikan,0,
5920,Tempo.co,@tempodotco,efisiensi birokrasi integrasi sistem data guru efektif,0,
5921,Media Indonesia,@mediaindonesia,mendikbudristek sekolah harus menjadi tempat aman perundungan,0,
5922,CNBC Indonesia,@cnbcindonesia,realisasi belanja fungsi pendidikan desember capai rekor tahunan,0,
5923,YouTube,@kabarpendidikan,menutup buku arkas akhir tahun bendahara sekolah,0,
5924,Instagram,@kemdikbud.ri,pengumuman batas akhir aktivasi rekening pip desember,0,
5925,LinkedIn,Praktisi Edukasi,digitalisasi pengadaan barang sekolah menurunkan potensi mark up,0,
5926,Antara News,@antaranews,kemendiktisaintek mahasiswa magang merdeka mulai presentasi final,0,
5927,Kompas.com,@kompascom,pemerintah beri penghargaan daerah literasi digital terbaik,0,
5928,Detik.com,@detikcom,nadiem teknologi membantu guru fokus proses mengajar,0,
5929,WhatsApp,Grup Sekolah,biaya pengambilan rapor semester ganjil sebesar rp ribu per siswa,1,
5930,Facebook,Viral News,dana bos tahap akhir macet anggaran dipakai membayar utang negara,1,
5931,X (Twitter),@LeakIndo,terungkap dana pendidikan dipakai membeli perhiasan keluarga pejabat,1,
5932,TikTok,@news_update,bahaya sinar infra merah alat absensi dapat merusak otak siswa,1,
5933,Instagram,@fakta_edu,mahasiswa kip kuliah ikut acara tahun dicabut,1,
5934,YouTube,@berita_sekolah,kemendikbud resmi umumkan libur sekolah ditambah jadi minggu,1,
5935,WhatsApp,Grup RT,sekolah merayakan hari ibu ditegur dinas pendidikan,1,
5936,Facebook,Info Cepat,beasiswa china ditutup konflik dagang per desember,1,
5937,X (Twitter),@Netizen_News,skandal dana pembangunan mushola sekolah dipakai foya foya,1,
5938,TikTok,@berita_panas,berita duka guru honorer dihapus per januari,1,
5939,WhatsApp,Forwarded,link subsidi pulsa belajar gb akhir tahun klik bit ly pulsa des,1,
5940,Facebook,Kabar Guru,sertifikat pendidik wajib diperpanjang tiap tahun biaya admin,1,
5941,X (Twitter),@PolitikNews,dana bos akhir tahun macet kas negara kosong dipakai membeli jet,1,
5942,TikTok,@vlogger_edu,mulai januari siswa tanpa kartu sehat dilarang masuk sekolah,1,
5943,Instagram,@cekfakta_id,video nadiem mengatakan kantin sekolah boleh menjual menu rebusan,1,
5944,WhatsApp,Grup Guru,iuran wajib guru acara makan malam dinas rp ribu per orang,1,
5945,Facebook,Info Beasiswa,beasiswa full inggris jalur khusus malam tahun,1,
5946,X (Twitter),@RakyatUpdate,dana pendidikan rp triliun dialihkan membeli mobil mewah dinas,1,
5947,TikTok,@berita_edu,berita gembira nadiem beri saldo dana rp ribu share post,1,
5948,Instagram,@stophoax,link pendaftaran beasiswa negeri jalur tiket pesawat gratis,1,
5949,Kompas.com,@kompascom,kemendikbudristek siapkan skema transformasi dana bos tahun,0,
5950,Detik.com,@detikcom,nadiem evaluasi pisa indonesia menjadi acuan perbaikan kurikulum,0,
5951,Antara News,@antaranews,pemerintah resmikan gedung sekolah lokasi pasca bencana,0,
5952,Republika,@republikaonline,kemenkeu cairkan dana sertifikasi guru triwulan iv serentak,0,
5953,CNN Indonesia,@CNNIndonesia,nadiem pendidikan inklusif harus menjadi prioritas daerah,0,
5954,Tempo.co,@tempodotco,kemendikbudristek gunakan big data pantau kualitas pengajaran,0,
5955,Media Indonesia,@mediaindonesia,mendikbudristek mahasiswa harus siap menghadapi resesi ekonomi,0,
5956,CNBC Indonesia,@cnbcindonesia,sri mulyani belanja pendidikan efisien tepat sasaran,0,
5957,YouTube,@infopendidikan,tips mencairkan dana pip orang tua siswa bank rakyat,0,
5958,Instagram,@kemdikbud.ri,persiapan semester genap pastikan data dapodik sekolah valid,0,
5959,LinkedIn,Praktisi Edukasi,digitalisasi kampus meningkatkan akurasi data lulusan secara signifikan,0,
5960,Antara News,@antaranews,kemendiktisaintek inovasi riset universitas harus berbasis kebutuhan,0,
5961,Kompas.com,@kompascom,nadiem makarim merdeka belajar gerakan sekadar proyek,0,
5962,Detik.com,@detikcom,audit bpk penggunaan dana pendidikan akhir tahun disiplin,0,
5963,Republika,@republikaonline,kemendikbudristek hapus aturan birokrasi efisiensi kerja,0,
5964,CNN Indonesia,@CNNIndonesia,mendikbud kolaborasi guru orang tua kunci sukses belajar rumah,0,
5965,Tempo.co,@tempodotco,kemendikbudristek klaim sukses hemat rp triliun selama tahun,0,
5966,Media Indonesia,@mediaindonesia,mendikbudristek sekolah harus menjadi tempat menyenangkan siswa,0,
5967,CNBC Indonesia,@cnbcindonesia,sri mulyani alokasi dana beasiswa meningkat mahasiswa,0,
5968,YouTube,@pendidikankita,inovasi lab sekolah gunakan bahan bekas praktikum kimia,0,
5969,Instagram,@kemdikbud.ri,selamat hari natal merayakan damai bumi damai hati,0,
5970,LinkedIn,Praktisi Edukasi,kurikulum merdeka cocok menghadapi ketidakpastian,0,
5971,Antara News,@antaranews,kemendiktisaintek mahasiswa peserta msib mulai tarik data sertifikat,0,
5972,Kompas.com,@kompascom,nadiem makarim teknologi ai membantu personalisasi belajar,0,
5973,Republika,@republikaonline,kemendikbudristek pangkas birokrasi laporan portal terpadu data,0,
5974,WhatsApp,Forwarded,link subsidi pulsa belajar akhir tahun gb klik bit ly pulsa hadiah,1,
5975,Facebook,Kabar Guru,guru membeli kalender pendidikan pusat dipersulit,1,
5976,X (Twitter),@PolitikNews,dana bos akhir tahun macet kas negara digunakan membayar utang,1,
5977,TikTok,@vlogger_edu,mulai januari siswa tanpa kartu sehat dilarang masuk sekolah,1,
5978,Instagram,@cekfakta_id,video nadiem mengatakan kantin sekolah boleh menjual menu rebusan,1,
5979,Kompas.com,@kompascom,snpmb resmi dimulai siswa diminta segera membuat akun snpmb,0,
5980,Detik.com,@detikcom,nadiem makarim transformasi seleksi masuk ptn fokus penalaran,0,
5981,WhatsApp,Grup Sekolah,link subsidi alat tulis kantor rp ribu siswa klik bit ly atkur,1,
5982,Facebook,Info Guru,aturan guru honorer lulus pppk otomatis dipecat januari,1,
5983,Antara News,@antaranews,kemendikbudristek sekolah mulai terapkan kurikulum merdeka semester genap,0,
5984,CNBC Indonesia,@cnbcindonesia,sri mulyani anggaran pendidikan januari fokus penyaluran gaji guru,0,
5985,X (Twitter),@PolitikUpdate,dana gedung sekolah rp triliun dialihkan membeli helikopter pejabat,1,
5986,TikTok,@vlogger_edu,berita buruk mulai februari jam sekolah ditambah pukul sore,1,
5987,Republika,@republikaonline,efisiensi anggaran penerimaan mahasiswa digital hemat biaya kertas,0,
5988,CNN Indonesia,@CNNIndonesia,nadiem peserta snbp dikenakan biaya pendaftaran,0,
5989,WhatsApp,Forwarded,link subsidi kuota belajar gb awal tahun kemdikbud klik bit ly,1,
5990,Facebook,Info Cepat,mulai januari siswa wajib membeli laptop merek koperasi sekolah,1,
5991,X (Twitter),@EduLeaks,dokumen bocor ujian nasional un diadakan mei,1,
5992,TikTok,@news_update,bahaya radiasi scan barcode absensi sekolah dapat merusak jaringan otak,1,
5993,Instagram,@faktakita,siswa vaksin booster dilarang masuk kelas semester genap,1,
5994,YouTube,SNPMB BPPP,sosialisasi teknis pembuatan akun snpmb sekolah siswa,0,
5995,WhatsApp,Grup Guru,surat edaran guru wajib iuran rp ribu renovasi kantor dinas,1,
5996,Facebook,Viral Edu,kemenkeu cairkan dana motivasi belajar rp juta siswa sd sma,1,
5997,X (Twitter),@LeakIndo,dana bos semester genap disunat membayar bunga utang negara,1,
5998,TikTok,@berita_edu,berita gembira nadiem beri saldo dana rp ribu siswa download pmm,1,
5999,CNBC Indonesia,@cnbcindonesia,sri mulyani realisasi belanja fungsi pendidikan januari capai rp triliun,0,
6000,Liputan6,@liputan6dotcom,kemendikbudristek kuota kip kuliah diprioritaskan keluarga miskin,0,
6001,YouTube,Kemdikbud RI,webinar perencanaan berbasis data kepala sekolah tahun,0,
6002,Instagram,@kemdikbud.ri,selamat sekolah mulai semester genap semangat,0,
6003,LinkedIn,Analis Publik,efisiensi biaya operasional kampus digitalisasi sistem keuangan,0,
6004,Antara News,@antaranews,kemendiktisaintek beasiswa lpdp tahap resmi dibuka januari,0,
6005,Kompas.com,@kompascom,nadiem program kampus mengajar angkatan siap terjun daerah,0,
6006,Detik.com,@detikcom,audit bpk efisiensi penyaluran tunjangan guru tahun optimal,0,
6007,Republika,@republikaonline,kemendikbudristek hemat rp miliar rapat koordinasi hybrid,0,
6008,CNN Indonesia,@CNNIndonesia,mendikbudristek sekolah dilarang meminta pungutan perayaan tahun,0,
6009,WhatsApp,Grup RT,link pendaftaran beasiswa anak bangsa perusahaan teknologi klik bit ly,1,
6010,Facebook,Info Beasiswa,beasiswa full jerman jalur khusus tanpa sertifikat bahasa januari,1,
6011,X (Twitter),@Netizen_News,skandal oknum dinas pendidikan meminta fee dana bos sekolah,1,
6012,TikTok,@berita_panas,berita duka dana sertifikasi guru dipotong iuran kesehatan,1,
6013,Instagram,@cekfakta_id,video nadiem sebut guru honorer usianya tahun pensiun,1,
6014,WhatsApp,Forwarded,link subsidi uang transportasi mahasiswa rp ribu per bulan klik bit ly,1,
6015,Facebook,Kabar Guru,syarat sertifikasi guru wajib memiliki minimal sertifikat webinar,1,
6016,X (Twitter),@PolitikUpdate,sisa anggaran pendidikan dipakai membeli mobil tesla pejabat,1,
6017,TikTok,@vlogger_politik,terungkap dana kip kuliah dialokasikan membayar influencer negeri,1,
6018,Instagram,@stophoax,link pendaftaran beasiswa negeri jalur tiket gratis tanpa paspor,1,
6019,Tempo.co,@tempodotco,kemendikbudristek optimalkan anggaran pemanfaatan platform siplah,0,
6020,Media Indonesia,@mediaindonesia,mendikbudristek literasi numerasi harus jadi fokus utama semester genap,0,
6021,YouTube,@infopendidikan,daftar akun snpmb lengkap awal simpan permanen,0,
6022,LinkedIn,Praktisi Edukasi,penghematan biaya listrik sekolah penggunaan panel surya smk,0,
6023,Antara News,@antaranews,kemendiktisaintek skema dana padanan fokus kedaulatan pangan,0,
6024,Kompas.com,@kompascom,nadiem makarim kualitas pengajaran smk harus setara industri,0,
6025,Detik.com,@detikcom,pemerintah salurkan bantuan rehab sekolah terdampak banjir pesisir jawa,0,
6026,Republika,@republikaonline,kemenkeu efisiensi dana pendidikan januari capai target data,0,
6027,CNN Indonesia,@CNNIndonesia,mendikbudristek tegaskan penghapusan mapel sejarah kurikulum,0,
6028,CNBC Indonesia,@cnbcindonesia,sri mulyani belanja pendidikan diarahkan kurangi kesenjangan,0,
6029,Kompas.com,@kompascom,kemendikbudristek pastikan dana bos cair mekanisme,0,
6030,Detik.com,@detikcom,nadiem program wirausaha merdeka targetkan mahasiswa,0,
6031,Antara News,@antaranews,bkn pendataan non asn selesai fokus seleksi pppk,0,
6032,Republika,@republikaonline,efisiensi anggaran digitalisasi sistem ujian sekolah hemat biaya,0,
6033,CNN Indonesia,@CNNIndonesia,mendikbudristek sekolah penggerak kini memasuki angkatan,0,
6034,Tempo.co,@tempodotco,kemendikbudristek integrasikan data dapodik nik akurasi kip,0,
6035,Media Indonesia,@mediaindonesia,pemerintah targetkan digitalisasi laporan keuangan sekolah selesai,0,
6036,CNBC Indonesia,@cnbcindonesia,sri mulyani dana abadi kebudayaan mulai disalurkan seniman muda,0,
6037,YouTube,@infopendidikan,tutorial sinkronisasi dapodik semester genap tahun ajaran,0,
6038,Instagram,@kemdikbud.ri,berita gembira pendaftaran beasiswa lpdp tahap dibuka,0,
6039,LinkedIn,Praktisi Edukasi,mengurangi biaya operasional sekolah cloud administration,0,
6040,Antara News,@antaranews,kemendiktisaintek riset teknologi chip nasional dapatkan pendanaan besar,0,
6041,Kompas.com,@kompascom,nadiem guru harus mengerti menggunakan rapor pendidikan evaluasi,0,
6042,Detik.com,@detikcom,audit bpk penyaluran dana bos tahun dinilai transparan,0,
6043,Republika,@republikaonline,kemendikbudristek pangkas biaya monitoring dashboard digital,0,
6044,CNN Indonesia,@CNNIndonesia,mendikbud mahasiswa semester dapat mengambil magang merdeka bersertifikat,0,
6045,Kompas.com,@kompascom,bkn tegaskan pengangkatan honorer jadi pns tanpa seleksi,0,
6046,Detik.com,@detikcom,nadiem makarim platform merdeka mengajar membantu guru berkolaborasi,0,
6047,Antara News,@antaranews,pemerintah salurkan bantuan alat praktik laboratorium smk unggulan,0,
6048,CNN Indonesia,@CNNIndonesia,audit bpk temukan efisiensi pengadaan buku teks pelajaran capai,0,
6049,Republika,@republikaonline,kemendikbudristek pantau dana bosp arkas simpel,0,
6050,Tempo.co,@tempodotco,kemendikbudristek hemat rp triliun purchasing selama januari,0,
6051,Media Indonesia,@mediaindonesia,mendikbudristek sekolah dihimbau bentuk tim pencegahan kekerasan tppk,0,
6052,CNBC Indonesia,@cnbcindonesia,sri mulyani alokasi dana pendidikan apbn tetap jadi prioritas utama,0,
6053,YouTube,@pendidikankita,inovasi digital sekolah kelola inventaris berbasis qr code gratis,0,
6054,Instagram,@kemdikbud.ri,segera aktivasi akun belajar id akses fitur premium google,0,
6055,LinkedIn,Praktisi Edukasi,dampak positif digitalisasi penghematan atk kantor sekolah,0,
6056,Antara News,@antaranews,kemendiktisaintek skema matching fund dukung inovasi pertanian modern,0,
6057,Kompas.com,@kompascom,nadiem makarim digitalisasi sekolah kunci transparansi dana bos daerah,0,
6058,Detik.com,@detikcom,pemerintah targetkan guru memiliki sertifikat literasi digital,0,
6059,Republika,@republikaonline,kemendikbudristek permudah sertifikasi guru sistem data,0,
6060,CNN Indonesia,@CNNIndonesia,nadiem integrasi data pendidikan mempercepat verifikasi penerima kip,0,
6061,Tempo.co,@tempodotco,efisiensi anggaran kemendikbud pangkas biaya sewa hotel seminar,0,
6062,Antara News,@antaranews,kemendiktisaintek beasiswa lpdp prioritaskan bidang sains teknologi,0,
6063,Kompas.com,@kompascom,nadiem kurikulum merdeka memberikan fleksibilitas biasa guru,0,
6064,Detik.com,@detikcom,pemerintah alokasikan rp triliun dana abadi pendidikan,0,
6065,Kompas.com,@kompascom,kemendikbudristek salurkan dana perbaikan sekolah pasca angin puting beliung,0,
6066,Detik.com,@detikcom,nadiem digitalisasi pendidikan percepat penyaluran tunjangan guru honorer,0,
6067,Antara News,@antaranews,pemerintah prioritaskan dana pendidikan wilayah perbatasan kalimantan,0,
6068,CNN Indonesia,@CNNIndonesia,audit bpk penyerapan anggaran fungsi pendidikan januari berjalan lancar,0,
6069,Republika,@republikaonline,kemendikbudristek pantau dana bosp dashboard terpadu nasional,0,
6070,Tempo.co,@tempodotco,efisiensi birokrasi integrasi sistem data guru menghemat biaya administrasi,0,
6071,Media Indonesia,@mediaindonesia,mendikbudristek sekolah inklusif harus menjadi budaya pendidikan indonesia,0,
6072,CNBC Indonesia,@cnbcindonesia,realisasi belanja fungsi pendidikan januari menopang pemulihan sektor jasa,0,
6073,YouTube,@kabarpendidikan,tutorial pengelolaan dana hibah penelitian dosen muda tahun,0,
6074,Instagram,@kemdikbud.ri,selamat juta siswa terdaftar calon penerima pip,0,
6075,LinkedIn,Praktisi Edukasi,digitalisasi sekolah membantu menurunkan biaya logistik pengadaan barang,0,
6076,Antara News,@antaranews,kemendiktisaintek program matching fund dorong inovasi energi terbarukan,0,
6077,Kompas.com,@kompascom,pemerintah beri penghargaan sekolah tata kelola bos terbaik,0,
6078,Detik.com,@detikcom,nadiem teknologi pendidikan membantu guru melakukan diferensiasi belajar,0,
6079,WhatsApp,Grup Sekolah,biaya administrasi masuk sekolah semester genap rp ribu per siswa,1,
6080,Facebook,Viral News,dana bos cair januari macet anggaran dipakai membayar hutang bumn,1,
6081,X (Twitter),@LeakIndo,terungkap dana pendidikan dipakai membeli properti mewah istri pejabat pusat,1,
6082,TikTok,@news_update,bahaya sinyal bluetooth ruang kelas dapat mengurangi kecerdasan anak,1,
6083,Instagram,@fakta_edu,mahasiswa kip kuliah membeli laptop merek dicabut beasiswanya,1,
6084,YouTube,@berita_sekolah,kemendikbud resmi hapus seragam merah putih per februari,1,
6085,WhatsApp,Grup RT,sekolah ikut gerakan sekolah sehat dipotong dana bos,1,
6086,Facebook,Info Cepat,beasiswa australia ditutup sementara masalah keamanan januari,1,
6087,X (Twitter),@Netizen_News,skandal dana pembangunan laboratorium komputer barang bekas,1,
6088,TikTok,@berita_panas,berita duka guru honorer dihapuskan per januari,1,
6089,WhatsApp,Forwarded,link subsidi pulsa belajar gb tahun klik bit ly pulsa jan,1,
6090,Facebook,Kabar Guru,sertifikat pendidik wajib diperbarui tiap tahun biaya registrasi,1,
6091,X (Twitter),@PolitikNews,dana bos macet kas negara kosong dipakai membeli jet pribadi pejabat,1,
6092,TikTok,@vlogger_edu,mulai februari siswa tanpa kartu pintar dilarang masuk sekolah,1,
6093,Instagram,@cekfakta_id,video nadiem sebut guru diganti robot ai per juli secara massal,1,
6094,WhatsApp,Grup Guru,iuran wajib guru dana darurat bencana dinas rp ribu per orang,1,
6095,Facebook,Info Beasiswa,beasiswa full amerika jalur khusus pendaftar tanggal januari,1,
6096,X (Twitter),@RakyatUpdate,dana pendidikan rp triliun dialihkan membeli mobil listrik dinas,1,
6097,TikTok,@berita_edu,berita gembira nadiem beri saldo dana rp ribu share post,1,
6098,Instagram,@stophoax,link pendaftaran beasiswa negeri jalur tiket pesawat gratis,1,
6099,Kompas.com,@kompascom,kemendikbudristek skema penyaluran dana bos fleksibel,0,
6100,Detik.com,@detikcom,nadiem evaluasi pisa menjadi dasar utama perbaikan kurikulum merdeka,0,
6101,Antara News,@antaranews,pemerintah resmikan sekolah wilayah terdepan indonesia,0,
6102,Republika,@republikaonline,kemenkeu cairkan dana sertifikasi guru triwulan akhir tertunda,0,
6103,CNN Indonesia,@CNNIndonesia,nadiem pendidikan inklusif harus diterapkan tanpa terkecuali jenjang,0,
6104,Tempo.co,@tempodotco,kemendikbudristek gunakan kecerdasan buatan analisis rapor pendidikan,0,
6105,Media Indonesia,@mediaindonesia,mendikbudristek mahasiswa harus siap beradaptasi revolusi ai,0,
6106,CNBC Indonesia,@cnbcindonesia,sri mulyani belanja pendidikan fokus kualitas pengajar fasilitas,0,
6107,YouTube,@infopendidikan,tips mencairkan dana pip siswa memiliki buku tabungan,0,
6108,Instagram,@kemdikbud.ri,persiapan semester genap pastikan data sekolah update dapodik,0,
6109,LinkedIn,Praktisi Edukasi,digitalisasi kampus meningkatkan akurasi data mahasiswa secara real time,0,
6110,Antara News,@antaranews,kemendiktisaintek inovasi riset universitas harus solutif masalah bangsa,0,
6111,Kompas.com,@kompascom,nadiem makarim merdeka belajar transformasi mental pendidik,0,
6112,Detik.com,@detikcom,audit bpk penggunaan dana pendidikan awal tahun disiplin,0,
6113,Republika,@republikaonline,kemendikbudristek hapus aturan birokrasi mempercepat pelayanan,0,
6114,CNN Indonesia,@CNNIndonesia,mendikbud kerja guru orang tua kunci sukses pendidikan anak,0,
6115,Tempo.co,@tempodotco,kemendikbudristek klaim hemat rp triliun digitalisasi tahun,0,
6116,Media Indonesia,@mediaindonesia,mendikbudristek lingkungan sekolah harus bebas praktik intoleransi,0,
6117,CNBC Indonesia,@cnbcindonesia,sri mulyani dana beasiswa lpdp ditambah menjangkau peserta,0,
6118,YouTube,@pendidikankita,inovasi lab sekolah membuat alat praktikum sederhana barang bekas,0,
6119,Instagram,@kemdikbud.ri,selamat hari gizi nasional dukung kantin sehat lingkungan sekolah,0,
6120,LinkedIn,Praktisi Edukasi,kurikulum merdeka cocok karakteristik siswa gen,0,
6121,Antara News,@antaranews,kemendiktisaintek mahasiswa peserta magang merdeka siap onboarding,0,
6122,Kompas.com,@kompascom,nadiem makarim pemanfaatan teknologi ai membantu personalisasi belajar,0,
6123,Republika,@republikaonline,kemendikbudristek pangkas birokrasi sertifikasi sistem online,0,
6124,WhatsApp,Forwarded,link subsidi uang saku mahasiswa semester rp juta klik bit ly,1,
6125,Facebook,Kabar Guru,guru membeli kaos persatuan dinas dipersulit kenaikan pangkat,1,
6126,X (Twitter),@PolitikNews,dana bos macet kas negara dipakai membayar cicilan utang ikn,1,
6127,TikTok,@vlogger_edu,mulai februari siswa tanpa kartu sehat digital dilarang masuk sekolah,1,
6128,Instagram,@cekfakta_id,video nadiem sebut kantin sekolah dilarang menjual minuman berpemanis per februari,1,
6129,Kompas.com,@kompascom,pendaftaran snbp resmi dibuka siswa eligible segera finalisasi,0,
6130,Detik.com,@detikcom,nadiem aturan snbp memungkinkan siswa pilih prodi lintas jurusan,0,
6131,WhatsApp,Grup Sekolah,link subsidi uang saku snbp rp juta pendaftar klik bit ly,1,
6132,Facebook,Info Guru,berita buruk guru menggunakan pmm februari gaji ditunda,1,
6133,Antara News,@antaranews,kemendikbudristek penyaluran dana bosp tahap mulai masuk sekolah,0,
6134,CNBC Indonesia,@cnbcindonesia,sri mulyani anggaran pendidikan februari difokuskan sarana tik,0,
6135,X (Twitter),@PolitikUpdate,dana penelitian universitas rp triliun digunakan biaya operasional partai,1,
6136,TikTok,@vlogger_edu,bocoran mulai maret siswa wajib membayar pajak pendidikan,1,
6137,Republika,@republikaonline,efisiensi anggaran kemendikbud pangkas biaya cetak modul daerah,0,
6138,CNN Indonesia,@CNNIndonesia,nadiem pendaftaran lpdp tahap ditutup februari,0,
6139,WhatsApp,Forwarded,link kuota internet gratis gb edisi februari kemdikbud klik bit ly,1,
6140,Facebook,Info Cepat,mulai februari ijazah berlaku tahun wajib diperpanjang,1,
6141,X (Twitter),@EduLeaks,dokumen bocor pemerintah menutup jurusan ips sma,1,
6142,TikTok,@news_update,bahaya lampu led ruang kelas dapat mengakibatkan kerusakan penglihatan,1,
6143,Instagram,@faktakita,siswa lapor pajak orang tua dilarang ikut ujian sekolah,1,
6144,YouTube,Kemdikbud RI,sosialisasi mekanisme penyaluran dana bosp cepat,0,
6145,WhatsApp,Grup Guru,surat edaran guru wajib membeli buku biografi pejabat rp ribu,1,
6146,Facebook,Viral Edu,kemenkeu cairkan blt pelajar rp juta khusus pemilik kartu vaksin,1,
6147,X (Twitter),@LeakIndo,dana beasiswa lpdp dipakai menutupi hutang pembangunan sirkuit,1,
6148,TikTok,@berita_edu,berita gembira nadiem beri iphone gratis siswa nilai rata rata,1,
6149,CNBC Indonesia,@cnbcindonesia,sri mulyani belanja fungsi pendidikan februari on track,0,
6150,Liputan6,@liputan6dotcom,kemendikbudristek februari diperingati hari bahasa ibu internasional,0,
6151,YouTube,SNPMB BPPP,tips memilih program studi tepat snbp lolos,0,
6152,Instagram,@kemdikbud.ri,gunakan bahasa daerah percakapan sehari hari lestarikan budaya,0,
6153,LinkedIn,Analis Publik,efisiensi biaya perjalanan dinas pendidikan sistem monitoring online,0,
6154,Antara News,@antaranews,kemendiktisaintek skema dana padanan tarik minat industri,0,
6155,Kompas.com,@kompascom,nadiem smk pusat keunggulan harus menjadi penggerak ekonomi daerah,0,
6156,Detik.com,@detikcom,audit bpk digitalisasi dapodik berhasil identifikasi data siswa fiktif,0,
6157,Republika,@republikaonline,kemendikbudristek klaim efisiensi anggaran konsumsi rapat rp miliar,0,
6158,CNN Indonesia,@CNNIndonesia,mendikbudristek sekolah dilarang menahan kartu ujian siswa spp,0,
6159,WhatsApp,Grup RT,link hadiah valentine kemendikbud berupa saldo wallet rp ribu,1,
6160,Facebook,Info Beasiswa,beasiswa full korea selatan tanpa wawancara khusus pendaftar februari,1,
6161,X (Twitter),@Netizen_News,skandal laptop bantuan kemendikbud dijual bebas marketplace,1,
6162,TikTok,@berita_panas,berita duka guru honorer diberhentikan serentak akhir februari,1,
6163,Instagram,@cekfakta_id,video nadiem sebut guru memiliki akun tiktok wajib belajar,1,
6164,WhatsApp,Forwarded,link subsidi uang buku semester genap rp ribu klik bit ly buku,1,
6165,Facebook,Kabar Guru,syarat tpg guru wajib mengikuti diklat berbayar rp ribu yayasan,1,
6166,X (Twitter),@PolitikUpdate,sisa dana bos sekolah harus dipakai membeli atribut partai tertentu,1,
6167,TikTok,@vlogger_politik,terungkap dana pendidikan rp triliun dialirkan rekening perusahaan,1,
6168,Instagram,@stophoax,pendaftaran beasiswa kedokteran tanpa tes gratis biaya hidup,1,
6169,Tempo.co,@tempodotco,kemendikbudristek optimalkan anggaran pemanfaatan platform digital,0,
6170,Media Indonesia,@mediaindonesia,mendikbudristek program guru penggerak perkuat kepemimpinan sekolah,0,
6171,YouTube,@infopendidikan,mengisi pdss snbp operator sekolah siswa,0,
6172,LinkedIn,Praktisi Edukasi,penghematan operasional sekolah lampu sensor panel surya,0,
6173,Antara News,@antaranews,kemendiktisaintek beasiswa lpdp tahap masuk tahap seleksi administrasi,0,
6174,Kompas.com,@kompascom,nadiem makarim siswa bebas eksplorasi minat kurikulum merdeka,0,
6175,Detik.com,@detikcom,pemerintah salurkan dana bantuan sekolah terdampak erupsi gunung,0,
6176,Republika,@republikaonline,kemenkeu efisiensi dana pendidikan capai portal arkas,0,
6177,CNN Indonesia,@CNNIndonesia,mendikbudristek tegaskan penghapusan mata pelajaran fisika,0,
6178,CNBC Indonesia,@cnbcindonesia,sri mulyani belanja pendidikan februari fokus rehabilitasi sekolah,0,
6179,Kompas.com,@kompascom,kemendikbudristek pastikan dana bosp tahap cair tanpa potongan,0,
6180,Detik.com,@detikcom,nadiem program kampus merdeka tingkatkan relevansi lulusan universitas,0,
6181,Antara News,@antaranews,bkn hasil seleksi pppk guru diumumkan segera sinkronisasi,0,
6182,Republika,@republikaonline,efisiensi anggaran digitalisasi sistem ujian sekolah hemat biaya kertas,0,
6183,CNN Indonesia,@CNNIndonesia,mendikbudristek sekolah penggerak menjadi contoh transformasi nasional,0,
6184,Tempo.co,@tempodotco,kemendikbudristek integrasikan data dapodik nik pip,0,
6185,Media Indonesia,@mediaindonesia,pemerintah targetkan digitalisasi laporan bos sekolah negeri,0,
6186,CNBC Indonesia,@cnbcindonesia,sri mulyani investasi pendidikan kunci utama keluar jebakan pendapatan,0,
6187,YouTube,@infopendidikan,panduan sinkronisasi data siswa penerima beasiswa pip semester genap,0,
6188,Instagram,@kemdikbud.ri,selamat hari bahasa ibu rawat bahasa daerahmu pelajari bahasa nasional,0,
6189,LinkedIn,Praktisi Edukasi,digitalisasi sekolah membantu menurunkan biaya operasional kantor,0,
6190,Antara News,@antaranews,kemendiktisaintek skema matching fund dukung inovasi mobil listrik ui,0,
6191,Kompas.com,@kompascom,nadiem guru harus berani melakukan eksperimen metode belajar kelas,0,
6192,Detik.com,@detikcom,audit bpk pemanfaatan siplah berhasil menurunkan risiko korupsi bosp,0,
6193,Republika,@republikaonline,kemendikbudristek pangkas biaya distribusi buku perpustakaan digital,0,
6194,CNN Indonesia,@CNNIndonesia,mendikbud implementasi kurikulum merdeka sma tingkatkan minat siswa,0,
6195,Kompas.com,@kompascom,bkn pastikan data tenaga honorer aman database pendataan non asn,0,
6196,Detik.com,@detikcom,nadiem makarim digitalisasi sekolah mempercepat tunjangan profesi guru,0,
6197,Antara News,@antaranews,pemerintah salurkan dana bantuan perpustakaan desa wilayah,0,
6198,CNN Indonesia,@CNNIndonesia,audit bpk temukan efisiensi pengadaan alat praktik smk capai,0,
6199,Republika,@republikaonline,kemendikbudristek pantau dana bosp dashboard terintegrasi,0,
6200,Tempo.co,@tempodotco,kemendikbudristek hemat rp triliun sistem procurement,0,
6201,Media Indonesia,@mediaindonesia,mendikbudristek evaluasi pendidikan kini berbasis dashboard rapor,0,
6202,CNBC Indonesia,@cnbcindonesia,sri mulyani alokasi dana pendidikan apbn tetap menjadi prioritas utama,0,
6203,YouTube,@pendidikankita,inovasi digital sekolah kelola aset sekolah tanpa biaya tambahan,0,
6204,Instagram,@kemdikbud.ri,segera aktivasi akun belajar id akses platform merdeka mengajar,0,
6205,LinkedIn,Praktisi Edukasi,dampak pengalihan anggaran seminar hibah penelitian dosen muda,0,
6206,Antara News,@antaranews,kemendiktisaintek skema dana padanan riset dorong kolaborasi global,0,
6207,Kompas.com,@kompascom,nadiem makarim digitalisasi sekolah kunci transparansi penggunaan bos,0,
6208,Detik.com,@detikcom,pemerintah targetkan guru memiliki sertifikat literasi digital,0,
6209,Republika,@republikaonline,kemendikbudristek permudah sertifikasi guru portal data guru,0,
6210,CNN Indonesia,@CNNIndonesia,nadiem integrasi data pendidikan kurangi risiko tumpang tindih bantuan,0,
6211,Tempo.co,@tempodotco,efisiensi anggaran kemendikbud pangkas biaya sewa ruang rapat hotel,0,
6212,Antara News,@antaranews,kemendiktisaintek beasiswa lpdp fokus peneliti energi bersih,0,
6213,Kompas.com,@kompascom,nadiem kurikulum merdeka memberikan fleksibilitas guru penggerak,0,
6214,Detik.com,@detikcom,pemerintah alokasikan rp triliun dana abadi pendidikan nasional,0,
6215,Kompas.com,@kompascom,kemendikbudristek salurkan dana perbaikan sekolah pasca banjir jateng,0,
6216,Detik.com,@detikcom,nadiem digitalisasi pendidikan percepat penyaluran tunjangan guru honorer,0,
6217,Antara News,@antaranews,pemerintah prioritaskan dana pendidikan wilayah pasca pandemi,0,
6218,CNN Indonesia,@CNNIndonesia,audit bpk penyerapan anggaran pelatihan guru capai target nasional,0,
6219,Republika,@republikaonline,kemendikbudristek pantau dana bosp dashboard digital nasional,0,
6220,Tempo.co,@tempodotco,efisiensi birokrasi integrasi sistem data guru hemat anggaran miliaran,0,
6221,Media Indonesia,@mediaindonesia,mendikbudristek sekolah boleh gelar kegiatan ruang prokes,0,
6222,CNBC Indonesia,@cnbcindonesia,realisasi belanja fungsi pendidikan februari capai target kuartal,0,
6223,YouTube,@kabarpendidikan,tutorial pengisian dashboard arkas bendahara sekolah menengah,0,
6224,Instagram,@kemdikbud.ri,selamat juta siswa terdaftar penerima pip tahap,0,
6225,LinkedIn,Praktisi Edukasi,digitalisasi sekolah terbukti menurunkan biaya operasional perkantoran,0,
6226,Antara News,@antaranews,kemendiktisaintek program matching fund dukung riset mobil listrik,0,
6227,Kompas.com,@kompascom,pemerintah beri penghargaan sekolah tata kelola bos terbaik,0,
6228,Detik.com,@detikcom,nadiem teknologi alat utama efisiensi anggaran pendidikan,0,
6229,WhatsApp,Grup Sekolah,biaya administrasi pengesahan rapor dinas pendidikan rp ribu,1,
6230,Facebook,Viral News,dana bos februari macet anggaran dipakai membayar utang negara,1,
6231,X (Twitter),@LeakIndo,terungkap dana pendidikan dipakai membeli fasilitas mewah anak pejabat,1,
6232,TikTok,@news_update,bahaya pemakaian headset lab bahasa dapat menyebabkan kuli permanen,1,
6233,Instagram,@fakta_edu,mahasiswa kip kuliah wajib menabung uang sakunya bank milik kampus,1,
6234,YouTube,@berita_sekolah,kemendikbud resmi umumkan libur puasa ditambah jadi bulan penuh,1,
6235,WhatsApp,Grup RT,sekolah mengadakan acara perpisahan hotel disanksi,1,
6236,Facebook,Info Cepat,beasiswa taiwan ditutup hubungan politik memburuk per februari,1,
6237,X (Twitter),@Netizen_News,skandal dana pengadaan tablet siswa dipakai membeli laptop,1,
6238,TikTok,@berita_panas,berita duka guru honorer dihapus per februari,1,
6239,WhatsApp,Forwarded,link subsidi pulsa belajar gb akhir februari klik bit ly pulsa feb,1,
6240,Facebook,Kabar Guru,sertifikat pendidik wajib diperpanjang tiap tahun biaya admin,1,
6241,X (Twitter),@PolitikNews,dana bos macet kas negara kosong digunakan membeli pesawat,1,
6242,TikTok,@vlogger_edu,mulai maret siswa tanpa kartu sehat digital dilarang masuk sekolah,1,
6243,Instagram,@cekfakta_id,video nadiem mengatakan guru diganti mentor ai per juli,1,
6244,WhatsApp,Grup Guru,iuran wajib guru dana valentine dinas rp ribu per orang,1,
6245,Facebook,Info Beasiswa,beasiswa full inggris jalur khusus pendaftar hari valentine,1,
6246,X (Twitter),@RakyatUpdate,dana pendidikan rp triliun dialihkan membeli mobil listrik dinas,1,
6247,TikTok,@berita_edu,berita gembira nadiem berikan saldo dana rp ribu share post,1,
6248,Instagram,@stophoax,link pendaftaran beasiswa negeri jalur tiket pesawat gratis,1,
6249,WhatsApp,Forwarded,link subsidi uang saku mahasiswa semester rp juta klik bit ly,1,
6250,Facebook,Kabar Guru,syarat tpg guru wajib unggah foto mengajar pakaian adat,1,
6251,X (Twitter),@PolitikUpdate,sisa anggaran sekolah dipakai membeli pakaian dinas mewah pejabat daerah,1,
6252,TikTok,@vlogger_politik,terbongkar dana pendidikan nasional lari kontraktor negeri,1,
6253,Instagram,@faktakita,siswa terlambat menit langsung dikeluarkan sekolah,1,
6254,YouTube,@infopendidikan,panduan memilih jurusan snbp langkah,0,
6255,LinkedIn,Praktisi Edukasi,dampak penghematan listrik kampus teknologi smart building,0,
6256,Antara News,@antaranews,kemendiktisaintek mahasiswa magang merdeka mulai mendapatkan uang saku,0,
6257,Kompas.com,@kompascom,nadiem makarim program wirausaha merdeka targetkan siswa vokasi,0,
6258,Detik.com,@detikcom,pemerintah salurkan bantuan dana darurat sekolah terdampak gempa,0,
6259,Republika,@republikaonline,kemenkeu efisiensi dana pendidikan capai sistem data,0,
6260,CNN Indonesia,@CNNIndonesia,mendikbudristek tegaskan penghapusan mata pelajaran sejarah,0,
6261,CNBC Indonesia,@cnbcindonesia,sri mulyani belanja pendidikan februari fokus peningkatan gaji guru,0,
6262,WhatsApp,Grup Sekolah,biaya pendaftaran ujian akhir semester genap sebesar rp ribu,1,
6263,Facebook,Viral News,dana bos februari macet anggaran dipakai membayar utang negara,1,
6264,X (Twitter),@LeakIndo,terungkap dana pendidikan dipakai membeli perhiasan mewah istri pejabat,1,
6265,TikTok,@news_update,bahaya tinta stempel ijazah mengandung bahan kimia merusak kulit,1,
6266,Instagram,@fakta_edu,mahasiswa kip kuliah wajib menabung uang sakunya bank rekanan,1,
6267,YouTube,@berita_sekolah,kemendikbud resmi umumkan libur lebaran ditambah jadi minggu penuh,1,
6268,WhatsApp,Grup RT,sekolah mengadakan acara perpisahan hotel ditegur,1,
6269,Facebook,Info Cepat,beasiswa jepang ditutup hubungan diplomatik memburuk,1,
6270,X (Twitter),@Netizen_News,skandal dana pengadaan alat peraga smk barang bekas,1,
6271,TikTok,@berita_panas,berita duka sekolah biasa slb ditutup mulai,1,
6272,Instagram,@cekfakta_id,video nadiem mengatakan guru diganti mentor ai lolos,1,
6273,Republika,@republikaonline,kemendikbudristek pangkas birokrasi sertifikasi portal data,0,
6274,WhatsApp,Forwarded,link subsidi uang saku mahasiswa semester rp juta klik bit ly,1,
6275,Facebook,Kabar Guru,guru membeli majalah pendidikan pusat dipersulit,1,
6276,X (Twitter),@PolitikNews,dana bos februari macet kas negara dipakai membayar utang,1,
6277,TikTok,@vlogger_edu,mulai maret siswa tanpa kartu sehat dilarang masuk sekolah,1,
6278,Instagram,@cekfakta_id,video nadiem mengatakan kantin sekolah boleh menjual menu rebusan,1,
6279,Kompas.com,@kompascom,akhirnya kemendikbudristek umumkan hasil seleksi pppk guru tahun,0,
6280,Detik.com,@detikcom,nadiem makarim guru honorer resmi lulus pppk tahun,0,
6281,WhatsApp,Grup Guru,link dana kaget ramadan rp ribu khusus guru honorer klik bit ly,1,
6282,Facebook,Info Guru,aturan guru ikut pesantren kilat gaji sertifikasi dipotong,1,
6283,Antara News,@antaranews,pendaftaran utbk snbt resmi dibuka simak syarat alurnya,0,
6284,CNBC Indonesia,@cnbcindonesia,sri mulyani thr guru dosen cair idul fitri,0,
6285,X (Twitter),@PolitikUpdate,dana operasional sekolah maret dikorupsi tiket konser pejabat,1,
6286,TikTok,@vlogger_edu,berita buruk selama ramadan jam pulang sekolah ditambah jam,1,
6287,Republika,@republikaonline,efisiensi anggaran digitalisasi pengumuman pppk hemat biaya logistik,0,
6288,CNN Indonesia,@CNNIndonesia,nadiem sertifikat pendidik kini dapat diakses digital belajar id,0,
6289,WhatsApp,Forwarded,link subsidi kuota ramadan gb kemdikbud klik bit ly kuota,1,
6290,Facebook,Info Cepat,mulai maret siswa wajib membeli seragam muslim toko dinas,1,
6291,X (Twitter),@EduLeaks,dokumen bocor pemerintah menghapus jurusan agama madrasah,1,
6292,TikTok,@news_update,bahaya buka website snpmb malam hari merusak mata secara permanen,1,
6293,Instagram,@faktakita,siswa berpuasa dilarang mengikuti ujian tengah semester uts,1,
6294,YouTube,Kemdikbud RI,pidato mendikbudristek selamat guru honorer lulus pppk,0,
6295,WhatsApp,Grup Guru,iuran wajib guru bingkisan lebaran kepala dinas rp ribu,1,
6296,Facebook,Viral Edu,kemenkeu cairkan dana thr pelajar rp juta pemegang kartu kip,1,
6297,X (Twitter),@LeakIndo,dana bos tahap digunakan biaya perjalanan negeri pejabat,1,
6298,TikTok,@berita_edu,berita gembira nadiem beri saldo wallet rp ribu edisi ramadan,1,
6299,CNBC Indonesia,@cnbcindonesia,sri mulyani belanja pendidikan maret fokus infrastruktur digital,0,
6300,Liputan6,@liputan6dotcom,kemendikbudristek sekolah dihimbau sesuaikan jam belajar ramadan,0,
6301,YouTube,SNPMB BPPP,panduan mengunggah portofolio pendaftaran utbk snbt,0,
6302,Instagram,@kemdikbud.ri,marhaban ramadan momentum belajar sabar karakter pelajar,0,
6303,LinkedIn,Analis Publik,efisiensi biaya rekrutmen guru sistem computer assisted ujian,0,
6304,Antara News,@antaranews,kemendiktisaintek mahasiswa kip kuliah wajib update data ipk,0,
6305,Kompas.com,@kompascom,nadiem platform merdeka mengajar kini miliki fitur perangkat ajar,0,
6306,Detik.com,@detikcom,audit bpk digitalisasi penyaluran pip berhasil cegah kebocoran dana,0,
6307,Republika,@republikaonline,kemendikbudristek klaim hemat rp miliar rapat koordinasi online,0,
6308,CNN Indonesia,@CNNIndonesia,mendikbudristek sekolah dilarang pungut biaya tambahan perpisahan,0,
6309,WhatsApp,Grup RT,link subsidi sembako pelajar kemendikbud klik bit ly sembako,1,
6310,Facebook,Info Beasiswa,beasiswa full mesir jalur khusus ramadan tanpa seleksi,1,
6311,X (Twitter),@Netizen_News,skandal dana renovasi perpustakaan sekolah digunakan membeli mobil,1,
6312,TikTok,@berita_panas,berita duka guru lulus pppk diberhentikan maret,1,
6313,Instagram,@cekfakta_id,video nadiem sebut kantin sekolah harus tutup total selama ramadan,1,
6314,WhatsApp,Forwarded,link subsidi uang saku mahasiswa semester rp juta per bulan,1,
6315,Facebook,Kabar Guru,syarat cair tpg guru wajib unggah foto tadarus aplikasi pmm,1,
6316,X (Twitter),@PolitikUpdate,sisa anggaran sekolah wajib disetor safari ramadan partai,1,
6317,TikTok,@vlogger_politik,terbongkar dana beasiswa lpdp mengalir rekening influencer,1,
6318,Instagram,@stophoax,pendaftaran beasiswa negeri gratis tablet tanpa seleksi,1,
6319,Tempo.co,@tempodotco,kemendikbudristek optimalkan anggaran pengadaan siplah,0,
6320,Media Indonesia,@mediaindonesia,mendikbudristek kurikulum merdeka tekankan profil pelajar pancasila,0,
6321,YouTube,@infopendidikan,membayar biaya utbk snbt mobile banking,0,
6322,LinkedIn,Praktisi Edukasi,efisiensi listrik sekolah penggunaan panel surya smk hemat,0,
6323,Antara News,@antaranews,kemendiktisaintek skema matching fund tarik ribuan peneliti,0,
6324,Kompas.com,@kompascom,nadiem makarim mahasiswa harus keluar zona nyaman msib,0,
6325,Detik.com,@detikcom,pemerintah salurkan bantuan dana sekolah terdampak longsor,0,
6326,Republika,@republikaonline,kemenkeu efisiensi dana pendidikan capai arkas,0,
6327,CNN Indonesia,@CNNIndonesia,mendikbudristek tegaskan penghapusan mata pelajaran agama,0,
6328,CNBC Indonesia,@cnbcindonesia,sri mulyani thr guru dosen termasuk komponen tukin,0,
6329,Antara News,@antaranews,kemendikbudristek dorong revitalisasi bahasa daerah provinsi,0,
6330,Kompas.com,@kompascom,jadwal seleksi mandiri ptn harus dilakukan pengumuman snbt,0,
6331,Detik.com,@detikcom,nadiem guru penggerak pemimpin pembelajaran masa,0,
6332,Tempo.co,@tempodotco,pemerintah beri insentif sekolah sukses terapkan inklusi,0,
6333,Media Indonesia,@mediaindonesia,mendikbudristek sekolah harus steril aktivitas politik praktis,0,
6334,Republika,@republikaonline,kemenkeu penyaluran dana bos langsung rekening sekolah,0,
6335,CNN Indonesia,@CNNIndonesia,nadiem sebut kurikulum merdeka digunakan ribu sekolah,0,
6336,CNBC Indonesia,@cnbcindonesia,sri mulyani pendidikan belanja terbesar apbn,0,
6337,Antara News,@antaranews,kemendiktisaintek luncurkan beasiswa dosen negeri tahap,0,
6338,Liputan6,@liputan6dotcom,kemendikbudristek batas akhir unggah portofolio snbt april,0,
6339,LinkedIn,Praktisi Edukasi,pentingnya audit internal dana bos menghindari temuan bpk,0,
6340,Kompas.com,@kompascom,nadiem platform rapor pendidikan membantu sekolah menentukan prioritas,0,
6341,Detik.com,@detikcom,kemendikbudristek sediakan ribu kuota beasiswa non gelar guru,0,
6342,Republika,@republikaonline,efisiensi pengadaan alat lab smk kini katalog elektronik,0,
6343,CNN Indonesia,@CNNIndonesia,mendikbudristek instruksikan sekolah cegah bullying lingkungan,0,
6344,Antara News,@antaranews,pemerintah salurkan bantuan bus sekolah wilayah terpencil,0,
6345,Tempo.co,@tempodotco,audit bpk penyaluran dana pip berjalan prosedur,0,
6346,Media Indonesia,@mediaindonesia,mendikbud lulusan vokasi harus memiliki sertifikasi kompetensi,0,
6347,CNBC Indonesia,@cnbcindonesia,sri mulyani pastikan anggaran thr guru daerah ditransfer,0,
6348,Kompas.com,@kompascom,pendaftaran sekolah kedinasan segera dibuka akhir maret,0,
6349,Detik.com,@detikcom,nadiem mahasiswa magang merdeka mendapat uang saku standar,0,
6350,Republika,@republikaonline,kemendikbudristek targetkan juta guru honorer jadi pppk,0,
6351,CNN Indonesia,@CNNIndonesia,nadiem makarim teknologi ai membantu guru personalisasi materi,0,
6352,Antara News,@antaranews,pemerintah bangun sma unggulan wilayah papua tahun,0,
6353,Tempo.co,@tempodotco,kemendikbudristek gunakan dashboard digital pantau mutu guru,0,
6354,Media Indonesia,@mediaindonesia,mendikbud profil pelajar pancasila fokus akhlak mulia,0,
6355,CNBC Indonesia,@cnbcindonesia,sri mulyani realisasi dana sertifikasi guru capai kuartal,0,
6356,Kompas.com,@kompascom,kemendikbudristek fasilitasi riset internasional mahasiswa,0,
6357,Detik.com,@detikcom,nadiem kampus mengajar berikan dampak signifikan sekolah dasar,0,
6358,Republika,@republikaonline,efisiensi sistem data kurangi beban administrasi kepala sekolah,0,
6359,CNN Indonesia,@CNNIndonesia,nadiem evaluasi kurikulum merdeka dilakukan secara berkala,0,
6360,Antara News,@antaranews,pemerintah beri penghargaan guru inspiratif wilayah,0,
6361,Tempo.co,@tempodotco,kemendikbudristek hemat rp miliar digitalisasi arsip sekolah,0,
6362,Media Indonesia,@mediaindonesia,mendikbud kerjasama sekolah industri kunci keberhasilan smk,0,
6363,CNBC Indonesia,@cnbcindonesia,sri mulyani sebut dana abadi pendidikan membantu riset strategis,0,
6364,Kompas.com,@kompascom,kemendikbudristek umumkan pemenang lomba literasi nasional,0,
6365,Detik.com,@detikcom,nadiem mahasiswa dapat belajar kampus semester,0,
6366,Republika,@republikaonline,efisiensi digitalisasi perpustakaan sekolah kurangi biaya perawatan,0,
6367,CNN Indonesia,@CNNIndonesia,nadiem makarim sekolah harus jadi ruang aman siswa,0,
6368,Antara News,@antaranews,pemerintah salurkan bantuan dana rehab sekolah pasca gempa cianjur,0,
6369,Tempo.co,@tempodotco,audit bpk penyaluran dana bos akurat dibanding,0,
6370,Media Indonesia,@mediaindonesia,mendikbud transformasi pendidikan perlu dukungan orang tua,0,
6371,CNBC Indonesia,@cnbcindonesia,sri mulyani alokasi dana pendidikan meningkat,0,
6372,Kompas.com,@kompascom,kemendikbudristek beri beasiswa anak korban konflik sosial,0,
6373,Detik.com,@detikcom,nadiem inovasi guru pmm biasa sepanjang,0,
6374,Republika,@republikaonline,efisiensi penggunaan dashboard arkas kurangi potensi maladministrasi,0,
6375,CNN Indonesia,@CNNIndonesia,nadiem perguruan tinggi harus menghasilkan solusi bangsa,0,
6376,Antara News,@antaranews,pemerintah targetkan sekolah terakreditasi digital,0,
6377,Tempo.co,@tempodotco,kemendikbudristek pangkas birokrasi sertifikasi sistem online,0,
6378,Media Indonesia,@mediaindonesia,mendikbud pendidik harus belajar beradaptasi,0,
6379,WhatsApp,Grup Sekolah,biaya administrasi ujian semester genap rp ribu,1,
6380,Facebook,Viral News,dana bos maret tertunda subsidi bbm ramadan,1,
6381,X (Twitter),@LeakIndo,terungkap dana pendidikan dipakai membeli pakaian istri pejabat,1,
6382,TikTok,@news_update,bahaya aroma buku pelajaran dapat menyebabkan amnesia,1,
6383,Instagram,@fakta_edu,mahasiswa kip kuliah wajib menyumbang uang saku yayasan,1,
6384,YouTube,@berita_sekolah,kemendikbud resmi hapus ujian praktek olahraga selamanya,1,
6385,WhatsApp,Grup RT,sekolah ikut gerakan sekolah sehat dipotong dana bos,1,
6386,Facebook,Info Cepat,beasiswa australia ditutup sementara keamanan,1,
6387,X (Twitter),@Netizen_News,skandal dana lab komputer digunakan membeli laptop bekas,1,
6388,TikTok,@berita_panas,berita duka guru honorer dihapus per maret,1,
6389,WhatsApp,Forwarded,link subsidi uang saku mahasiswa semester rp juta klik bit ly,1,
6390,Facebook,Kabar Guru,guru membeli kurma dinas pendidikan dipersulit,1,
6391,X (Twitter),@PolitikNews,dana bos maret macet negara membeli pesawat tempur,1,
6392,TikTok,@vlogger_edu,mulai april siswa tanpa kartu ramadan digital dilarang masuk,1,
6393,Instagram,@cekfakta_id,video nadiem sebut kantin boleh menjual menu takjil tertentu,1,
6394,WhatsApp,Grup Guru,iuran wajib guru dana bukber dinas rp ribu per orang,1,
6395,Facebook,Info Beasiswa,beasiswa inggris jalur khusus ramadan tanpa syarat ipk,1,
6396,X (Twitter),@RakyatUpdate,dana pendidikan rp triliun dialihkan mobil listrik dinas,1,
6397,TikTok,@berita_edu,berita gembira nadiem beri saldo dana rp ribu share,1,
6398,Instagram,@stophoax,link pendaftaran beasiswa negeri jalur tiket pesawat gratis,1,
6399,WhatsApp,Forwarded,link subsidi uang saku mahasiswa semester rp juta,1,
6400,Facebook,Kabar Guru,syarat tpg guru wajib unggah foto tadarus aplikasi pmm,1,
6401,X (Twitter),@PolitikUpdate,sisa anggaran sekolah dipakai membeli pakaian mewah pejabat,1,
6402,TikTok,@vlogger_politik,terbongkar dana pendidikan nasional lari kontraktor,1,
6403,Instagram,@faktakita,siswa terlambat menit langsung dikeluarkan sekolah,1,
6404,YouTube,@berita_sekolah,kemendikbud resmi umumkan libur lebaran bulan penuh,1,
6405,WhatsApp,Grup RT,sekolah mengadakan acara perpisahan hotel ditegur,1,
6406,Facebook,Info Cepat,beasiswa jepang ditutup hubungan politik memburuk,1,
6407,X (Twitter),@Netizen_News,skandal dana pengadaan alat peraga smk barang bekas,1,
6408,TikTok,@berita_panas,berita duka slb ditutup mulai semester,1,
6409,Instagram,@cekfakta_id,video nadiem mengatakan guru diganti mentor ai gagal,1,
6410,WhatsApp,Grup Guru,iuran wajib guru paket parsel lebaran pengawas rp ribu,1,
6411,Facebook,Info Beasiswa,beasiswa singapura jalur khusus pendaftar lailatul qadar,1,
6412,X (Twitter),@LeakIndo,dana beasiswa lpdp maret macet anggaran dialihkan ikn,1,
6413,TikTok,@news_update,bahaya seragam sekolah bahan sintetis dapat sebabkan kanker kulit,1,
6414,Instagram,@fakta_edu,mahasiswa kip kuliah wajib menabung uang sakunya koperasi,1,
6415,WhatsApp,Forwarded,link subsidi pulsa belajar ramadan gb klik bit ly pulsa ramadan,1,
6416,Facebook,Kabar Guru,guru mengeluh soal pppk medsos diblokir dapodiknya,1,
6417,X (Twitter),@PolitikNews,terungkap dana pendidikan rp triliun menguap proyek fiktif,1,
6418,TikTok,@vlogger_edu,mulai mei jam masuk sekolah dimajukan jadi pukul pagi,1,
6419,Instagram,@cekfakta_id,video nadiem menyebut guru wajib membeli laptop,1,
6420,WhatsApp,Grup Sekolah,biaya pengadaan ac kelas dibebankan orang tua rp ribu,1,
6421,Facebook,Info Cepat,mulai april siswa sma libur hari sabtu,1,
6422,X (Twitter),@Netizen_News,skandal dana buku perpustakaan nasional dipakai membeli berlian pejabat,1,
6423,TikTok,@berita_panas,bahaya sekolah gunakan kurikulum merdeka ijazahnya laku,1,
6424,Instagram,@faktakita,siswa punya kartu indonesia sehat dilarang ikut uts,1,
6425,WhatsApp,Grup Guru,surat perintah guru wajib menyumbang rp ribu acara dinas,1,
6426,Facebook,Viral News,dana bos maret dipotong membayar bunga utang negeri,1,
6427,X (Twitter),@LeakIndo,terungkap laptop bantuan sekolah dijual oknum dinas,1,
6428,Instagram,@cekfakta_id,video nadiem mengatakan kantin boleh menjual menu rebusan,1,
6429,Kompas.com,@kompascom,pengumuman snbp siswa dinyatakan lolos ptn,0,
6430,Detik.com,@detikcom,nadiem makarim selamat siswa lolos segera daftar ulang,0,
6431,WhatsApp,Grup Sekolah,link subsidi uang lebaran rp ribu siswa lolos snbp klik bit ly,1,
6432,Facebook,Info Guru,aturan guru honorer wajib masuk selama cuti lebaran,1,
6433,Antara News,@antaranews,kemendikbudristek penyaluran thr guru dosen dimulai lebaran,0,
6434,CNBC Indonesia,@cnbcindonesia,sri mulyani anggaran thr pendidik mencakup tunjangan kinerja,0,
6435,X (Twitter),@PolitikUpdate,dana pendidikan rp triliun dipakai membayar sewa pesawat mudik pejabat,1,
6436,TikTok,@vlogger_edu,berita buruk libur lebaran sekolah dipangkas menjadi hari,1,
6437,Republika,@republikaonline,efisiensi anggaran digitalisasi pengumuman snbp hemat biaya operasional,0,
6438,CNN Indonesia,@CNNIndonesia,nadiem sekolah dilarang meminta pungutan berkedok zakat parsel,0,
6439,WhatsApp,Forwarded,link hadiah lebaran kuota internet gb kominfo klik bit ly,1,
6440,Facebook,Info Cepat,mulai april siswa wajib menggunakan kartu mudik digital sekolah,1,
6441,X (Twitter),@EduLeaks,dokumen bocor pemerintah menghapus thr guru golongan iii,1,
6442,TikTok,@news_update,bahaya mencuci seragam deterjen dapat menggugurkan status kip,1,
6443,Instagram,@faktakita,siswa mudik wajib mengikuti kelas tambahan selama liburan,1,
6444,YouTube,Kemdikbud RI,pidato mendikbudristek menjaga integritas pendidikan hari raya,0,
6445,WhatsApp,Grup Guru,iuran parsel lebaran pengawas sekolah sebesar rp ribu,1,
6446,Facebook,Viral Edu,kemenkeu cairkan bonus lebaran rp juta pemegang kip,1,
6447,X (Twitter),@LeakIndo,dana sertifikasi guru triwulan digunakan biaya kampanye,1,
6448,TikTok,@berita_edu,berita gembira nadiem beri saldo wallet rp ribu edisi mudik,1,
6449,CNBC Indonesia,@cnbcindonesia,sri mulyani belanja pendidikan april terfokus thr gaji,0,
6450,Liputan6,@liputan6dotcom,kemendikbudristek cuti lebaran maju mulai april,0,
6451,YouTube,SNPMB BPPP,tahapan pendaftaran ulang peserta lolos snbp,0,
6452,Instagram,@kemdikbud.ri,selamat idul fitri maaf lahir batin keluarga besar kemendikbud,0,
6453,LinkedIn,Analis Publik,efisiensi biaya monitoring pendidikan dashboard real time,0,
6454,Antara News,@antaranews,kemendiktisaintek mahasiswa kip kuliah mulai menerima uang saku april,0,
6455,Kompas.com,@kompascom,nadiem platform merdeka mengajar membantu guru belajar secara mandiri,0,
6456,Detik.com,@detikcom,audit bpk penyaluran dana bosp tahap berjalan akurat,0,
6457,Republika,@republikaonline,kemendikbudristek klaim hemat rp miliar kebijakan rapat virtual,0,
6458,CNN Indonesia,@CNNIndonesia,mendikbudristek guru penggerak memiliki peluang menjadi kepala sekolah,0,
6459,WhatsApp,Grup RT,link pendaftaran mudik gratis khusus pelajar mahasiswa klik bit ly,1,
6460,Facebook,Info Beasiswa,beasiswa full arab saudi jalur khusus idul fitri tanpa berkas,1,
6461,X (Twitter),@Netizen_News,skandal dana thr guru daerah disunat oknum kepentingan pribadi,1,
6462,TikTok,@berita_panas,berita duka dana sertifikasi dihapus mulai mei,1,
6463,Instagram,@cekfakta_id,video nadiem sebut kantin sekolah dilarang menjual makanan berlemak,1,
6464,WhatsApp,Forwarded,link subsidi uang transportasi mudik rp ribu kemdikbud,1,
6465,Facebook,Kabar Guru,syarat cair thr guru wajib unggah video ucapan lebaran pmm,1,
6466,X (Twitter),@PolitikUpdate,sisa dana bos april wajib disetor membayar utang negeri,1,
6467,TikTok,@vlogger_politik,terbongkar dana pendidikan nasional mengalir perusahaan cangkang,1,
6468,Instagram,@stophoax,pendaftaran beasiswa negeri gratis laptop tanpa seleksi,1,
6469,Tempo.co,@tempodotco,kemendikbudristek optimalkan anggaran sistem purchasing siplah,0,
6470,Media Indonesia,@mediaindonesia,mendikbudristek pendidikan karakter harus menjadi jiwa kurikulum merdeka,0,
6471,YouTube,@infopendidikan,cek daftar nama penerima dana pip cair bulan april,0,
6472,LinkedIn,Praktisi Edukasi,efisiensi biaya gedung sekolah pengawasan digital arkas,0,
6473,Antara News,@antaranews,kemendiktisaintek program matching fund fokus energi hijau,0,
6474,Kompas.com,@kompascom,nadiem makarim siswa smk harus siap menghadapi industri,0,
6475,Detik.com,@detikcom,pemerintah salurkan dana darurat sekolah terdampak kebakaran,0,
6476,Republika,@republikaonline,kemenkeu efisiensi dana pendidikan capai budgeting,0,
6477,CNN Indonesia,@CNNIndonesia,mendikbudristek tegaskan penurunan standar kelulusan,0,
6478,CNBC Indonesia,@cnbcindonesia,sri mulyani dana abadi riset mencapai rp triliun semester,0,
6479,Antara News,@antaranews,kemendikbudristek sekolah inklusif meningkat tahun,0,
6480,Kompas.com,@kompascom,jadwal pendaftaran utbk snbt ditutup akhir april,0,
6481,Detik.com,@detikcom,nadiem transformasi pendidikan membutuhkan gotong royong,0,
6482,Tempo.co,@tempodotco,pemerintah beri penghargaan sekolah literasi terbaik,0,
6483,Media Indonesia,@mediaindonesia,mendikbudristek sekolah dihimbau aktif gunakan rapor pendidikan,0,
6484,Republika,@republikaonline,kemenkeu penyaluran dana bos sistem single point,0,
6485,CNN Indonesia,@CNNIndonesia,nadiem kurikulum merdeka memberi otonomi besar sekolah,0,
6486,CNBC Indonesia,@cnbcindonesia,sri mulyani anggaran pendidikan tetap menjadi prioritas tengah resesi,0,
6487,Antara News,@antaranews,kemendiktisaintek luncurkan beasiswa dosen tahap lpdp,0,
6488,Liputan6,@liputan6dotcom,kemendikbudristek pendaftaran ppg jabatan mulai dibuka,0,
6489,LinkedIn,Praktisi Edukasi,pentingnya manajemen risiko dana bos akuntabilitas sekolah,0,
6490,Kompas.com,@kompascom,nadiem platform merdeka mengajar kini digunakan juta guru,0,
6491,Detik.com,@detikcom,kemendikbudristek sediakan beasiswa guru daerah,0,
6492,Republika,@republikaonline,efisiensi digitalisasi laporan pip kurangi penggunaan kertas,0,
6493,CNN Indonesia,@CNNIndonesia,mendikbudristek instruksikan sekolah cegah kekerasan seksual,0,
6494,Antara News,@antaranews,pemerintah salurkan bantuan alat musik tradisional sekolah,0,
6495,Tempo.co,@tempodotco,audit bpk penyaluran tunjangan profesi guru berjalan lancar,0,
6496,Media Indonesia,@mediaindonesia,mendikbud lulusan universitas harus siap menjadi entrepreneur,0,
6497,CNBC Indonesia,@cnbcindonesia,sri mulyani pastikan anggaran pendidikan berkurang,0,
6498,Kompas.com,@kompascom,pendaftaran sekolah kedinasan stis stan dibuka april,0,
6499,Detik.com,@detikcom,nadiem program pertukaran mahasiswa merdeka perkuat persatuan,0,
6500,Republika,@republikaonline,kemendikbudristek optimalkan dana bosp kualitas pembelajaran,0,
6501,CNN Indonesia,@CNNIndonesia,nadiem makarim literasi digital guru harus ditingkatkan,0,
6502,Antara News,@antaranews,pemerintah bangun pusat pelatihan vokasi ikn tahun,0,
6503,Tempo.co,@tempodotco,kemendikbudristek gunakan data dapodik targetkan beasiswa,0,
6504,Media Indonesia,@mediaindonesia,mendikbud guru harus menjadi fasilitator sekadar sumber,0,
6505,CNBC Indonesia,@cnbcindonesia,sri mulyani belanja pendidikan april membantu daya membeli tenaga pendidik,0,
6506,Kompas.com,@kompascom,kemendikbudristek sediakan hibah riset dosen perguruan tinggi swasta,0,
6507,Detik.com,@detikcom,nadiem kampus mengajar berdampak literasi sekolah dasar,0,
6508,Republika,@republikaonline,efisiensi integrasi data kurangi tugas administrasi guru,0,
6509,CNN Indonesia,@CNNIndonesia,nadiem implementasi kurikulum merdeka bergantung kepala sekolah,0,
6510,Antara News,@antaranews,pemerintah beri penghargaan guru honorer berdedikasi tinggi,0,
6511,Tempo.co,@tempodotco,kemendikbudristek hemat rp miliar sistem seleksi digital,0,
6512,Media Indonesia,@mediaindonesia,mendikbud pendidikan vokasi harus relevan kebutuhan pasar,0,
6513,CNBC Indonesia,@cnbcindonesia,sri mulyani dana abadi pendidikan membantu anak bangsa kuliah top dunia,0,
6514,Kompas.com,@kompascom,kemendikbudristek umumkan hasil seleksi administrasi ppg,0,
6515,Detik.com,@detikcom,nadiem mahasiswa bebas mengambil mata kuliah lintas prodi,0,
6516,Republika,@republikaonline,efisiensi katalog elektronik sektoral hemat biaya pengadaan lab,0,
6517,CNN Indonesia,@CNNIndonesia,nadiem makarim sekolah dilarang melakukan perundungan bentuk,0,
6518,Antara News,@antaranews,pemerintah salurkan bantuan dana rehab sekolah pasca banjir ntt,0,
6519,Tempo.co,@tempodotco,audit bpk penggunaan dana bos jawa tengah transparan,0,
6520,Media Indonesia,@mediaindonesia,mendikbud kolaborasi kunci kemajuan pendidikan nasional,0,
6521,CNBC Indonesia,@cnbcindonesia,sri mulyani belanja pendidikan semester capai target nasional,0,
6522,Kompas.com,@kompascom,kemendikbudristek beri beasiswa siswa berprestasi internasional,0,
6523,Detik.com,@detikcom,nadiem inovasi pembelajaran guru meningkat pesat pmm,0,
6524,Republika,@republikaonline,efisiensi dashboard monitoring bosp cegah penggunaan dana fiktif,0,
6525,CNN Indonesia,@CNNIndonesia,nadiem universitas harus menjadi inkubator inovasi teknologi,0,
6526,Antara News,@antaranews,pemerintah targetkan sekolah memiliki akses internet tahun,0,
6527,Tempo.co,@tempodotco,kemendikbudristek pangkas jalur birokrasi laporan kinerja guru,0,
6528,Media Indonesia,@mediaindonesia,mendikbud pendidik harus menjadi teladan siswa,0,
6529,Kompas.com,@kompascom,snbt peserta diminta cetak kartu ujian lebaran,0,
6530,Detik.com,@detikcom,nadiem makarim peran orang tua vital merdeka belajar,0,
6531,Antara News,@antaranews,kemendikbudristek salurkan dana tunjangan khusus guru papua,0,
6532,Republika,@republikaonline,efisiensi digitalisasi manajemen guru hemat biaya kertas miliaran,0,
6533,CNN Indonesia,@CNNIndonesia,mendikbudristek sekolah tetap beroperasi normal masa cuti,0,
6534,Tempo.co,@tempodotco,kemendikbudristek gunakan dashboard rapor pendidikan evaluasi,0,
6535,Media Indonesia,@mediaindonesia,mendikbud kurikulum merdeka menghargai keunikan anak,0,
6536,CNBC Indonesia,@cnbcindonesia,sri mulyani dana sertifikasi guru daerah ditransfer,0,
6537,YouTube,@infopendidikan,panduan mengisi evaluasi kinerja guru platform merdeka mengajar,0,
6538,Instagram,@kemdikbud.ri,tips menjaga kesehatan selama libur lebaran siswa guru,0,
6539,LinkedIn,Praktisi Edukasi,dampak positif penggunaan cloud sistem administrasi sekolah,0,
6540,Antara News,@antaranews,kemendiktisaintek mahasiswa magang merdeka mulai presentasi progress,0,
6541,Kompas.com,@kompascom,nadiem makarim vokasi ujung tombak pengurangan pengangguran,0,
6542,Detik.com,@detikcom,audit bpk efisiensi pengadaan buku meningkat signifikan,0,
6543,Republika,@republikaonline,kemendikbudristek hapus aturan laporan fisik efisiensi kerja,0,
6544,CNN Indonesia,@CNNIndonesia,mendikbud sinergi guru orang tua percepat pemulihan belajar,0,
6545,Tempo.co,@tempodotco,kemendikbudristek klaim hemat rp triliun digitalisasi,0,
6546,Media Indonesia,@mediaindonesia,mendikbud lingkungan sekolah harus aman dosa besar,0,
6547,CNBC Indonesia,@cnbcindonesia,sri mulyani dana beasiswa fokus bidang teknologi tinggi,0,
6548,YouTube,@pendidikankita,video kreativitas guru membuat media pembelajaran bahan daur ulang,0,
6549,WhatsApp,Grup Sekolah,biaya pengambilan ijazah alumni tahun sebesar rp ribu,1,
6550,Facebook,Viral News,dana bos april dipotong membayar cicilan pesawat tempur,1,
6551,X (Twitter),@LeakIndo,terungkap dana pendidikan dipakai membeli perhiasan mewah keluarga pejabat,1,
6552,TikTok,@news_update,bahaya radiasi layar laptop sekolah dapat menyebabkan kebotakan dini,1,
6553,Instagram,@fakta_edu,mahasiswa kip kuliah wajib menabung uang sakunya koperasi kampus,1,
6554,YouTube,@berita_sekolah,kemendikbud resmi hapus mata pelajaran bahasa inggris mulai mei,1,
6555,WhatsApp,Grup RT,sekolah mengadakan buka dicabut akreditasinya,1,
6556,Facebook,Info Cepat,beasiswa china ditutup permanen konflik dagang per april,1,
6557,X (Twitter),@Netizen_News,skandal dana pembangunan mushola sekolah masuk kantong pribadi,1,
6558,TikTok,@berita_panas,berita duka guru honorer dihapuskan per april,1,
6559,WhatsApp,Forwarded,link subsidi pulsa belajar lebaran gb klik bit ly pulsa lebaran,1,
6560,Facebook,Kabar Guru,sertifikat pendidik wajib diperbarui tiap tahun biaya registrasi,1,
6561,X (Twitter),@PolitikNews,dana bos april macet kas negara kosong dipakai membeli jet pribadi,1,
6562,TikTok,@vlogger_edu,mulai mei siswa tanpa kartu sehat digital dilarang masuk sekolah,1,
6563,Instagram,@cekfakta_id,video nadiem sebut guru diganti robot ai per juli,1,
6564,WhatsApp,Grup Guru,iuran wajib guru bingkisan lebaran pengawas rp ribu,1,
6565,Facebook,Info Beasiswa,beasiswa inggris jalur khusus pendaftaran hari raya idul fitri,1,
6566,X (Twitter),@RakyatUpdate,dana pendidikan rp triliun dialihkan membeli mobil mewah dinas,1,
6567,TikTok,@berita_edu,berita gembira nadiem beri saldo dana rp ribu share post,1,
6568,Instagram,@stophoax,link pendaftaran beasiswa negeri jalur tiket pesawat gratis,1,
6569,WhatsApp,Grup Sekolah,biaya administrasi cuti lebaran siswa sebesar rp ribu,1,
6570,Facebook,Viral News,dana pendidikan dialihkan membiayai pembangunan ikn total,1,
6571,X (Twitter),@LeakIndo,terungkap laptop bantuan sekolah dijual oknum kepala dinas,1,
6572,TikTok,@news_update,bahaya sinyal wi fi sekolah dapat menyebabkan penyakit kulit langka,1,
6573,Instagram,@fakta_edu,mahasiswa penerima kip kuliah dilarang mudik selama libur lebaran,1,
6574,YouTube,@berita_sekolah,kemendikbud resmi hapus seragam sekolah mulai semester,1,
6575,WhatsApp,Grup RT,sekolah ikut parade lebaran dikenakan denda rp juta,1,
6576,Facebook,Info Cepat,pendaftaran beasiswa amerika jalur tiket gratis ditutup april,1,
6577,X (Twitter),@Netizen_News,skandal dana pengadaan buku perpustakaan proyek fiktif,1,
6578,Instagram,@cekfakta_id,video nadiem sebut kantin sekolah boleh menjual menu rebusan,1,
6579,Kompas.com,@kompascom,resmi pengumuman hasil utbk snbt dapat diakses sore,0,
6580,Detik.com,@detikcom,nadiem makarim orang lolos snbt tetap semangat,0,
6581,WhatsApp,Grup Sekolah,link subsidi uang kuliah awal rp juta lolos snbt klik bit ly,1,
6582,Facebook,Info Guru,aturan guru honorer wajib masuk full selama libur semester juni,1,
6583,Antara News,@antaranews,kemendikbudristek ppdb fokus pemerataan kualitas pendidikan,0,
6584,CNBC Indonesia,@cnbcindonesia,sri mulyani gaji guru dosen cair mulai juni,0,
6585,X (Twitter),@PolitikUpdate,dana ppdb rp miliar dikorupsi membeli jet pribadi pejabat,1,
6586,TikTok,@vlogger_edu,berita buruk mulai juli jam masuk sekolah dimajukan jadi jam,1,
6587,Republika,@republikaonline,efisiensi anggaran penggunaan server ppdb terpadu hemat biaya rp,0,
6588,CNN Indonesia,@CNNIndonesia,nadiem wisuda sekolah kewajiban membebani orang tua,0,
6589,WhatsApp,Forwarded,link kuota internet libur semester gb kemdikbud klik bit ly,1,
6590,Facebook,Info Cepat,mulai juni ijazah wajib dipasang barcode chip syarat kerja,1,
6591,X (Twitter),@EduLeaks,dokumen bocor pemerintah menghapus beasiswa kip kuliah,1,
6592,TikTok,@news_update,bahaya radiasi laptop cek hasil snbt dapat menyebabkan kebutaan,1,
6593,Instagram,@faktakita,siswa lunas iuran gedung dilarang mengambil hasil rapor,1,
6594,YouTube,Kemdikbud RI,sosialisasi juknis penggunaan dana bosp pemeliharaan ruang kelas,0,
6595,WhatsApp,Grup Guru,iuran wajib guru kado perpisahan kepala dinas rp ribu,1,
6596,Facebook,Viral Edu,kemenkeu cairkan saldo liburan rp juta pemegang kartu kip,1,
6597,X (Twitter),@LeakIndo,dana beasiswa lpdp digunakan menambal kerugian proyek infrastruktur,1,
6598,TikTok,@berita_edu,berita gembira nadiem beri iphone gratis peraih nilai snbt tinggi,1,
6599,CNBC Indonesia,@cnbcindonesia,sri mulyani anggaran pendidikan juni dialokasikan sarana tik smk,0,
6600,Liputan6,@liputan6dotcom,kemendikbudristek sekolah dihimbau sederhanakan acara pelepasan siswa,0,
6601,YouTube,SNPMB BPPP,panduan mencetak sertifikat nilai utbk daftar jalur mandiri,0,
6602,Instagram,@kemdikbud.ri,selamat hari lahir pancasila membentuk karakter profil pelajar pancasila,0,
6603,LinkedIn,Analis Publik,efisiensi biaya operasional sekolah implementasi portal arkas,0,
6604,Antara News,@antaranews,kemendiktisaintek kuota snbt diisi penerima kip kuliah,0,
6605,Kompas.com,@kompascom,nadiem platform merdeka mengajar kini memiliki modul literasi,0,
6606,Detik.com,@detikcom,audit bpk digitalisasi penyaluran pip berhasil menekan potensi pungli,0,
6607,Republika,@republikaonline,kemendikbudristek klaim hemat rp miliar digitalisasi rapor,0,
6608,CNN Indonesia,@CNNIndonesia,mendikbudristek sekolah dilarang mewajibkan pembelian seragam koperasi,0,
6609,WhatsApp,Grup RT,link subsidi tabungan sekolah rp juta kemendikbud klik bit ly,1,
6610,Facebook,Info Beasiswa,beasiswa full korea tanpa wawancara khusus kelulusan juni,1,
6611,X (Twitter),@Netizen_News,skandal kursi ppdb jalur zonasi dijual oknum sekolah seharga juta,1,
6612,TikTok,@berita_panas,berita duka mulai juli guru honorer diganti tenaga magang,1,
6613,Instagram,@cekfakta_id,video nadiem sebut guru punya akun threads disanksi,1,
6614,WhatsApp,Forwarded,link subsidi uang saku mahasiswa semester akhir rp juta klik bit ly,1,
6615,Facebook,Kabar Guru,syarat gaji guru wajib unggah foto liburan menggunakan batik pmm,1,
6616,X (Twitter),@PolitikUpdate,sisa anggaran pendidikan juni wajib disetor biaya kampanye,1,
6617,TikTok,@vlogger_politik,terungkap dana kip kuliah dipotong kampus biaya admin,1,
6618,Instagram,@stophoax,pendaftaran beasiswa kedokteran gratis tanpa tes tanpa berkas,1,
6619,Tempo.co,@tempodotco,kemendikbudristek optimalkan anggaran sistem procurement siplah,0,
6620,Media Indonesia,@mediaindonesia,mendikbudristek pendidikan inklusi harus menjadi standar tiap sekolah,0,
6621,YouTube,@infopendidikan,daftar ulang mahasiswa ptn jalur snbt,0,
6622,LinkedIn,Praktisi Edukasi,efisiensi energi kampus berbasis smart building hemat biaya listrik,0,
6623,Antara News,@antaranews,kemendiktisaintek program matching fund dukung inovasi pertanian digital,0,
6624,Kompas.com,@kompascom,nadiem makarim mahasiswa msib memberikan solusi nyata industri,0,
6625,Detik.com,@detikcom,pemerintah salurkan bantuan dana rehab sekolah terdampak gempa,0,
6626,Republika,@republikaonline,kemenkeu efisiensi dana pendidikan juni capai portal data,0,
6627,CNN Indonesia,@CNNIndonesia,mendikbudristek tegaskan perubahan materi kurikulum merdeka,0,
6628,CNBC Indonesia,@cnbcindonesia,sri mulyani belanja fungsi pendidikan semester target,0,
6629,Antara News,@antaranews,kemendikbudristek sekolah penggerak kini tersebar kabupaten,0,
6630,Kompas.com,@kompascom,jadwal pendaftaran jalur mandiri ptn pengumuman snbt,0,
6631,Detik.com,@detikcom,nadiem guru ujung tombak keberhasilan merdeka belajar,0,
6632,Tempo.co,@tempodotco,pemerintah beri insentif sekolah sukses terapkan digitalisasi,0,
6633,Media Indonesia,@mediaindonesia,mendikbudristek sekolah harus steril aktivitas politik ppdb,0,
6634,Republika,@republikaonline,kemenkeu penyaluran dana bos cepat sistem,0,
6635,CNN Indonesia,@CNNIndonesia,nadiem kurikulum merdeka digunakan ribu sekolah,0,
6636,CNBC Indonesia,@cnbcindonesia,sri mulyani anggaran pendidikan investasi jangka panjang terbesar,0,
6637,Antara News,@antaranews,kemendiktisaintek buka pendaftaran beasiswa dosen tahap juni,0,
6638,Liputan6,@liputan6dotcom,kemendikbudristek batas akhir aktivasi rekening pip juni,0,
6639,LinkedIn,Praktisi Edukasi,manajemen risiko dana bos kunci akuntabilitas laporan keuangan sekolah,0,
6640,Kompas.com,@kompascom,nadiem rapor pendidikan membantu sekolah menentukan prioritas belanja,0,
6641,Detik.com,@detikcom,kemendikbudristek sediakan kuota beasiswa non gelar guru,0,
6642,Republika,@republikaonline,efisiensi digitalisasi laporan bosp mengurangi penggunaan kertas,0,
6643,CNN Indonesia,@CNNIndonesia,mendikbudristek instruksikan sekolah cegah bullying masa orientasi,0,
6644,Antara News,@antaranews,pemerintah salurkan bantuan alat musik sekolah perbatasan,0,
6645,Tempo.co,@tempodotco,audit bpk penyaluran tunjangan sertifikasi guru jadwal,0,
6646,Media Indonesia,@mediaindonesia,mendikbud lulusan perguruan tinggi harus memiliki sertifikasi global,0,
6647,CNBC Indonesia,@cnbcindonesia,sri mulyani pastikan dana gaji guru daerah ditransfer,0,
6648,Kompas.com,@kompascom,pendaftaran sekolah kedinasan jalur poltekim poltekip dibuka juni,0,
6649,Detik.com,@detikcom,nadiem mahasiswa magang merdeka mendapat uang saku prosedur,0,
6650,Republika,@republikaonline,kemendikbudristek optimalkan penggunaan produk lokal sekolah,0,
6651,CNN Indonesia,@CNNIndonesia,nadiem makarim literasi digital siswa harus dimulai lingkungan keluarga,0,
6652,Antara News,@antaranews,pemerintah bangun pusat pelatihan vokasi ikn mulai juni,0,
6653,Tempo.co,@tempodotco,kemendikbudristek gunakan dashboard digital pantau kinerja guru,0,
6654,Media Indonesia,@mediaindonesia,mendikbud profil pelajar pancasila fokus akhlak nalar kritis,0,
6655,CNBC Indonesia,@cnbcindonesia,sri mulyani belanja pendidikan juni membantu jaga daya membeli tenaga pendidik,0,
6656,Kompas.com,@kompascom,kemendikbudristek beri hibah riset dosen perguruan tinggi,0,
6657,Detik.com,@detikcom,nadiem program kampus mengajar tingkatkan literasi daerah terpencil,0,
6658,Republika,@republikaonline,efisiensi data pendidikan memangkas jalur birokrasi rumit,0,
6659,CNN Indonesia,@CNNIndonesia,nadiem implementasi kurikulum merdeka dievaluasi survei nasional,0,
6660,Antara News,@antaranews,pemerintah beri penghargaan sekolah tata kelola bos terbaik,0,
6661,Tempo.co,@tempodotco,kemendikbudristek hemat rp miliar sistem seleksi ptn digital,0,
6662,Media Indonesia,@mediaindonesia,mendikbud link and match vokasi industri meningkatkan serapan kerja,0,
6663,CNBC Indonesia,@cnbcindonesia,sri mulyani dana abadi pendidikan mencapai angka rp triliun,0,
6664,Kompas.com,@kompascom,kemendikbudristek umumkan hasil akreditasi sekolah tahap,0,
6665,Detik.com,@detikcom,nadiem mahasiswa kini dapat mengambil mata kuliah prodi asal,0,
6666,Republika,@republikaonline,efisiensi katalog sektoral mempercepat pengadaan buku pelajaran,0,
6667,CNN Indonesia,@CNNIndonesia,nadiem makarim lingkungan pendidikan harus bebas intoleransi,0,
6668,Antara News,@antaranews,pemerintah salurkan bantuan dana rehab sekolah pasca banjir sumatera,0,
6669,Tempo.co,@tempodotco,audit bpk pengelolaan dana bos jawa barat transparan,0,
6670,Media Indonesia,@mediaindonesia,mendikbud transformasi digital pendidikan perlu sinergi lintas sektor,0,
6671,CNBC Indonesia,@cnbcindonesia,sri mulyani realisasi belanja fungsi pendidikan uu apbn,0,
6672,Kompas.com,@kompascom,kemendikbudristek beri beasiswa mahasiswa berprestasi olahraga,0,
6673,Detik.com,@detikcom,nadiem inovasi guru platform merdeka mengajar semakin kreatif,0,
6674,WhatsApp,Grup Sekolah,biaya administrasi pengambilan rapor semester genap sebesar rp ribu,1,
6675,Facebook,Viral News,dana bos juni tertunda anggaran dipakai membayar utang negara,1,
6676,X (Twitter),@LeakIndo,terungkap dana pendidikan dipakai membeli perhiasan mewah anak pejabat,1,
6677,TikTok,@news_update,bahaya layar gadget cek pengumuman snbt dapat sebabkan radiasi otak,1,
6678,Instagram,@fakta_edu,mahasiswa kip kuliah wajib menabung uang sakunya bank kampus,1,
6679,YouTube,@berita_sekolah,kemendikbud resmi umumkan libur semester ditambah menjadi bulan,1,
6680,WhatsApp,Grup RT,sekolah mengadakan acara perpisahan hotel disanksi,1,
6681,Facebook,Info Cepat,beasiswa taiwan ditutup permanen konflik politik per juni,1,
6682,X (Twitter),@Netizen_News,skandal dana laboratorium sekolah dibeli barang bekas,1,
6683,TikTok,@berita_panas,berita duka guru honorer diberhentikan serentak juni,1,
6684,WhatsApp,Forwarded,link subsidi uang saku mahasiswa semester rp juta klik bit ly,1,
6685,Facebook,Kabar Guru,sertifikat pendidik wajib diperpanjang tiap tahun biaya registrasi,1,
6686,X (Twitter),@PolitikNews,dana bos juni macet negara kehabisan kas proyek ikn,1,
6687,TikTok,@vlogger_edu,mulai juli siswa tanpa kartu pintar digital dilarang masuk sekolah,1,
6688,Instagram,@cekfakta_id,video nadiem mengatakan guru diganti mentor ai per januari,1,
6689,WhatsApp,Grup Guru,iuran wajib guru dana jalan jalan dinas rp ribu per orang,1,
6690,Facebook,Info Beasiswa,beasiswa inggris jalur khusus pendaftaran minggu terakhir juni,1,
6691,X (Twitter),@RakyatUpdate,dana pendidikan rp triliun dialihkan membeli mobil listrik dinas,1,
6692,TikTok,@berita_edu,berita gembira nadiem beri saldo dana rp ribu share post,1,
6693,Instagram,@stophoax,link pendaftaran beasiswa negeri jalur tiket pesawat gratis,1,
6694,WhatsApp,Grup Sekolah,biaya pengolahan nilai kelulusan siswa dibebankan rp ribu per siswa,1,
6695,Facebook,Viral News,dana pendidikan dialirkan membayar bunga utang negeri,1,
6696,X (Twitter),@LeakIndo,terungkap laptop bantuan sekolah dijual oknum dinas,1,
6697,TikTok,@news_update,bahaya sinyal wi fi sekolah dapat menyebabkan penyakit kulit langka,1,
6698,Instagram,@fakta_edu,mahasiswa penerima kip kuliah dilarang pulang kampung liburan,1,
6699,YouTube,@berita_sekolah,kemendikbud resmi hapus seragam sekolah mulai semester ganjil,1,
6700,WhatsApp,Grup RT,sekolah ikut lomba kebersihan didenda rp juta,1,
6701,Facebook,Info Cepat,pendaftaran beasiswa amerika jalur tiket gratis ditutup juni,1,
6702,X (Twitter),@Netizen_News,skandal dana pengadaan buku perpustakaan proyek fiktif,1,
6703,TikTok,@berita_panas,berita duka slb ditutup mulai juli anggaran,1,
6704,Instagram,@cekfakta_id,video nadiem sebut kantin sekolah boleh menjual menu rebusan,1,
6705,WhatsApp,Grup Guru,iuran wajib guru bingkisan lebaran haji pengawas rp ribu,1,
6706,Facebook,Info Beasiswa,beasiswa singapura jalur khusus pendaftaran hari raya idul adha,1,
6707,X (Twitter),@LeakIndo,dana beasiswa lpdp juni macet anggaran dialihkan ikn,1,
6708,TikTok,@news_update,bahaya seragam sekolah bahan sintetis dapat sebabkan kanker kulit,1,
6709,Instagram,@fakta_edu,mahasiswa kip kuliah wajib menabung uang sakunya koperasi,1,
6710,WhatsApp,Forwarded,link subsidi pulsa belajar liburan gb klik bit ly pulsa libur,1,
6711,Facebook,Kabar Guru,guru mengeluh soal gaji medsos diblokir dapodiknya,1,
6712,X (Twitter),@PolitikNews,terungkap dana pendidikan rp triliun menguap proyek fiktif,1,
6713,TikTok,@vlogger_edu,mulai juli jam masuk sekolah dimajukan jadi pukul pagi,1,
6714,Instagram,@cekfakta_id,video nadiem menyebut guru wajib membeli laptop merek,1,
6715,WhatsApp,Grup Sekolah,biaya pengadaan ac kelas dibebankan orang tua rp ribu,1,
6716,Facebook,Info Cepat,mulai juni siswa sma libur hari sabtu selamanya,1,
6717,X (Twitter),@Netizen_News,skandal dana buku perpustakaan nasional dipakai membeli berlian pejabat,1,
6718,TikTok,@berita_panas,bahaya sekolah gunakan kurikulum merdeka ijazahnya laku,1,
6719,Instagram,@faktakita,siswa punya kartu indonesia sehat dilarang ikut ppdb,1,
6720,WhatsApp,Grup Guru,surat perintah guru wajib menyumbang rp ribu acara dinas,1,
6721,Facebook,Viral News,dana bos juni dipotong membayar bunga utang negara,1,
6722,X (Twitter),@LeakIndo,terungkap tablet bantuan sekolah dijual oknum pejabat,1,
6723,TikTok,@news_update,bahaya meminum air kantin sekolah dapat sebabkan iq menurun,1,
6724,Instagram,@fakta_edu,siswa lolos snbt wajib membayar uang pangkal minimal rp juta,1,
6725,WhatsApp,Forwarded,link subsidi baju seragam rp ribu klik bit ly seragam,1,
6726,Facebook,Kabar Guru,lowongan pppk guru dibatalkan total anggaran,1,
6727,X (Twitter),@PolitikNews,dana sertifikasi guru juni ditunda biaya perbaikan kantor dinas,1,
6728,Instagram,@cekfakta_id,video nadiem mengatakan kantin sekolah boleh menjual buah lokal,1,
6729,Kompas.com,@kompascom,upacara hut ri kemendikbudristek melaju indonesia maju,0,
6730,Detik.com,@detikcom,nadiem makarim kemerdekaan belajar kunci mencetak generasi tangguh,0,
6731,WhatsApp,Grup Sekolah,link subsidi uang kemerdekaan rp juta pelajar klik bit ly ri edu,1,
6732,Facebook,Info Guru,aturan guru wajib mengikuti lomba panjat pinang syarat sertifikasi,1,
6733,Antara News,@antaranews,kemendikbudristek mengirim siswa berprestasi ajang olimpiade internasional,0,
6734,CNBC Indonesia,@cnbcindonesia,sri mulyani anggaran pendidikan agustus terfokus beasiswa unggulan,0,
6735,X (Twitter),@PolitikUpdate,dana lomba an kemendikbud habis rp miliar konsumsi,1,
6736,TikTok,@vlogger_edu,berita buruk mulai september siswa wajib masuk hari minggu upacara,1,
6737,Republika,@republikaonline,efisiensi anggaran perayaan hut ri sekolah fokus kreativitas bahan daur ulang,0,
6738,CNN Indonesia,@CNNIndonesia,nadiem beasiswa unggulan dibuka mahasiswa berprestasi,0,
6739,WhatsApp,Forwarded,link kuota internet gratis gb spesial hut ri kemdikbud klik bit ly,1,
6740,Facebook,Info Cepat,mulai agustus siswa wajib hafal lagu nasional lulus,1,
6741,X (Twitter),@EduLeaks,dokumen bocor anggaran kip kuliah dipotong biaya ikn,1,
6742,TikTok,@news_update,bahaya mencium bendera upacara dapat sebabkan infeksi saluran napas,1,
6743,Instagram,@faktakita,siswa menang lomba an dikurangi nilai rapornya,1,
6744,YouTube,Kemdikbud RI,pidato mendikbudristek makna kemerdekaan budaya kerja guru,0,
6745,WhatsApp,Grup Guru,iuran wajib guru sewa panggung hut ri dinas rp ribu,1,
6746,Facebook,Viral Edu,kemenkeu cairkan bonus kemerdekaan rp juta pendidik honorer,1,
6747,X (Twitter),@LeakIndo,dana rehab sekolah agustus dialihkan membeli helikopter pejabat,1,
6748,TikTok,@berita_edu,berita gembira nadiem beri saldo wallet rp ribu share video,1,
6749,CNBC Indonesia,@cnbcindonesia,sri mulyani belanja pendidikan agustus terserap total pagu,0,
6750,Liputan6,@liputan6dotcom,kemendikbudristek sekolah dihimbau rayakan hut ri hemat energi,0,
6751,YouTube,@infopendidikan,daftar beasiswa unggulan kemendikbud mahasiswa,0,
6752,Instagram,@kemdikbud.ri,semarak hut ri profil pelajar pancasila bangga budaya bangsa,0,
6753,LinkedIn,Analis Publik,efisiensi biaya administrasi beasiswa otomasi verifikasi data,0,
6754,Antara News,@antaranews,kemendiktisaintek target mahasiswa magang perusahaan global,0,
6755,Kompas.com,@kompascom,nadiem program kampus mengajar angkatan resmi diterjunkan,0,
6756,Detik.com,@detikcom,audit bpk penyaluran dana bos kinerja tepat sasaran efisien,0,
6757,Republika,@republikaonline,kemendikbudristek hemat rp miliar pengadaan laptop merah putih,0,
6758,CNN Indonesia,@CNNIndonesia,mendikbudristek cegah perundungan sekolah wajib bentuk tim tppk,0,
6759,WhatsApp,Grup Sekolah,biaya administrasi cetak sertifikat lomba hut ri rp ribu per siswa,1,
6760,Facebook,Viral News,dana bos agustus dipotong membiayai perbaikan monumen nasional,1,
6761,X (Twitter),@LeakIndo,terungkap dana beasiswa lpdp mengalir rekening istri pejabat bank,1,
6762,TikTok,@news_update,bahaya makan kerupuk lomba sekolah dapat sebabkan keracunan massal,1,
6763,Instagram,@fakta_edu,mahasiswa kip kuliah wajib menyumbang uang saku kas negara,1,
6764,YouTube,@berita_sekolah,kemendikbud resmi hapus upacara bendera senin mulai september,1,
6765,WhatsApp,Grup RT,sekolah pasang bendera bulan penuh dicabut izinnya,1,
6766,Facebook,Info Cepat,pendaftaran beasiswa amerika jalur tanpa paspor ditutup agustus,1,
6767,X (Twitter),@Netizen_News,skandal dana pengadaan seragam lomba sekolah proyek fiktif,1,
6768,TikTok,@berita_panas,berita duka slb jabodetabek digabung per oktober,1,
6769,WhatsApp,Forwarded,link subsidi uang saku mahasiswa semester rp juta klik bit ly,1,
6770,Facebook,Kabar Guru,sertifikat pendidik kini masa berlakunya wajib membayar uji ulang,1,
6771,X (Twitter),@PolitikNews,dana bos agustus macet kas negara dipakai membeli pesawat,1,
6772,TikTok,@vlogger_edu,mulai september siswa tanpa kartu sehat digital dilarang masuk kantin,1,
6773,Instagram,@cekfakta_id,video nadiem sebut guru diganti ai per inovatif,1,
6774,WhatsApp,Grup Guru,iuran wajib guru paket parsel merdeka pengawas rp ribu,1,
6775,Facebook,Info Beasiswa,beasiswa inggris jalur khusus pendaftaran detik proklamasi,1,
6776,X (Twitter),@RakyatUpdate,dana pendidikan rp triliun dialihkan membeli mobil mewah menteri,1,
6777,TikTok,@berita_edu,berita gembira nadiem beri saldo dana rp ribu siswa rajin,1,
6778,Instagram,@stophoax,link pendaftaran beasiswa negeri jalur tiket pesawat gratis,1,
6779,WhatsApp,Grup Sekolah,biaya pengadaan foto presiden wapres rp ribu per kelas,1,
6780,Facebook,Viral News,dana pendidikan nasional dialirkan membiayai hutang kereta cepat,1,
6781,X (Twitter),@LeakIndo,terungkap tablet bantuan sekolah dijual pasar gelap,1,
6782,TikTok,@news_update,bahaya sinyal wi fi sekolah dapat menyebabkan kebotakan siswa,1,
6783,Instagram,@fakta_edu,mahasiswa penerima kip kuliah dilarang mengikuti demo kampus,1,
6784,YouTube,@berita_sekolah,kemendikbud resmi hapus seragam pramuka mulai semester,1,
6785,WhatsApp,Grup RT,sekolah ikut karnaval kecamatan didenda rp juta,1,
6786,Facebook,Info Cepat,beasiswa jerman ditutup perang per agustus,1,
6787,X (Twitter),@Netizen_News,skandal dana buku perpustakaan nasional dipakai membeli berlian,1,
6788,TikTok,@berita_panas,berita duka sekolah swasta tanpa akreditasi ditutup akhir tahun,1,
6789,Instagram,@cekfakta_id,video nadiem sebut kantin sekolah boleh menjual makanan rebusan,1,
6790,WhatsApp,Grup Guru,iuran wajib guru bingkisan hut ri pejabat dinas rp ribu,1,
6791,Facebook,Info Beasiswa,beasiswa jepang jalur khusus lulusan sma tahun,1,
6792,X (Twitter),@LeakIndo,dana beasiswa lpdp agustus macet dialihkan dana pemilihan umum,1,
6793,TikTok,@news_update,bahaya seragam sekolah bahan murah dapat menyebabkan penyakit paru,1,
6794,Instagram,@fakta_edu,mahasiswa kip kuliah wajib menabung uang sakunya bank kampus,1,
6795,WhatsApp,Forwarded,link subsidi pulsa merdeka gb klik bit ly pulsa ri,1,
6796,Facebook,Kabar Guru,guru sering mengeluh facebook dicabut tpg,1,
6797,X (Twitter),@PolitikNews,terungkap dana pendidikan rp triliun menguap proyek fiktif,1,
6798,TikTok,@vlogger_edu,mulai oktober jam istirahat sekolah dihapus efisiensi,1,
6799,Instagram,@cekfakta_id,video nadiem menyebut siswa wajib membeli laptop,1,
6800,WhatsApp,Grup Sekolah,biaya pengadaan ac aula sekolah dibebankan wali murid,1,
6801,Facebook,Info Cepat,mulai agustus siswa libur hari sabtu minggu,1,
6802,X (Twitter),@Netizen_News,skandal dana pengadaan komputer sekolah dipakai membeli mobil pribadi,1,
6803,Instagram,@faktakita,siswa punya kartu indonesia sehat dilarang masuk sekolah,1,
6804,Kompas.com,@kompascom,hari aksara internasional fokus transformasi literasi digital,0,
6805,WhatsApp,Grup Sekolah,link pendaftaran subsidi sepatu sekolah rp ribu kemdikbud,1,
6806,CNBC Indonesia,@cnbcindonesia,sri mulyani anggaran pendidikan september fokus sarana olahraga smk,0,
6807,TikTok,@news_update,bahaya radiasi sinyal asesmen nasional dapat menyebabkan pusing akut,1,
6808,Antara News,@antaranews,kemendikbudristek penyaluran dana bos tahap mencapai,0,
6809,Facebook,Info Guru,aturan guru membawa bekal makan siang disanksi,1,
6810,Detik.com,@detikcom,nadiem makarim asesmen nasional penentu kelulusan pemetaan,0,
6811,X (Twitter),@PolitikUpdate,dana haornas rp miliar menguap membeli tiket konser pejabat,1,
6812,Republika,@republikaonline,efisiensi anggaran digitalisasi sistem asesmen nasional hemat logistik,0,
6813,CNN Indonesia,@CNNIndonesia,nadiem guru honorer lolos seleksi pppk segera menerima sk,0,
6814,WhatsApp,Forwarded,link subsidi pulsa bulan literasi gb kemdikbud klik bit ly,1,
6815,Instagram,@kemdikbud.ri,selamat hari olahraga nasional tubuh sehat pikiran jernih prestasi gemilang,0,
6816,Facebook,Info Cepat,mulai september siswa wajib memiliki akun investasi digital tugas,1,
6817,Tempo.co,@tempodotco,kemendikbudristek salurkan bantuan alat musik tradisional sma smk,0,
6818,X (Twitter),@EduLeaks,dokumen bocor pemerintah memotong gaji guru dana kampanye,1,
6819,YouTube,Kemdikbud RI,sosialisasi juknis bantuan operasional penyelenggaraan bop paud,0,
6820,WhatsApp,Grup Guru,iuran wajib guru kenang kenangan pejabat mutasi rp ribu,1,
6821,LinkedIn,Analis Publik,efisiensi biaya operasional sekolah pengawasan digital arkas,0,
6822,Facebook,Viral Edu,kemenkeu cairkan bantuan alat olahraga rp juta pemilik kip,1,
6823,CNBC Indonesia,@cnbcindonesia,sri mulyani belanja pendidikan september terfokus tunjangan profesi,0,
6824,TikTok,@berita_edu,berita gembira nadiem beri saldo wallet rp ribu edisi hari aksara,1,
6825,Liputan6,@liputan6dotcom,kemendikbudristek sekolah dihimbau aktifkan ekstrakurikuler olahraga,0,
6826,X (Twitter),@LeakIndo,dana pendidikan september dipakai membayar influencer negeri,1,
6827,Antara News,@antaranews,kemendiktisaintek mahasiswa magang msib masuk tahap mid program,0,
6828,Instagram,@faktakita,siswa membayar iuran perpustakaan dilarang pinjam buku,1,
6829,Kompas.com,@kompascom,nadiem rapor pendidikan jadi kompas sekolah berbenah,0,
6830,TikTok,@vlogger_edu,berita buruk mulai oktober mata pelajaran matematika dihapus,1,
6831,Detik.com,@detikcom,audit bpk penggunaan dana bos menunjukkan perbaikan signifikan,0,
6832,YouTube,@infopendidikan,mengecek status pencairan pip tahap tahun,0,
6833,Republika,@republikaonline,kemendikbudristek klaim hemat rp miliar digitalisasi buku,0,
6834,WhatsApp,Grup Sekolah,biaya administrasi pengaktifan kartu literasi sekolah rp ribu,1,
6835,CNN Indonesia,@CNNIndonesia,mendikbudristek kampus merdeka memberi pengalaman kerja nyata,0,
6836,Facebook,Viral News,dana bos september macet total anggaran negara defisit,1,
6837,Media Indonesia,@mediaindonesia,mendikbud profil pelajar pancasila fokus nalar kritis siswa,0,
6838,X (Twitter),@LeakIndo,terungkap dana pendidikan dipakai membeli saham perusahaan oknum,1,
6839,Antara News,@antaranews,pemerintah beri penghargaan sekolah literasi digital terbaik,0,
6840,TikTok,@news_update,bahaya membaca buku digital terlalu lama menyebabkan mata merah,1,
6841,Kompas.com,@kompascom,jadwal seleksi akademik ppg jabatan september,0,
6842,Instagram,@fakta_edu,mahasiswa kip kuliah wajib menyumbangkan buku perpustakaan,1,
6843,Republika,@republikaonline,kemenkeu efisiensi dana pendidikan capai budgeting,0,
6844,YouTube,@berita_sekolah,kemendikbud resmi hapus mata pelajaran olahraga mulai oktober,1,
6845,Detik.com,@detikcom,nadiem transformasi pendidikan membutuhkan gotong royong,0,
6846,WhatsApp,Grup RT,sekolah ikut parade haornas dikenakan denda rp juta,1,
6847,Tempo.co,@tempodotco,kemendikbudristek umumkan pemenang lomba literasi nasional hut ri,0,
6848,Facebook,Info Cepat,beasiswa australia tanpa berkas ditutup permanen akhir september,1,
6849,Antara News,@antaranews,kemendiktisaintek luncurkan beasiswa dosen skema lpdp,0,
6850,X (Twitter),@Netizen_News,skandal dana pembangunan gor sekolah masuk kantong pribadi,1,
6851,CNBC Indonesia,@cnbcindonesia,sri mulyani pastikan anggaran pendidikan berkurang,0,
6852,TikTok,@berita_panas,berita duka guru honorer tanpa sertifikat dirumahkan,1,
6853,Media Indonesia,@mediaindonesia,mendikbud pendidikan karakter harus menjadi jiwa kurikulum sekolah,0,
6854,WhatsApp,Forwarded,link subsidi uang saku mahasiswa semester rp juta klik bit ly,1,
6855,Kompas.com,@kompascom,nadiem platform merdeka mengajar kini diakses juta guru,0,
6856,Facebook,Kabar Guru,guru memasang spanduk haornas dipotong tunjangan,1,
6857,Republika,@republikaonline,efisiensi digitalisasi laporan pip kurangi penggunaan kertas drastis,0,
6858,X (Twitter),@PolitikNews,dana bos september dipotong biaya renovasi rumah pejabat,1,
6859,CNN Indonesia,@CNNIndonesia,mendikbudristek instruksikan sekolah cegah kekerasan seksual,0,
6860,TikTok,@vlogger_edu,mulai oktober jam istirahat sekolah dipangkas jadi menit,1,
6861,Antara News,@antaranews,pemerintah salurkan bantuan laboratorium ipa smp negeri,0,
6862,Instagram,@cekfakta_id,video nadiem mengatakan guru diganti tutor ai tahun,1,
6863,Tempo.co,@tempodotco,audit bpk penggunaan dana bos bali mendapat predikat wtp,0,
6864,WhatsApp,Grup Guru,iuran wajib guru bingkisan haornas pejabat dinas rp ribu,1,
6865,Media Indonesia,@mediaindonesia,mendikbud lulusan universitas harus memiliki skill kewirausahaan,0,
6866,Facebook,Info Beasiswa,beasiswa inggris jalur khusus pendaftaran hari haornas,1,
6867,Kompas.com,@kompascom,pendaftaran sekolah kedinasan jalur polstat stis masuk tahap akhir,0,
6868,X (Twitter),@RakyatUpdate,dana pendidikan rp triliun dialihkan membeli mobil mewah,1,
6869,Detik.com,@detikcom,kemendikbudristek sediakan beasiswa khusus guru daerah,0,
6870,TikTok,@berita_edu,berita gembira nadiem beri saldo dana rp ribu siswa rajin,1,
6871,Republika,@republikaonline,kemendikbudristek optimalkan dana bosp peningkatan literasi,0,
6872,Instagram,@stophoax,link pendaftaran beasiswa negeri jalur tiket pesawat gratis,1,
6873,CNN Indonesia,@CNNIndonesia,nadiem makarim literasi digital guru harus ditingkatkan,0,
6874,WhatsApp,Grup Sekolah,biaya pengadaan foto presiden wapres rp ribu per kelas,1,
6875,Antara News,@antaranews,pemerintah bangun pusat pelatihan vokasi kawasan industri,0,
6876,Facebook,Viral News,dana pendidikan nasional dialirkan membiayai hutang kereta,1,
6877,Tempo.co,@tempodotco,kemendikbudristek gunakan data dapodik distribusi buku teks,0,
6878,X (Twitter),@LeakIndo,terungkap tablet bantuan sekolah dijual pasar gelap,1,
6879,Media Indonesia,@mediaindonesia,mendikbud guru harus menjadi fasilitator pembelajaran aktif,0,
6880,TikTok,@news_update,bahaya sinyal wi fi sekolah dapat menyebabkan kebotakan siswa,1,
6881,CNBC Indonesia,@cnbcindonesia,sri mulyani belanja pendidikan september membantu daya membeli guru,0,
6882,Instagram,@fakta_edu,mahasiswa penerima kip kuliah dilarang mengikuti demo kampus,1,
6883,Kompas.com,@kompascom,kemendikbudristek beri hibah riset dosen perguruan tinggi swasta,0,
6884,YouTube,@berita_sekolah,kemendikbud resmi hapus seragam pramuka mulai semester,1,
6885,Detik.com,@detikcom,nadiem program msib berhasil hubungkan mahasiswa industri,0,
6886,WhatsApp,Grup RT,sekolah ikut karnaval kecamatan didenda rp juta,1,
6887,Republika,@republikaonline,efisiensi integrasi data pendidikan kurangi tugas admin guru,0,
6888,Facebook,Info Cepat,beasiswa jerman ditutup perang per september,1,
6889,CNN Indonesia,@CNNIndonesia,nadiem kurikulum merdeka bergantung inovasi kepsek,0,
6890,X (Twitter),@Netizen_News,skandal dana buku perpustakaan nasional membeli berlian,1,
6891,Antara News,@antaranews,pemerintah beri penghargaan guru honorer wilayah perbatasan,0,
6892,TikTok,@berita_panas,berita duka sekolah swasta tanpa akreditasi ditutup akhir tahun,1,
6893,Tempo.co,@tempodotco,kemendikbudristek hemat rp miliar sistem seleksi digital,0,
6894,Instagram,@cekfakta_id,video nadiem sebut kantin sekolah boleh menjual menu rebusan,1,
6895,Media Indonesia,@mediaindonesia,mendikbud pendidikan vokasi harus relevan kebutuhan pasar,0,
6896,WhatsApp,Grup Guru,iuran wajib guru paket parsel haornas pengawas rp ribu,1,
6897,CNBC Indonesia,@cnbcindonesia,sri mulyani dana abadi pendidikan membantu ribuan mahasiswa kuliah,0,
6898,Facebook,Info Beasiswa,beasiswa jepang jalur khusus lulusan sma tahun,1,
6899,Kompas.com,@kompascom,kemendikbudristek umumkan hasil seleksi ppg jabatan tahap,0,
6900,X (Twitter),@LeakIndo,dana beasiswa lpdp september macet dialihkan dana pemilihan umum,1,
6901,Detik.com,@detikcom,nadiem mahasiswa bebas eksplorasi minat program studinya,0,
6902,TikTok,@news_update,bahaya seragam sekolah bahan murah menyebabkan penyakit paru,1,
6903,Republika,@republikaonline,efisiensi katalog elektronik sektoral hemat biaya pengadaan buku,0,
6904,Instagram,@fakta_edu,mahasiswa kip kuliah wajib menabung uang saku bank kampus,1,
6905,CNN Indonesia,@CNNIndonesia,nadiem makarim lingkungan sekolah harus bebas perundungan,0,
6906,WhatsApp,Forwarded,link subsidi pulsa merdeka gb klik bit ly pulsa literasi,1,
6907,Antara News,@antaranews,pemerintah salurkan bantuan dana rehab sekolah pasca bencana,0,
6908,Facebook,Kabar Guru,guru sering mengeluh facebook dicabut tpg,1,
6909,Tempo.co,@tempodotco,audit bpk pengelolaan dana bos yogyakarta akuntabel,0,
6910,X (Twitter),@PolitikNews,terungkap dana pendidikan rp triliun menguap proyek fiktif,1,
6911,Media Indonesia,@mediaindonesia,mendikbud kolaborasi kunci utama kemajuan pendidikan ri,0,
6912,TikTok,@vlogger_edu,mulai oktober siswa wajib membeli gadget merek tertentu,1,
6913,CNBC Indonesia,@cnbcindonesia,sri mulyani realisasi belanja fungsi pendidikan target,0,
6914,Instagram,@cekfakta_id,video nadiem menyebut siswa wajib membeli laptop,1,
6915,Kompas.com,@kompascom,kemendikbudristek beri beasiswa siswa berprestasi seni budaya,0,
6916,WhatsApp,Grup Sekolah,biaya pengadaan ac aula sekolah dibebankan wali murid,1,
6917,Detik.com,@detikcom,nadiem inovasi pembelajaran guru meningkat komunitas,0,
6918,Facebook,Info Cepat,mulai september siswa libur hari sabtu minggu,1,
6919,Republika,@republikaonline,efisiensi dashboard monitoring bosp cegah pelaporan dana ganda,0,
6920,X (Twitter),@Netizen_News,skandal dana pengadaan komputer sekolah dipakai membeli mobil pribadi,1,
6921,CNN Indonesia,@CNNIndonesia,nadiem kampus harus menjadi pusat inovasi kreativitas bangsa,0,
6922,Instagram,@faktakita,siswa punya kartu indonesia sehat dilarang masuk sekolah,1,
6923,Antara News,@antaranews,pemerintah targetkan sekolah terkoneksi internet,0,
6924,YouTube,@infopendidikan,daftar ulang mahasiswa jalur mandiri september,0,
6925,WhatsApp,Grup Sekolah,link subsidi uang jajan september rp ribu klik bit ly,1,
6926,Kompas.com,@kompascom,nadiem makarim vokasi berperan penting hilirisasi industri,0,
6927,Facebook,Viral News,dana pendidikan september dialihkan subsidi bbm nasional,1,
6928,Detik.com,@detikcom,audit bpk efisiensi pengadaan laptop pelajar meningkat,0,
6929,X (Twitter),@LeakIndo,terungkap guru honor demo kemarin langsung dipecat sepihak,1,
6930,Republika,@republikaonline,kemendikbudristek hapus kewajiban laporan fisik guru penggerak,0,
6931,TikTok,@berita_edu,berita gembira nadiem beri kuota gb follow akun,1,
6932,CNN Indonesia,@CNNIndonesia,mendikbud sinergi sekolah industri percepat serapan lulusan,0,
6933,Instagram,@stophoax,link pendaftaran beasiswa tanpa ijazah khusus bulan september,1,
6934,Tempo.co,@tempodotco,kemendikbudristek hemat rp triliun transformasi digital,0,
6935,WhatsApp,Grup Guru,iuran wajib guru renovasi kantor cabang dinas rp ribu,1,
6936,Media Indonesia,@mediaindonesia,mendikbud pendidik harus memberikan teladan berperilaku,0,
6937,Facebook,Info Cepat,mulai oktober siswa sd wajib belajar jam sehari kejar target,1,
6938,LinkedIn,Praktisi Edu,dampak penggunaan kinerja produktivitas guru sekolah,0,
6939,X (Twitter),@PolitikUpdate,dana riset nasional rp triliun dipakai membeli helikopter operasional,1,
6940,Antara News,@antaranews,kemendiktisaintek mahasiswa magang merdeka evaluasi tengah semester,0,
6941,TikTok,@vlogger_edu,berita buruk tahun siswa wajib membayar uang gedung kali lipat,1,
6942,Kompas.com,@kompascom,kemendikbudristek sekolah wajib laporkan penggunaan dana bosp,0,
6943,Instagram,@fakta_edu,mahasiswa penerima pip wajib menyerahkan dana kas kelas,1,
6944,Detik.com,@detikcom,nadiem kurikulum merdeka terbukti mengurangi beban administrasi,0,
6945,WhatsApp,Forwarded,link subsidi alat tulis rp ribu klik bit ly subsidi tulis,1,
6946,Republika,@republikaonline,efisiensi digitalisasi sertifikasi pangkas verifikasi,0,
6947,Facebook,Kabar Guru,sertifikasi guru dihapus mulai januari ganti sistem bonus,1,
6948,CNN Indonesia,@CNNIndonesia,nadiem inovasi guru kunci keberhasilan kurikulum merdeka,0,
6949,X (Twitter),@LeakIndo,dokumen rahasia dana pip semester dicairkan,1,
6950,Antara News,@antaranews,pemerintah salurkan bantuan tik sekolah daerah,0,
6951,TikTok,@news_update,bahaya mencuci seragam deterjen dapat sebabkan alergi otak,1,
6952,Tempo.co,@tempodotco,kemendikbudristek pangkas birokrasi laporan aplikasi terpadu,0,
6953,Instagram,@cekfakta_id,video nadiem sebut guru wajib menguasai bahasa asing,1,
6954,Kompas.com,@kompascom,hari guru nasional bergerak rayakan merdeka belajar,0,
6955,Detik.com,@detikcom,nadiem makarim menerima memberi guru teruslah menuntun generasi bangsa,0,
6956,WhatsApp,Grup Sekolah,link subsidi kado hari guru rp juta kemdikbud klik bit ly,1,
6957,Facebook,Viral News,dana sertifikasi guru november dipotong biaya kampanye,1,
6958,X (Twitter),@PolitikUpdate,terungkap anggaran hgn rp miliar habis sewa hotel mewah,1,
6959,TikTok,@news_update,bahaya memakai kapur tulis mengajar dapat sebabkan kanker paru,1,
6960,Instagram,@fakta_edu,guru upload foto pakai batik pmm dicabut tpg,1,
6961,WhatsApp,Forwarded,link pendaftaran beasiswa jalur tanpa tes khusus hari pahlawan,1,
6962,Antara News,@antaranews,kemendikbudristek penyaluran dana bosp tahap terakhir,0,
6963,CNBC Indonesia,@cnbcindonesia,sri mulyani bonus akhir tahun guru honor cair desember,0,
6964,Republika,@republikaonline,efisiensi anggaran perayaan hari guru sekolah fokus apresiasi non materi,0,
6965,CNN Indonesia,@CNNIndonesia,nadiem seleksi kompetensi pppk guru digelar transparan menggunakan cat,0,
6966,Tempo.co,@tempodotco,kemendikbudristek hemat rp miliar digitalisasi rapor pendidikan,0,
6967,WhatsApp,Grup RT,link subsidi uang saku pahlawan rp ribu pelajar klik bit ly,1,
6968,Facebook,Info Cepat,mulai november siswa wajib membawa masker khusus merek masuk kelas,1,
6969,X (Twitter),@LeakIndo,dana beasiswa lpdp november macet dialokasikan dana ikn,1,
6970,Kompas.com,@kompascom,nadiem makarim kurikulum merdeka dievaluasi hasil maksimal,0,
6971,Detik.com,@detikcom,audit bpk penyaluran dana pip akurat dibanding tahun,0,
6972,TikTok,@vlogger_edu,berita buruk mulai desember kantin sekolah wajib tutup selamanya,1,
6973,Instagram,@stophoax,pendaftaran beasiswa negeri gratis laptop tanpa seleksi berkas,1,
6974,WhatsApp,Grup Guru,iuran wajib guru bingkisan pensiun kepala dinas rp ribu,1,
6975,Facebook,Kabar Guru,guru mengikuti webinar diblokir akun dapodiknya,1,
6976,X (Twitter),@EduLeaks,dokumen bocor pemerintah menghapus mapel agama kurikulum merdeka,1,
6977,YouTube,@berita_sekolah,kemendikbud resmi umumkan libur semester ganjil ditambah minggu,1,
6978,Antara News,@antaranews,kemendiktisaintek mahasiswa magang merdeka mulai masuk tahap penilaian akhir,0,
6979,CNBC Indonesia,@cnbcindonesia,sri mulyani pastikan dana pendidikan tetap terjaga rapbn,0,
6980,Media Indonesia,@mediaindonesia,mendikbud guru harus menjadi teladan pemanfaatan teknologi ai,0,
6981,Liputan6,@liputan6dotcom,kemendikbudristek sekolah dihimbau gunakan arkas laporan akhir tahun,0,
6982,Republika,@republikaonline,efisiensi digitalisasi sertifikasi guru pangkas biaya kertas,0,
6983,WhatsApp,Forwarded,link subsidi uang transportasi mahasiswa rp ribu klik bit ly,1,
6984,Facebook,Viral News,dana bos november dialihkan biaya perbaikan jalan tol nasional,1,
6985,TikTok,@news_update,bahaya meminum air sekolah dapat sebabkan kecerdasan siswa menurun,1,
6986,CNN Indonesia,@CNNIndonesia,nadiem pemanfaatan platform merdeka mengajar meningkat pesat akhir,0,
6987,Antara News,@antaranews,pemerintah salurkan bantuan sarana tik sekolah daerah,0,
6988,WhatsApp,Grup RT,sekolah ikut upacara hari guru kecamatan didenda rp juta,1,
6989,Facebook,Info Beasiswa,beasiswa inggris jalur khusus pendaftaran hari guru nasional,1,
6990,Instagram,@cekfakta_id,video nadiem menyebut guru diganti robot ai mulai januari,1,
6991,Kompas.com,@kompascom,kemendikbudristek sekolah wajib laporkan serapan dana bosp desember,0,
6992,Detik.com,@detikcom,nadiem kesejahteraan guru honorer menjadi fokus utama jalur pppk,0,
6993,Antara News,@antaranews,pemerintah salurkan bantuan laboratorium komputer smk pelosok,0,
6994,CNBC Indonesia,@cnbcindonesia,sri mulyani anggaran pendidikan difokuskan digitalisasi sekolah,0,
6995,Republika,@republikaonline,efisiensi penggunaan sistem reporting pangkas audit sekolah,0,
6996,WhatsApp,Grup Sekolah,link subsidi uang jajan hari guru rp ribu khusus hari klik bit ly,1,
6997,Facebook,Viral News,dana bos november dipotong membiayai perbaikan monumen kota,1,
6998,X (Twitter),@PolitikNews,terungkap dana pendidikan rp triliun digunakan membeli mobil menteri,1,
6999,Kompas.com,@kompascom,kemendikbudristek umumkan hasil seleksi administrasi pppk guru,0,
7000,Detik.com,@detikcom,nadiem makarim program sekolah penggerak berhasil tingkatkan literasi siswa,0,
7001,TikTok,@news_update,bahaya sinyal jaringan sekolah dapat menyebabkan kebotakan siswa sma,1,
7002,Instagram,@fakta_edu,mahasiswa kip kuliah wajib menabung uang sakunya bank kampus,1,
7003,WhatsApp,Grup Guru,iuran wajib guru sewa tenda acara hgn dinas rp ribu,1,
7004,Facebook,Info Guru,guru sering mengeluh medsos dicabut tunjangan profesinya,1,
7005,X (Twitter),@LeakIndo,dana beasiswa lpdp macet total dialokasikan dana kampanye,1,
7006,YouTube,@berita_sekolah,kemendikbud resmi hapus mata pelajaran bahasa inggris per januari,1,
7007,Antara News,@antaranews,kemendiktisaintek mahasiswa peserta msib mulai persiapan laporan akhir,0,
7008,CNBC Indonesia,@cnbcindonesia,sri mulyani realisasi dana fungsi pendidikan tetap berada angka,0,
7009,Republika,@republikaonline,efisiensi integrasi data dapodik dtks cegah penyaluran pip ganda,0,
7010,CNN Indonesia,@CNNIndonesia,nadiem platform merdeka mengajar membantu guru berinovasi tanpa batas,0,
7011,Tempo.co,@tempodotco,kemendikbudristek beri penghargaan guru inspiratif hari guru,0,
7012,WhatsApp,Grup RT,sekolah memasang umbul umbul hari guru didenda rp juta,1,
7013,Facebook,Info Beasiswa,beasiswa negeri tanpa tes khusus pendaftar tanggal november,1,
7014,X (Twitter),@EduLeaks,dokumen bocor pemerintah menghapus status guru tetap tahun,1,
7015,Kompas.com,@kompascom,jadwal pelaksanaan seleksi kompetensi pppk guru dimulai november,0,
7016,Detik.com,@detikcom,nadiem kurikulum merdeka memberikan fleksibilitas satuan pendidikan,0,
7017,TikTok,@vlogger_edu,berita buruk mulai desember siswa wajib masuk pukul sore,1,
7018,Instagram,@cekfakta_id,video nadiem sebut kantin sekolah boleh menjual sayuran rebus,1,
7019,WhatsApp,Forwarded,link subsidi pulsa guru merdeka gb spesial hari guru klik bit ly,1,
7020,Facebook,Viral News,dana sertifikasi guru dialihkan membiayai hutang kereta cepat,1,
7021,X (Twitter),@PolitikUpdate,dana hari guru rp miliar dipakai pejabat jalan jalan eropa,1,
7022,LinkedIn,Analis Publik,efisiensi biaya rekrutmen guru sistem cat terintegrasi nasional,0,
7023,Antara News,@antaranews,kemendikbudristek sekolah inklusif wajib menerima siswa berkebutuhan khusus,0,
7024,CNBC Indonesia,@cnbcindonesia,sri mulyani belanja pendidikan november terserap tunjangan khusus,0,
7025,Media Indonesia,@mediaindonesia,mendikbud pendidik harus memberikan teladan etika berteknologi,0,
7026,Liputan6,@liputan6dotcom,kemendikbudristek salurkan bantuan alat praktik smk unggulan,0,
7027,WhatsApp,Grup Sekolah,biaya administrasi pengambilan ijazah digital rp ribu per siswa,1,
7028,Facebook,Info Cepat,mulai november siswa wajib membeli gadget merek tugas sekolah,1,
7029,X (Twitter),@LeakIndo,skandal dana pengadaan laptop sekolah proyek fiktif pejabat,1,
7030,Kompas.com,@kompascom,kemendikbudristek sertifikasi guru tetap dilanjutkan tanpa perubahan,0,
7031,Detik.com,@detikcom,nadiem transformasi pendidikan membutuhkan dukungan penuh orang tua,0,
7032,TikTok,@news_update,bahaya membaca buku cetak terlalu lama dapat sebabkan gangguan mental,1,
7033,Instagram,@faktakita,siswa menang lomba hari guru nilai rapornya dikurangi,1,
7034,WhatsApp,Forwarded,link subsidi tabungan pendidikan rp juta kemdikbud klik bit ly,1,
7035,Facebook,Kabar Guru,guru memasang foto profil pmm dipotong gaji pokoknya,1,
7036,X (Twitter),@PolitikNews,dana pendidikan november macet digunakan membayar buzzer politik,1,
7037,YouTube,@infopendidikan,mengaktifkan akun belajar id guru bulan november,0,
7038,LinkedIn,Praktisi Edu,penghematan biaya listrik sekolah kampanye sekolah hemat energi,0,
7039,Antara News,@antaranews,kemendiktisaintek mahasiswa magang merdeka mulai presentasi hasil kerja,0,
7040,CNBC Indonesia,@cnbcindonesia,sri mulyani dana abadi pendidikan membantu riset ketahanan pangan nasional,0,
7041,Republika,@republikaonline,efisiensi digitalisasi laporan keuangan sekolah hemat pengeluaran atk,0,
7042,WhatsApp,Grup Guru,iuran wajib guru paket parsel akhir tahun pengawas rp ribu,1,
7043,Facebook,Viral News,dana bos november dialihkan subsidi bbm naik,1,
7044,X (Twitter),@LeakIndo,terungkap tablet bantuan kemendikbud dijual pasar gelap,1,
7045,Kompas.com,@kompascom,nadiem makarim vokasi berperan penting hilirisasi industri nasional,0,
7046,Detik.com,@detikcom,audit bpk penyaluran dana pip tahap tahun tepat sasaran,0,
7047,TikTok,@vlogger_edu,berita buruk mulai januari guru honor dipecat massal,1,
7048,Instagram,@stophoax,link pendaftaran beasiswa jepang jalur khusus tanpa syarat toefl,1,
7049,WhatsApp,Grup Sekolah,biaya pengadaan ac kelas dibebankan wali murid rp ribu,1,
7050,Facebook,Info Beasiswa,beasiswa amerika tanpa seleksi khusus pendaftar hari pahlawan,1,
7051,X (Twitter),@EduLeaks,dokumen rahasia gaji guru pppk dipotong mulai tahun,1,
7052,YouTube,@berita_sekolah,kemendikbud resmi hapus upacara hari senin mulai semester,1,
7053,Antara News,@antaranews,kemendikbudristek sekolah dihimbau rayakan hari pahlawan khidmat,0,
7054,CNBC Indonesia,@cnbcindonesia,sri mulyani pastikan kenaikan gaji guru mulai berlaku januari,0,
7055,Media Indonesia,@mediaindonesia,mendikbud kolaborasi antar sekolah penting pemerataan kualitas,0,
7056,Liputan6,@liputan6dotcom,kemendikbudristek pendaftaran guru penggerak angkatan segera dibuka,0,
7057,Republika,@republikaonline,efisiensi sistem katalog sektoral hemat biaya pengadaan buku,0,
7058,WhatsApp,Forwarded,link subsidi uang saku akhir semester rp ribu klik bit ly saku nov,1,
7059,Facebook,Viral News,dana pendidikan nasional dialirkan membiayai kampanye pemilihan presiden,1,
7060,X (Twitter),@PolitikUpdate,dana rehab sekolah rp miliar menguap membeli helikopter pejabat,1,
7061,Kompas.com,@kompascom,nadiem rapor pendidikan jadi kompas sekolah berbenah,0,
7062,Detik.com,@detikcom,audit bpk penggunaan dana bos menunjukkan perbaikan transparansi,0,
7063,TikTok,@news_update,bahaya meminum susu sekolah dapat sebabkan kecerdasan siswa menurun,1,
7064,Instagram,@faktakita,siswa mengikuti pawai hari pahlawan diskors minggu,1,
7065,WhatsApp,Grup Guru,iuran wajib guru bingkisan pensiun pejabat dinas rp ribu,1,
7066,Facebook,Info Cepat,mulai desember siswa libur hari sabtu minggu,1,
7067,X (Twitter),@LeakIndo,terungkap dana pendidikan rp triliun hilang proyek fiktif,1,
7068,YouTube,@infopendidikan,panduan mengunggah laporan bosp tahap terakhir aplikasi arkas,0,
7069,LinkedIn,Praktisi Edu,pentingnya akuntabilitas dana pendidikan kepercayaan publik,0,
7070,Antara News,@antaranews,kemendiktisaintek mahasiswa magang merdeka evaluasi tengah semester,0,
7071,CNBC Indonesia,@cnbcindonesia,sri mulyani dana abadi pendidikan membantu ribuan mahasiswa kuliah,0,
7072,Republika,@republikaonline,efisiensi digitalisasi sertifikasi pangkas jalur birokrasi berbelit,0,
7073,WhatsApp,Forwarded,link subsidi pulsa merdeka gb klik bit ly pulsa hgn,1,
7074,Facebook,Kabar Guru,guru sering mengeluh facebook dicabut tunjangannya,1,
7075,X (Twitter),@PolitikNews,dana bos november macet kas negara digunakan membeli pesawat,1,
7076,TikTok,@vlogger_edu,mulai desember jam istirahat sekolah dipangkas jadi menit,1,
7077,Instagram,@cekfakta_id,video nadiem menyebut siswa wajib membeli laptop,1,
7078,WhatsApp,Grup Sekolah,biaya pengadaan foto presiden rp ribu per kelas,1,
7079,Kompas.com,@kompascom,kemendikbudristek beri beasiswa siswa berprestasi seni budaya,0,
7080,Detik.com,@detikcom,nadiem inovasi pembelajaran guru meningkat komunitas belajar,0,
7081,TikTok,@news_update,bahaya menggunakan penghapus dapat menyebabkan penyakit paru kronis,1,
7082,Instagram,@fakta_edu,mahasiswa kip kuliah wajib menyumbang uang saku kas negara,1,
7083,WhatsApp,Forwarded,link subsidi uang transportasi mahasiswa rp ribu klik bit ly,1,
7084,Facebook,Kabar Guru,sertifikat pendidik kini masa berlakunya wajib membayar uji ulang,1,
7085,X (Twitter),@LeakIndo,dana rehab sekolah dialihkan membeli jet pribadi istri pejabat,1,
7086,YouTube,@berita_sekolah,kemendikbud resmi hapus seragam pramuka mulai semester,1,
7087,Antara News,@antaranews,pemerintah salurkan bantuan dana rehab sekolah pasca bencana,0,
7088,CNBC Indonesia,@cnbcindonesia,sri mulyani realisasi belanja fungsi pendidikan target,0,
7089,Media Indonesia,@mediaindonesia,mendikbud kolaborasi kunci utama kemajuan pendidikan ri,0,
7090,Liputan6,@liputan6dotcom,kemendikbudristek sekolah dihimbau rayakan hari guru secara sederhana,0,
7091,Republika,@republikaonline,efisiensi katalog elektronik sektoral hemat biaya pengadaan buku,0,
7092,WhatsApp,Grup RT,sekolah ikut parade hari guru didenda rp juta,1,
7093,Facebook,Info Cepat,beasiswa jerman ditutup konflik dagang per november,1,
7094,X (Twitter),@Netizen_News,skandal dana buku perpustakaan nasional dipakai membeli berlian,1,
7095,TikTok,@berita_panas,berita duka slb jabodetabek digabung per januari,1,
7096,Instagram,@cekfakta_id,video nadiem sebut guru diganti robot ai mulai tahun,1,
7097,WhatsApp,Grup Guru,iuran wajib guru paket parsel merdeka pengawas rp ribu,1,
7098,Kompas.com,@kompascom,nadiem makarim vokasi berperan penting hilirisasi industri,0,
7099,Detik.com,@detikcom,audit bpk efisiensi pengadaan laptop pelajar meningkat,0,
7100,Antara News,@antaranews,kemendikbudristek pangkas birokrasi laporan aplikasi terpadu,0,
7101,CNBC Indonesia,@cnbcindonesia,sri mulyani dana abadi pendidikan membantu ribuan mahasiswa kuliah,0,
7102,Republika,@republikaonline,kemendikbudristek hapus kewajiban laporan fisik guru penggerak,0,
7103,CNN Indonesia,@CNNIndonesia,mendikbud sinergi sekolah industri percepat serapan lulusan,0,
7104,Kompas.com,@kompascom,kemendikbudristek umumkan hasil kelulusan seleksi pppk guru,0,
7105,Detik.com,@detikcom,nadiem pembagian rapor semester ganjil berjalan lancar secara nasional,0,
7106,WhatsApp,Grup Sekolah,link subsidi uang liburan akhir tahun rp juta klik bit ly libur,1,
7107,Facebook,Viral News,dana bos desember dipotong menutup defisit anggaran negara,1,
7108,X (Twitter),@PolitikUpdate,terungkap anggaran makan siang rapat kemendikbud capai rp triliun,1,
7109,TikTok,@news_update,bahaya memegang rapor fisik terlalu lama dapat menyebabkan jamur tangan,1,
7110,Instagram,@fakta_edu,guru membagikan rapor tepat langsung dipecat,1,
7111,WhatsApp,Forwarded,link pendaftaran beasiswa jalur khusus hari ibu tanpa seleksi berkas,1,
7112,Antara News,@antaranews,kemendikbudristek penyerapan anggaran pendidikan capai,0,
7113,CNBC Indonesia,@cnbcindonesia,sri mulyani realisasi dana pendidikan akhir tahun fokus sarpras,0,
7114,Republika,@republikaonline,efisiensi digitalisasi laporan bosp arkas hemat biaya audit,0,
7115,CNN Indonesia,@CNNIndonesia,nadiem kurikulum merdeka terbukti tingkatkan nilai literasi nasional,0,
7116,Tempo.co,@tempodotco,kemendikbudristek beri penghargaan sekolah tata kelola terbaik,0,
7117,WhatsApp,Grup RT,link subsidi pulsa akhir tahun gb kemdikbud klik bit ly,1,
7118,Facebook,Info Cepat,mulai januari siswa wajib membeli seragam bertema angkasa,1,
7119,X (Twitter),@LeakIndo,dana sertifikasi guru desember dialihkan membeli jet tempur,1,
7120,Kompas.com,@kompascom,libur semester ganjil simak jadwal lengkap tiap provinsi,0,
7121,Detik.com,@detikcom,audit bpk efisiensi pengadaan buku digital berhasil hemat rp miliar,0,
7122,TikTok,@vlogger_edu,berita buruk tahun siswa wajib masuk hari libur nasional,1,
7123,Instagram,@stophoax,beasiswa jerman jalur khusus pendaftar tanggal desember,1,
7124,WhatsApp,Grup Guru,iuran wajib guru paket parsel tahun pejabat dinas rp ribu,1,
7125,Facebook,Kabar Guru,guru mengisi survey lingkungan belajar diblokir gaji,1,
7126,X (Twitter),@EduLeaks,dokumen bocor pemerintah menghapus mapel seni mulai januari,1,
7127,YouTube,@berita_sekolah,kemendikbud resmi hapus cuti guru siswa,1,
7128,Antara News,@antaranews,kemendiktisaintek mahasiswa magang merdeka angkatan resmi berakhir,0,
7129,CNBC Indonesia,@cnbcindonesia,sri mulyani pastikan kenaikan gaji asn guru apbn,0,
7130,Media Indonesia,@mediaindonesia,mendikbud libur sekolah momentum siswa mengasah keterampilan,0,
7131,Liputan6,@liputan6dotcom,kemendikbudristek sekolah dihimbau tetap waspada protokol kesehatan,0,
7132,Republika,@republikaonline,efisiensi transformasi digital pangkas birokrasi beasiswa,0,
7133,WhatsApp,Forwarded,link subsidi uang transportasi pulang kampung mahasiswa klik bit ly,1,
7134,Facebook,Viral News,dana pendidikan desember dialirkan membayar hutang proyek ikn,1,
7135,TikTok,@news_update,bahaya radiasi laptop ujian online sebabkan gangguan penglihatan,1,
7136,CNN Indonesia,@CNNIndonesia,nadiem tahun menjadi tahun akselerasi kurikulum merdeka,0,
7137,Antara News,@antaranews,pemerintah salurkan bantuan tik sekolah sepanjang tahun,0,
7138,WhatsApp,Grup RT,sekolah mengadakan acara malam tahun didenda,1,
7139,Facebook,Info Beasiswa,beasiswa swiss jalur khusus pendaftaran hari ibu,1,
7140,Instagram,@cekfakta_id,video nadiem menyebut guru diganti robot ai mulai semester genap,1,
7141,Kompas.com,@kompascom,kemendikbudristek sekolah wajib selesaikan laporan dana bos desember,0,
7142,Detik.com,@detikcom,nadiem apresiasi tinggi mahasiswa msib selesaikan proyek industri,0,
7143,Antara News,@antaranews,kemendikbudristek luncurkan fitur platform merdeka mengajar pmm,0,
7144,CNBC Indonesia,@cnbcindonesia,sri mulyani dana abadi pendidikan membantu riset,0,
7145,Republika,@republikaonline,efisiensi arkas berhasil cegah kebocoran anggaran sekolah,0,
7146,WhatsApp,Grup Sekolah,link bantuan uang rapor rp ribu siswa berprestasi klik bit ly,1,
7147,Facebook,Viral News,aturan siswa nilai rapornya merah wajib membayar denda rp ribu,1,
7148,TikTok,@news_update,bahaya meminum susu kotak bantuan sekolah dapat menyebabkan pusing massal,1,
7149,CNN Indonesia,@CNNIndonesia,mendikbudristek rapor pendidikan jadi dasar perencanaan berbasis data,0,
7150,Antara News,@antaranews,pemerintah salurkan bantuan bus sekolah kabupaten terpencil desember,0,
7151,WhatsApp,Grup Guru,iuran wajib guru bingkisan akhir tahun pengawas dinas rp ribu,1,
7152,Facebook,Kabar Guru,sertifikat guru penggerak berlaku mulai januari,1,
7153,X (Twitter),@PolitikNews,terungkap dana pendidikan desember rp triliun hilang proyek fiktif,1,
7154,TikTok,@vlogger_edu,berita buruk mulai januari guru honor dihentikan secara massal,1,
7155,Instagram,@faktakita,siswa mengikuti acara perpisahan semester diskors bulan,1,
7156,YouTube,@berita_sekolah,kemendikbud resmi hapus cuti tenaga pendidik,1,
7157,Kompas.com,@kompascom,jadwal pendaftaran mahasiswa jalur snbp resmi dirilis,0,
7158,Detik.com,@detikcom,nadiem makarim transformasi pendidikan iku menunjukkan hasil positif,0,
7159,Antara News,@antaranews,kemendikbudristek sekolah dihimbau rayakan hari ibu kegiatan literasi,0,
7160,CNBC Indonesia,@cnbcindonesia,sri mulyani pastikan kenaikan gaji guru mulai cair per januari,0,
7161,Republika,@republikaonline,efisiensi digitalisasi penyaluran pip pangkas jalur birokrasi berbelit,0,
7162,WhatsApp,Forwarded,link subsidi uang jajan liburan rp ribu klik bit ly jajan des,1,
7163,Facebook,Info Beasiswa,beasiswa swiss jalur khusus tanpa ijazah pendaftaran hari ibu,1,
7164,X (Twitter),@LeakIndo,dokumen rahasia dana pip semester dicairkan pemerintah,1,
7165,Kompas.com,@kompascom,kemendikbudristek beri beasiswa siswa berprestasi seni budaya,0,
7166,Detik.com,@detikcom,nadiem inovasi pembelajaran guru meningkat komunitas belajar,0,
7167,TikTok,@news_update,bahaya menggunakan penghapus cair dapat menyebabkan penyakit paru kronis,1,
7168,Instagram,@fakta_edu,mahasiswa kip kuliah wajib menyumbang uang saku kas negara,1,
7169,WhatsApp,Grup Guru,iuran wajib guru paket parsel akhir tahun pejabat dinas rp ribu,1,
7170,Facebook,Kabar Guru,guru sering mengeluh facebook dicabut tunjangan profesinya,1,
7171,X (Twitter),@PolitikUpdate,dana rehab sekolah rp miliar menguap membeli helikopter pejabat,1,
7172,YouTube,@berita_sekolah,kemendikbud resmi hapus seragam pramuka mulai semester genap,1,
7173,Antara News,@antaranews,pemerintah salurkan bantuan dana rehab sekolah pasca bencana desember,0,
7174,CNBC Indonesia,@cnbcindonesia,sri mulyani realisasi belanja fungsi pendidikan target pagu,0,
7175,Media Indonesia,@mediaindonesia,mendikbud kolaborasi kunci utama kemajuan pendidikan indonesia,0,
7176,Liputan6,@liputan6dotcom,kemendikbudristek pendaftaran guru penggerak angkatan segera dibuka,0,
7177,Republika,@republikaonline,efisiensi katalog elektronik sektoral hemat biaya pengadaan buku,0,
7178,WhatsApp,Grup RT,sekolah ikut parade akhir tahun didenda rp juta,1,
7179,Facebook,Info Cepat,beasiswa jerman ditutup konflik dagang per desember,1,
7180,X (Twitter),@Netizen_News,skandal dana buku perpustakaan nasional dipakai membeli berlian,1,
7181,Kompas.com,@kompascom,nadiem makarim vokasi berperan penting hilirisasi industri nasional,0,
7182,Detik.com,@detikcom,audit bpk efisiensi pengadaan laptop pelajar meningkat tahun,0,
7183,TikTok,@vlogger_edu,mulai januari jam istirahat sekolah dipangkas jadi menit,1,
7184,Instagram,@cekfakta_id,video nadiem menyebut siswa wajib membeli laptop merek,1,
7185,WhatsApp,Grup Sekolah,biaya pengadaan foto presiden rp ribu per kelas wajib membayar,1,
7186,Facebook,Info Cepat,mulai desember siswa libur hari sabtu minggu selamanya,1,
7187,X (Twitter),@LeakIndo,terungkap dana pendidikan rp triliun menguap proyek fiktif ikn,1,
7188,YouTube,@infopendidikan,panduan mengunggah laporan bosp tahap terakhir aplikasi arkas,0,
7189,LinkedIn,Praktisi Edu,pentingnya akuntabilitas dana pendidikan kepercayaan publik nasional,0,
7190,Antara News,@antaranews,kemendiktisaintek mahasiswa magang merdeka masuk tahap evaluasi akhir,0,
7191,CNBC Indonesia,@cnbcindonesia,sri mulyani dana abadi pendidikan membantu ribuan mahasiswa mampu,0,
7192,Republika,@republikaonline,efisiensi digitalisasi sertifikasi pangkas jalur birokrasi daerah,0,
7193,WhatsApp,Forwarded,link subsidi pulsa akhir tahun gb klik bit ly pulsa des,1,
7194,Facebook,Kabar Guru,guru sering posting liburan dipantau dipotong tunjangannya,1,
7195,X (Twitter),@PolitikNews,dana bos desember macet kas negara digunakan membeli pesawat,1,
7196,Kompas.com,@kompascom,kemendikbudristek sekolah inklusif wajib menerima siswa berkebutuhan khusus,0,
7197,Detik.com,@detikcom,nadiem program msib berhasil hubungkan mahasiswa dunia industri,0,
7198,TikTok,@news_update,bahaya menggunakan jaringan sekolah dapat menyebabkan kebotakan siswa,1,
7199,Instagram,@faktakita,siswa punya kartu indonesia sehat dilarang masuk sekolah,1,
7200,WhatsApp,Forwarded,link subsidi uang saku desember rp ribu klik bit ly saku libur,1,
7201,Facebook,Info Beasiswa,beasiswa amerika tanpa seleksi khusus pendaftar tanggal desember,1,
7202,X (Twitter),@EduLeaks,dokumen rahasia gaji guru pppk dipotong mulai tahun,1,
7203,YouTube,@berita_sekolah,kemendikbud resmi hapus upacara hari senin mulai semester genap,1,
7204,Antara News,@antaranews,kemendikbudristek pendaftaran kampus mengajar angkatan resmi dibuka,0,
7205,CNBC Indonesia,@cnbcindonesia,sri mulyani belanja pendidikan desember membantu pemulihan daya membeli guru,0,
7206,Media Indonesia,@mediaindonesia,mendikbud pendidik harus memberikan teladan berperilaku medsos,0,
7207,Liputan6,@liputan6dotcom,kemendikbudristek pendaftaran ppg prajabatan gelombang dibuka desember,0,
7208,Republika,@republikaonline,efisiensi dashboard monitoring bosp cegah pelaporan dana ganda sekolah,0,
7209,WhatsApp,Forwarded,link subsidi alat tulis akhir tahun rp ribu klik bit ly atpk des,1,
7210,Facebook,Viral News,dana pendidikan nasional dialirkan membiayai kampanye partai,1,
7211,X (Twitter),@PolitikUpdate,dana hari ibu rp miliar dipakai pejabat liburan negeri,1,
7212,Kompas.com,@kompascom,nadiem platform merdeka mengajar kini diakses juta guru,0,
7213,Detik.com,@detikcom,audit bpk penyaluran dana bos menunjukkan perbaikan signifikan,0,
7214,TikTok,@news_update,bahaya membaca buku digital terlalu lama dapat menyebabkan mata merah,1,
7215,Instagram,@fakta_edu,mahasiswa kip kuliah wajib menabung uang saku bank kampus,1,
7216,WhatsApp,Grup Guru,iuran wajib guru bingkisan pensiun pejabat dinas rp ribu,1,
7217,Facebook,Kabar Guru,sertifikat pendidik kini masa berlaku tahun wajib membayar uji ulang,1,
7218,X (Twitter),@LeakIndo,terungkap dana pendidikan rp triliun dialihkan membeli mobil mewah,1,
7219,YouTube,@infopendidikan,mengaktifkan akun belajar id siswa semester genap,0,
7220,LinkedIn,Praktisi Edu,dampak penggunaan kinerja produktivitas guru akhir tahun,0,
7221,Antara News,@antaranews,kemendiktisaintek mahasiswa magang merdeka mulai presentasi hasil kerja,0,
7222,CNBC Indonesia,@cnbcindonesia,sri mulyani pastikan anggaran pendidikan tetap terjaga,0,
7223,Republika,@republikaonline,efisiensi integrasi data pendidikan kurangi tugas admin guru,0,
7224,WhatsApp,Forwarded,link subsidi uang transportasi liburan rp ribu klik bit ly tiket mhs,1,
7225,Facebook,Viral News,dana bos desember dialihkan subsidi harga beras naik,1,
7226,X (Twitter),@PolitikNews,terungkap dana pendidikan rp triliun menguap proyek fiktif gor,1,
7227,TikTok,@vlogger_edu,mulai januari jam istirahat sekolah dihapus kejar materi ujian,1,
7228,Instagram,@cekfakta_id,video nadiem menyebut guru diganti ai per semester genap,1,
7229,WhatsApp,Grup Sekolah,biaya pengadaan ac kelas dibebankan wali murid rp ribu,1,
7230,Kompas.com,@kompascom,kemendikbudristek pangkas birokrasi laporan aplikasi terintegrasi,0,
7231,Detik.com,@detikcom,nadiem kurikulum merdeka terbukti mengurangi beban administrasi guru,0,
7232,TikTok,@news_update,bahaya seragam sekolah bahan murah dapat menyebabkan penyakit kulit,1,
7233,Instagram,@faktakita,siswa punya kartu literasi sekolah dilarang masuk perpustakaan,1,
7234,WhatsApp,Forwarded,link subsidi pulsa liburan merdeka gb klik bit ly pulsa libur ri,1,
7235,Facebook,Kabar Guru,guru jarang login pmm dicabut tunjangan sertifikasinya,1,
7236,X (Twitter),@LeakIndo,dana rehab sekolah dialihkan membeli helikopter operasional dinas,1,
7237,YouTube,@berita_sekolah,kemendikbud resmi hapus mata pelajaran olahraga mulai januari,1,
7238,Antara News,@antaranews,pemerintah salurkan bantuan dana sarpras sekolah daerah,0,
7239,CNBC Indonesia,@cnbcindonesia,sri mulyani dana abadi pendidikan membantu ribuan mahasiswa mampu,0,
7240,Media Indonesia,@mediaindonesia,mendikbud pendidik harus memberikan teladan berperilaku positif,0,
7241,Liputan6,@liputan6dotcom,kemendikbudristek sekolah dihimbau gunakan arkas laporan akhir,0,
7242,Republika,@republikaonline,efisiensi katalog elektronik sektoral hemat biaya pengadaan buku,0,
7243,WhatsApp,Grup RT,sekolah menggelar pentas seni akhir tahun didenda,1,
7244,Facebook,Info Beasiswa,beasiswa jepang jalur khusus lulusan bulan desember,1,
7245,X (Twitter),@Netizen_News,skandal dana buku perpustakaan sekolah masuk kantong pribadi,1,
7246,TikTok,@berita_panas,berita duka slb wilayah ditutup per januari,1,
7247,Instagram,@cekfakta_id,video nadiem sebut kantin sekolah boleh menjual makanan rebus,1,
7248,WhatsApp,Grup Guru,iuran wajib guru paket parsel tahun pejabat dinas rp ribu,1,
7249,Kompas.com,@kompascom,nadiem makarim vokasi berperan penting hilirisasi industri,0,
7250,Detik.com,@detikcom,audit bpk efisiensi pengadaan laptop pelajar meningkat,0,
7251,Antara News,@antaranews,kemendikbudristek pangkas birokrasi laporan aplikasi terpadu,0,
7252,CNBC Indonesia,@cnbcindonesia,sri mulyani dana abadi pendidikan membantu ribuan mahasiswa kuliah,0,
7253,Republika,@republikaonline,kemendikbudristek hapus kewajiban laporan fisik guru penggerak,0,
7254,Kompas.com,@kompascom,hari sekolah kemendikbudristek pantau kesiapan semester genap,0,
7255,Detik.com,@detikcom,nadiem kurikulum merdeka resmi menjadi kurikulum nasional tahun,0,
7256,WhatsApp,Grup Sekolah,link subsidi uang buku awal tahun rp ribu klik bit ly buku,1,
7257,Facebook,Viral News,dana bos januari hangus terpakai biaya impor beras,1,
7258,X (Twitter),@PolitikUpdate,terungkap anggaran kalender sekolah kemendikbud capai rp miliar,1,
7259,TikTok,@news_update,bahaya membawa tas sekolah berat dapat menyebabkan kelumpuhan otak,1,
7260,Instagram,@fakta_edu,siswa punya sepatu hitam merek dilarang masuk kelas,1,
7261,WhatsApp,Forwarded,link pendaftaran beasiswa jalur tahun tanpa seleksi ijazah,1,
7262,Antara News,@antaranews,kemenkeu cairkan anggaran pendidikan tahap senilai rp triliun,0,
7263,CNBC Indonesia,@cnbcindonesia,sri mulyani kenaikan gaji guru mulai dibayarkan per januari,0,
7264,Republika,@republikaonline,efisiensi penggunaan rapor digital hemat biaya cetak rp miliar,0,
7265,CNN Indonesia,@CNNIndonesia,nadiem pendaftaran snbp dibuka siswa diminta fokus prestasi,0,
7266,Tempo.co,@tempodotco,kemendikbudristek luncurkan sistem pengelolaan kinerja guru terpadu,0,
7267,WhatsApp,Grup RT,link subsidi pulsa pelajar gb kemdikbud klik bit ly,1,
7268,Facebook,Info Cepat,mulai januari jam masuk sekolah dimajukan jadi pukul pagi,1,
7269,X (Twitter),@LeakIndo,dana tunjangan guru januari dialihkan membeli mobil pejabat,1,
7270,Kompas.com,@kompascom,kemendikbudristek sekolah wajib update data dapodik semester genap,0,
7271,Detik.com,@detikcom,audit bpk digitalisasi pengadaan sekolah siplah terbukti transparan,0,
7272,TikTok,@vlogger_edu,berita buruk mulai februari mata pelajaran olahraga dihapus secara total,1,
7273,Instagram,@stophoax,beasiswa australia tanpa tes khusus pendaftar minggu januari,1,
7274,WhatsApp,Grup Guru,iuran wajib guru syukuran tahun kepala dinas rp ribu,1,
7275,Facebook,Kabar Guru,guru selesai mengisi kinerja dipotong gaji pokoknya,1,
7276,X (Twitter),@EduLeaks,dokumen bocor pemerintah menutup sekolah swasta tahun,1,
7277,YouTube,@berita_sekolah,kemendikbud resmi umumkan hari sabtu wajib masuk jenjang,1,
7278,Antara News,@antaranews,kemendiktisaintek mahasiswa magang merdeka angkatan mulai penugasan,0,
7279,CNBC Indonesia,@cnbcindonesia,sri mulyani pastikan dana pendidikan tetap aman tengah krisis,0,
7280,Media Indonesia,@mediaindonesia,mendikbud pembelajaran semester genap harus interaktif kreatif,0,
7281,Liputan6,@liputan6dotcom,kemendikbudristek sekolah dihimbau cegah perundungan awal semester,0,
7282,Republika,@republikaonline,efisiensi transformasi office kemendikbud hemat penggunaan kertas,0,
7283,WhatsApp,Forwarded,link subsidi uang saku awal semester rp ribu klik bit ly saku,1,
7284,Facebook,Viral News,dana pendidikan januari dialirkan subsidi mobil listrik nasional,1,
7285,TikTok,@news_update,bahaya sinar matahari upacara januari dapat merusak sel otak siswa,1,
7286,CNN Indonesia,@CNNIndonesia,nadiem integrasi data pmm kinerja permudah administrasi guru,0,
7287,Antara News,@antaranews,pemerintah salurkan bantuan alat praktik smk senilai rp miliar,0,
7288,WhatsApp,Grup RT,sekolah mengadakan kerja bakti awal tahun didenda,1,
7289,Facebook,Info Beasiswa,beasiswa korea selatan jalur khusus pendaftaran januari tanpa berkas,1,
7290,Instagram,@cekfakta_id,video nadiem menyebut guru diganti ai mulai semester genap,1,
7291,Kompas.com,@kompascom,aturan snpmb siswa lolos snbp dapat daftar jalur snbt,0,
7292,Detik.com,@detikcom,nadiem sertifikasi guru tetap dilanjutkan penghapusan tpg,0,
7293,Antara News,@antaranews,kemendikbudristek salurkan bantuan tik sekolah awal tahun,0,
7294,CNBC Indonesia,@cnbcindonesia,sri mulyani anggaran pendidikan januari fokus gaji tunjangan,0,
7295,Republika,@republikaonline,efisiensi pengadaan barang sekolah siplah hemat anggaran,0,
7296,WhatsApp,Grup Sekolah,link subsidi kebutuhan sekolah rp ribu pemegang kip klik bit ly,1,
7297,Facebook,Viral News,berita duka guru honorer daerah dirumahkan januari,1,
7298,TikTok,@news_update,bahaya membawa botol minum plastik sekolah dapat sebabkan mandul,1,
7299,CNN Indonesia,@CNNIndonesia,nadiem sekolah penggerak menjadi motor penggerak kurikulum merdeka,0,
7300,Antara News,@antaranews,pemerintah beri beasiswa unggulan mahasiswa awal,0,
7301,WhatsApp,Grup Guru,iuran wajib guru sewa gedung rapat awal tahun dinas rp ribu,1,
7302,Facebook,Kabar Guru,guru mengaktifkan fitur lokasi ponsel dipotong tpg,1,
7303,X (Twitter),@PolitikNews,terungkap dana pendidikan januari rp triliun dipakai membeli inventaris mewah,1,
7304,TikTok,@vlogger_edu,mulai februari siswa wajib membeli kamus digital merek seharga rp juta,1,
7305,Instagram,@faktakita,siswa hafal lagu kebangsaan dikeluarkan sekolah,1,
7306,YouTube,@berita_sekolah,kemendikbud resmi hapus jabatan kepala sekolah mulai semester genap,1,
7307,Kompas.com,@kompascom,kemendikbudristek registrasi akun snpmb sekolah dibuka,0,
7308,Detik.com,@detikcom,nadiem makarim fokus pendidikan literasi numerasi dasar,0,
7309,Antara News,@antaranews,pemerintah bangun laboratorium bahasa sekolah menengah,0,
7310,CNBC Indonesia,@cnbcindonesia,sri mulyani dana bos mengalami kenaikan daerah terpencil,0,
7311,Republika,@republikaonline,efisiensi digitalisasi persuratan kemendikbud hemat biaya mengirim,0,
7312,WhatsApp,Forwarded,link subsidi seragam sekolah januari rp ribu klik bit ly seragam,1,
7313,Facebook,Info Beasiswa,beasiswa oxford jalur khusus tanpa tes toefl pendaftaran januari,1,
7314,X (Twitter),@LeakIndo,dokumen rahasia gaji guru pppk dibayar rapel bulan sekali,1,
7315,Kompas.com,@kompascom,kemendikbudristek sekolah wajib laporkan kasus perundungan aplikasi,0,
7316,Detik.com,@detikcom,nadiem mahasiswa peserta msib angkatan mendapat uang saku bulanan,0,
7317,TikTok,@news_update,bahaya mencium bau spidol terlalu sering sebabkan kerusakan syaraf,1,
7318,Instagram,@fakta_edu,mahasiswa kip kuliah wajib menabung uang saku dana kampus,1,
7319,WhatsApp,Grup Guru,iuran wajib guru bingkisan pensiun pengawas sekolah rp ribu,1,
7320,Facebook,Kabar Guru,guru sering komentar negatif berita dicabut sertifikasinya,1,
7321,X (Twitter),@PolitikUpdate,dana pendidikan rp triliun dialihkan membiayai iklan partai,1,
7322,YouTube,@berita_sekolah,kemendikbud resmi hapus ujian praktek olahraga mulai tahun,1,
7323,LinkedIn,Analis Publik,efisiensi biaya operasional integrasi portal layanan pintu,0,
7324,Antara News,@antaranews,pemerintah salurkan bantuan buku bacaan paud indonesia,0,
7325,CNBC Indonesia,@cnbcindonesia,sri mulyani realisasi anggaran pendidikan januari berjalan on track,0,
7326,Media Indonesia,@mediaindonesia,mendikbud guru harus belajar platform merdeka mengajar,0,
7327,Liputan6,@liputan6dotcom,kemendikbudristek sekolah dihimbau gunakan dana bos gizi siswa,0,
7328,WhatsApp,Grup RT,sekolah mengadakan jalan sehat januari didenda rp juta,1,
7329,Facebook,Info Cepat,beasiswa belanda ditutup masalah diplomasi per januari,1,
7330,X (Twitter),@Netizen_News,skandal dana renovasi perpustakaan sekolah dipakai membeli saham,1,
7331,TikTok,@vlogger_edu,mulai januari jam istirahat menit kejar ketertinggalan materi,1,
7332,Instagram,@cekfakta_id,video nadiem menyebut siswa wajib membeli tablet merek lokal,1,
7333,WhatsApp,Grup Sekolah,biaya pengadaan kalender sekolah rp ribu per siswa wajib membayar,1,
7334,Kompas.com,@kompascom,kemendikbudristek link pendaftaran kip kuliah segera dibuka,0,
7335,Detik.com,@detikcom,nadiem kurikulum merdeka memberikan ruang ekspresi minat siswa,0,
7336,TikTok,@news_update,bahaya makan kantin sekolah dapat menyebabkan penyakit menular,1,
7337,Instagram,@faktakita,siswa membawa bekal sayur hari dihukum berdiri,1,
7338,WhatsApp,Forwarded,link subsidi uang saku awal tahun rp ribu klik bit ly saku ri,1,
7339,Facebook,Kabar Guru,guru sanggup mengoperasikan ai langsung diberhentikan,1,
7340,X (Twitter),@PolitikNews,dana pendidikan januari macet dipakai membayar hutang negara,1,
7341,YouTube,@infopendidikan,sinkronisasi dapodik semester genap tahun ajaran,0,
7342,LinkedIn,Praktisi Edu,penghematan biaya pemeliharaan gedung manajemen berbasis sekolah,0,
7343,Antara News,@antaranews,kemendiktisaintek mahasiswa magang merdeka mulai melakukan onboarding,0,
7344,CNBC Indonesia,@cnbcindonesia,sri mulyani dana abadi pendidikan capai rekor tertinggi,0,
7345,Republika,@republikaonline,efisiensi sistem rapor pangkas biaya distribusi logistik nasional,0,
7346,WhatsApp,Grup Guru,iuran wajib guru paket hadiah tahun pengawas rp ribu,1,
7347,Facebook,Viral News,dana bos januari dipotong biaya perbaikan kantor dinas,1,
7348,X (Twitter),@LeakIndo,terungkap laptop bantuan kemendikbud dijual bebas marketplace,1,
7349,Kompas.com,@kompascom,nadiem makarim platform merdeka mengajar kini punya fitur kelola kinerja,0,
7350,Detik.com,@detikcom,audit bpk penyaluran dana pip transparan tepat sasaran,0,
7351,TikTok,@vlogger_edu,berita buruk mulai februari libur hari sabtu resmi dihapus nasional,1,
7352,Instagram,@stophoax,link pendaftaran beasiswa taiwan jalur khusus tanpa berkas ijazah,1,
7353,WhatsApp,Grup Sekolah,biaya pengadaan gorden kelas rp ribu per siswa harus tunai,1,
7354,Facebook,Info Beasiswa,beasiswa perancis tanpa seleksi khusus pendaftar tanggal januari,1,
7355,X (Twitter),@EduLeaks,dokumen rahasia tunjangan sertifikasi guru dihapus per juli,1,
7356,YouTube,@berita_sekolah,kemendikbud resmi hapus seragam batik mulai semester genap,1,
7357,Antara News,@antaranews,kemendikbudristek sekolah wajib sosialisasikan aturan snpmb,0,
7358,CNBC Indonesia,@cnbcindonesia,sri mulyani pastikan kenaikan gaji asn guru cair mulai akhir januari,0,
7359,Media Indonesia,@mediaindonesia,mendikbud kolaborasi kunci utama kemajuan pendidikan nasional,0,
7360,Liputan6,@liputan6dotcom,kemendikbudristek pendaftaran guru penggerak angkatan dibuka januari,0,
7361,Republika,@republikaonline,efisiensi katalog sektoral berhasil hemat anggaran buku,0,
7362,WhatsApp,Forwarded,link subsidi uang internet semester genap rp ribu klik bit ly,1,
7363,Facebook,Viral News,dana pendidikan nasional dialirkan membiayai subsidi mobil listrik,1,
7364,X (Twitter),@PolitikUpdate,dana renovasi smk rp miliar menguap membeli apartemen pejabat,1,
7365,Kompas.com,@kompascom,nadiem rapor pendidikan membantu kepsek identifikasi masalah sekolah,0,
7366,Detik.com,@detikcom,audit bpk penggunaan dana bos menunjukkan perbaikan akuntabilitas,0,
7367,TikTok,@news_update,bahaya meminum susu bantuan sekolah dapat sebabkan kecerdasan menurun,1,
7368,Instagram,@faktakita,siswa mengikuti kerja bakti sekolah diskors minggu,1,
7369,WhatsApp,Grup Guru,iuran wajib guru bingkisan tahun kakanwil rp ribu,1,
7370,Facebook,Info Cepat,mulai februari siswa libur hari minggu kejar target,1,
7371,X (Twitter),@LeakIndo,terungkap dana pendidikan rp triliun hilang proyek fiktif daerah,1,
7372,YouTube,@infopendidikan,panduan mengisi pengelolaan kinerja pmm guru kepala sekolah,0,
7373,LinkedIn,Praktisi Edu,pentingnya transparansi dana bosp mencegah korupsi sekolah,0,
7374,Antara News,@antaranews,kemendiktisaintek mahasiswa magang merdeka mulai proses pembekalan,0,
7375,CNBC Indonesia,@cnbcindonesia,sri mulyani dana abadi pendidikan membantu ribuan mahasiswa mampu,0,
7376,Republika,@republikaonline,efisiensi digitalisasi sertifikasi pangkas jalur birokrasi signifikan,0,
7377,WhatsApp,Forwarded,link subsidi pulsa awal tahun gb klik bit ly pulsa januari,1,
7378,Facebook,Kabar Guru,guru sering mengeluh facebook dicabut tunjangan profesinya,1,
7379,X (Twitter),@PolitikNews,dana bos januari macet kas negara dipakai membeli jet pribadi,1,
7380,TikTok,@vlogger_edu,mulai februari jam istirahat sekolah dipangkas jadi menit,1,
7381,Instagram,@cekfakta_id,video nadiem menyebut siswa wajib membeli laptop januari,1,
7382,WhatsApp,Grup Sekolah,biaya pengadaan foto pemimpin rp ribu per siswa harus membayar,1,
7383,Kompas.com,@kompascom,kemendikbudristek beri beasiswa siswa berprestasi olimpiade sains,0,
7384,Detik.com,@detikcom,nadiem inovasi pembelajaran guru meningkat komunitas belajar,0,
7385,TikTok,@news_update,bahaya menggunakan penghapus dapat sebabkan kanker kulit siswa,1,
7386,Instagram,@fakta_edu,mahasiswa kip kuliah wajib menyerahkan uang saku organisasi,1,
7387,WhatsApp,Forwarded,link subsidi uang transportasi kuliah rp ribu klik bit ly mhs,1,
7388,Facebook,Kabar Guru,sertifikat pendidik kini masa berlaku wajib membayar tes ulang berkala,1,
7389,X (Twitter),@LeakIndo,dana rehab sekolah dialihkan membeli mobil operasional istri pejabat,1,
7390,YouTube,@berita_sekolah,kemendikbud resmi hapus seragam pramuka mulai semester genap,1,
7391,Antara News,@antaranews,pemerintah salurkan bantuan dana rehab sekolah pasca bencana januari,0,
7392,CNBC Indonesia,@cnbcindonesia,sri mulyani realisasi belanja fungsi pendidikan januari target,0,
7393,Media Indonesia,@mediaindonesia,mendikbud kolaborasi kunci utama kemajuan pendidikan ri,0,
7394,Liputan6,@liputan6dotcom,kemendikbudristek sekolah dihimbau rayakan awal semester secara positif,0,
7395,Republika,@republikaonline,efisiensi katalog elektronik sektoral hemat biaya pengadaan sekolah,0,
7396,WhatsApp,Grup RT,sekolah ikut karnaval awal tahun didenda rp juta,1,
7397,Facebook,Info Cepat,beasiswa spanyol ditutup krisis ekonomi per januari,1,
7398,X (Twitter),@Netizen_News,skandal dana buku perpustakaan nasional masuk kantong pribadi,1,
7399,TikTok,@berita_panas,berita duka sekolah biasa slb ditutup januari,1,
7400,Instagram,@cekfakta_id,video nadiem sebut kantin sekolah boleh menjual makanan rebus,1,
7401,WhatsApp,Grup Guru,iuran wajib guru paket parsel awal tahun pengawas rp ribu,1,
7402,Kompas.com,@kompascom,nadiem makarim vokasi berperan penting hilirisasi industri,0,
7403,Detik.com,@detikcom,audit bpk efisiensi pengadaan laptop pelajar meningkat,0,
7404,Kompas.com,@kompascom,pendaftaran snbp resmi dibuka siswa diimbau segera finalisasi data,0,
7405,Detik.com,@detikcom,nadiem kip kuliah prioritaskan siswa keluarga miskin ekstrem,0,
7406,WhatsApp,Grup Sekolah,link subsidi kuota belajar februari gb klik bit ly kuota feb,1,
7407,Facebook,Viral News,dana bos februari cair kali lipat bertepatan bulan politik,1,
7408,X (Twitter),@PolitikUpdate,terungkap anggaran konsumsi rapat kemendikbud hotel capai rp miliar,1,
7409,TikTok,@news_update,bahaya memakai sepatu karet sekolah dapat sebabkan infeksi tulang kaki,1,
7410,Instagram,@fakta_edu,siswa punya sertifikat vaksin dilarang ikut ujian,1,
7411,WhatsApp,Forwarded,link pendaftaran beasiswa jalur tanpa tes khusus bulan februari,1,
7412,Antara News,@antaranews,kemendikbudristek sekolah menggunakan sistem arkas,0,
7413,CNBC Indonesia,@cnbcindonesia,sri mulyani dana abadi pendidikan disiapkan sebesar rp triliun,0,
7414,Republika,@republikaonline,efisiensi implementasi rapor hemat anggaran kertas rp miliar,0,
7415,CNN Indonesia,@CNNIndonesia,nadiem guru penggerak kunci transformasi pendidikan daerah,0,
7416,Tempo.co,@tempodotco,kemendikbudristek beri penghargaan sekolah inovatif,0,
7417,WhatsApp,Grup RT,link subsidi uang saku pelajar februari rp ribu klik bit ly saku feb,1,
7418,Facebook,Info Cepat,mulai maret siswa wajib menggunakan seragam batik merek seharga rp rb,1,
7419,X (Twitter),@LeakIndo,dana tunjangan sertifikasi februari cair dialihkan bansos,1,
7420,Kompas.com,@kompascom,kemendikbudristek sertifikasi guru tetap cair jadwal triwulan,0,
7421,Detik.com,@detikcom,audit bpk penggunaan dana pip terbukti tepat sasaran,0,
7422,TikTok,@vlogger_edu,berita buruk tahun ajaran dimajukan bulan april secara serentak,1,
7423,Instagram,@stophoax,beasiswa korea selatan jalur khusus tanpa syarat ipk pendaftaran februari,1,
7424,WhatsApp,Grup Guru,iuran wajib guru sewa bus acara perpisahan dinas rp ribu,1,
7425,Facebook,Kabar Guru,guru mengunduh aplikasi dicabut akun dapodiknya,1,
7426,X (Twitter),@EduLeaks,dokumen bocor pemerintah menghapus status guru pppk tahun,1,
7427,YouTube,@berita_sekolah,kemendikbud resmi hapus libur semester genap kejar kurikulum,1,
7428,Antara News,@antaranews,kemendiktisaintek mahasiswa magang merdeka mulai terjun instansi,0,
7429,CNBC Indonesia,@cnbcindonesia,sri mulyani pastikan anggaran pendidikan terganggu agenda pemilihan umum,0,
7430,Media Indonesia,@mediaindonesia,mendikbud pembelajaran berbasis proyek meningkatkan daya kritis siswa,0,
7431,Liputan6,@liputan6dotcom,kemendikbudristek sekolah wajib laporkan serapan dana bosp tahap,0,
7432,Republika,@republikaonline,efisiensi sistem siplah berhasil pangkas harga barang sekolah,0,
7433,WhatsApp,Forwarded,link subsidi bantuan laptop gratis kemdikbud klik bit ly laptop,1,
7434,Facebook,Viral News,dana bos februari dialihkan membeli logistik pemilihan umum desa desa,1,
7435,TikTok,@news_update,bahaya memakai topi sekolah terlalu kencang sebabkan kerusakan otak,1,
7436,CNN Indonesia,@CNNIndonesia,nadiem kolaborasi guru pmm mempercepat pemerataan kualitas edukasi,0,
7437,Antara News,@antaranews,pemerintah salurkan bantuan alat olahraga sekolah daerah,0,
7438,WhatsApp,Grup RT,sekolah memasang spanduk pemilihan umum damai denda rp juta,1,
7439,Facebook,Info Beasiswa,beasiswa turki jalur khusus pendaftaran terakhir februari,1,
7440,Instagram,@cekfakta_id,video nadiem sebut guru wajib memakai tablet mengajar,1,
7441,Kompas.com,@kompascom,kemendikbudristek kuota snbp ditetapkan akreditasi sekolah,0,
7442,Detik.com,@detikcom,nadiem program praktisi mengajar angkatan tarik ribu pakar industri,0,
7443,Antara News,@antaranews,pemerintah resmikan pusat layanan disabilitas perguruan tinggi,0,
7444,CNBC Indonesia,@cnbcindonesia,sri mulyani alokasi dana riset difokuskan pengembangan energi hijau,0,
7445,Republika,@republikaonline,efisiensi penggunaan tanda tangan digital sekolah hemat biaya kurir,0,
7446,WhatsApp,Forwarded,link subsidi peralatan tulis februari rp ribu kemdikbud klik bit ly,1,
7447,Facebook,Viral News,dana bos tahap februari dialokasikan membayar listrik desa,1,
7448,X (Twitter),@PolitikUpdate,terungkap dana pendidikan rp miliar mengalir rekening istri pejabat,1,
7449,CNN Indonesia,@CNNIndonesia,nadiem makarim kurikulum merdeka tekankan pengembangan karakter siswa,0,
7450,Antara News,@antaranews,kemendikbudristek mengirim guru berprestasi studi banding jepang,0,
7451,WhatsApp,Grup Guru,iuran wajib guru dana hibah pembangunan musholla dinas rp ribu,1,
7452,Facebook,Kabar Guru,guru membeli majalah pendidikan ditunda kenaikan pangkatnya,1,
7453,X (Twitter),@LeakIndo,skandal laptop bantuan kemendikbud berisi software ilegal,1,
7454,TikTok,@vlogger_edu,berita buruk mulai maret siswa wajib masuk hari minggu les tambahan,1,
7455,Instagram,@faktakita,siswa memasang foto profil februari cerdas dikurangi nilai,1,
7456,YouTube,@berita_sekolah,kemendikbud resmi hapus mata pelajaran bahasa indonesia mulai tahun,1,
7457,Kompas.com,@kompascom,kemendikbudristek batas akhir simpan permanen akun snpmb februari,0,
7458,Detik.com,@detikcom,nadiem kip kuliah kini menjangkau program studi vokasi luas,0,
7459,Antara News,@antaranews,pemerintah salurkan paket buku cerita rakyat perpustakaan desa,0,
7460,CNBC Indonesia,@cnbcindonesia,sri mulyani reformasi birokrasi kemendikbudristek hemat anggaran rp,0,
7461,Republika,@republikaonline,efisiensi aplikasi srikandi pangkas biaya pengadaan atk lingkungan dinas,0,
7462,WhatsApp,Grup RT,link subsidi uang saku pemilihan umum rp ribu pelajar klik bit ly saku pel,1,
7463,Facebook,Info Beasiswa,beasiswa arab saudi tanpa seleksi berkas khusus pendaftar februari,1,
7464,X (Twitter),@EduLeaks,dokumen bocor gaji guru pppk februari dipotong dana kampanye,1,
7465,Kompas.com,@kompascom,kemendikbudristek luncurkan panduan pencegahan kekerasan seksual kampus,0,
7466,Detik.com,@detikcom,nadiem transformasi digital pendidikan ri diapresiasi forum unesco,0,
7467,TikTok,@news_update,bahaya menaruh ponsel tas sekolah dapat sebabkan ledakan baterai,1,
7468,Instagram,@fakta_edu,mahasiswa kip kuliah wajib menyetor uang saku dana abadi kampus,1,
7469,WhatsApp,Grup Guru,iuran wajib guru bingkisan pindah tugas kasi pendidikan rp ribu,1,
7470,Facebook,Kabar Guru,guru upload video mengajar tiktok dicabut sertifikasinya,1,
7471,X (Twitter),@PolitikLeaks,dana renovasi sekolah rp miliar digunakan membeli mobil mewah,1,
7472,YouTube,@berita_sekolah,kemendikbud resmi ganti nama mapel matematika menjadi berhitung praktis,1,
7473,LinkedIn,Praktisi Edu,efisiensi anggaran optimalisasi ruang kelas terbuka outdoor learning,0,
7474,Antara News,@antaranews,pemerintah salurkan bantuan alat musik tradisional smk kesenian,0,
7475,CNBC Indonesia,@cnbcindonesia,sri mulyani penyerapan dana pip tahap februari estimasi kemenkeu,0,
7476,Media Indonesia,@mediaindonesia,mendikbud mahasiswa mbkm harus memiliki soft skill problem solving,0,
7477,Liputan6,@liputan6dotcom,kemendikbudristek verifikasi sekolah snbp selesai tepat,0,
7478,WhatsApp,Forwarded,link pendaftaran kip kuliah jalur cepat tanpa input data ekonomi klik bit ly,1,
7479,Facebook,Viral News,dana pendidikan februari dialihkan membeli stok pupuk subsidi,1,
7480,X (Twitter),@LeakIndo,terungkap dana pengadaan kursi sekolah menggunakan bahan bekas,1,
7481,TikTok,@vlogger_edu,mulai maret kantin sekolah wajib menjual makanan tanpa minyak santan,1,
7482,Instagram,@cekfakta_id,video nadiem menyebut guru berusia tahun dipensiunkan,1,
7483,WhatsApp,Grup Sekolah,biaya administrasi pengaktifan kartu pelajar digital rp ribu per siswa,1,
7484,Kompas.com,@kompascom,kemendikbudristek peserta snbp maksimal memilih program studi,0,
7485,Detik.com,@detikcom,nadiem makarim literasi sekadar membaca memahami konteks,0,
7486,TikTok,@news_update,bahaya menulis tangan kiri dapat sebabkan gangguan otak kanan,1,
7487,Instagram,@faktakita,siswa membawa bekal sayuran hijau dihukum membersihkan wc,1,
7488,WhatsApp,Forwarded,link subsidi uang kuota februari rp ribu khusus pengguna telkomsel,1,
7489,Facebook,Kabar Guru,guru memiliki akun linkedin diturunkan nilai kinerjanya,1,
7490,X (Twitter),@PolitikNews,dana pendidikan februari dipotong biaya pengamanan wilayah perbatasan,1,
7491,YouTube,@infopendidikan,panduan mengisi evaluasi diri sekolah eds operator dapodik,0,
7492,LinkedIn,Praktisi Edu,strategi efisiensi listrik sekolah pemasangan sensor gerak kelas,0,
7493,Antara News,@antaranews,kemendiktisaintek mahasiswa magang merdeka mulai melakukan riset lapangan,0,
7494,CNBC Indonesia,@cnbcindonesia,sri mulyani dana abadi kebudayaan digunakan pelestarian desa,0,
7495,Republika,@republikaonline,efisiensi digitalisasi sertifikat pelatihan guru hemat kertas juta lembar,0,
7496,WhatsApp,Grup Guru,iuran wajib guru bingkisan anniversary dinas pendidikan rp ribu,1,
7497,Facebook,Viral News,dana bos februari cair bentuk sembako masalah perbankan,1,
7498,X (Twitter),@LeakIndo,terungkap pengadaan laptop sekolah hasil kerjasama perusahaan,1,
7499,Kompas.com,@kompascom,nadiem pemanfaatan dana bosp kini fleksibel gaji honorer,0,
7500,Detik.com,@detikcom,audit bpk penyaluran dana sertifikasi guru capai akurasi,0,
7501,TikTok,@vlogger_edu,berita buruk mulai april hari libur nasional dihapus pelajar,1,
7502,Instagram,@stophoax,link pendaftaran beasiswa swedia jalur khusus tanpa syarat bahasa inggris,1,
7503,WhatsApp,Grup Sekolah,biaya pengadaan tempat sampah organik rp ribu per siswa harus tunai,1,
7504,Facebook,Info Beasiswa,beasiswa brazil tanpa seleksi pendaftar hari pers nasional,1,
7505,X (Twitter),@EduLeaks,dokumen rahasia kurikulum merdeka dibatalkan per tahun ajaran,1,
7506,YouTube,@berita_sekolah,kemendikbud resmi umumkan guru wajib masuk pukul mulai maret,1,
7507,Antara News,@antaranews,kemendikbudristek sekolah wajib mengalokasikan dana bos literasi,0,
7508,CNBC Indonesia,@cnbcindonesia,sri mulyani pastikan dana pendidikan dipangkas subsidi,0,
7509,Media Indonesia,@mediaindonesia,mendikbud pendidik harus menguasai tools ai membantu pengajaran,0,
7510,Liputan6,@liputan6dotcom,kemendikbudristek pendaftaran program pertukaran mahasiswa merdeka dibuka,0,
7511,Republika,@republikaonline,efisiensi sistem audit sekolah berhasil mempercepat pelaporan dana bos,0,
7512,WhatsApp,Forwarded,link subsidi uang makan mahasiswa rp ribu klik bit ly makan mhs,1,
7513,Facebook,Viral News,dana pendidikan nasional dialirkan membiayai impor alat pertanian,1,
7514,X (Twitter),@PolitikUpdate,dana rehab laboratorium rp miliar menguap membeli saham emiten,1,
7515,Kompas.com,@kompascom,nadiem rapor pendidikan membantu orang tua memantau kualitas sekolah,0,
7516,Detik.com,@detikcom,audit bpk penggunaan dana bosp menunjukkan tren makin akuntabel,0,
7517,TikTok,@news_update,bahaya memakai kacamata anti radiasi sekolah dapat merusak saraf mata,1,
7518,Instagram,@faktakita,siswa mengikuti kegiatan februari didenda rp ribu,1,
7519,WhatsApp,Grup Guru,iuran wajib guru paket parsel farewell pengawas rp ribu,1,
7520,Facebook,Info Cepat,mulai maret siswa libur hari minggu,1,
7521,X (Twitter),@LeakIndo,terungkap dana pendidikan rp triliun hilang proyek aplikasi gagal,1,
7522,YouTube,@infopendidikan,panduan verifikasi akun pmm guru lulus seleksi pppk,0,
7523,LinkedIn,Praktisi Edu,pentingnya transparansi dana sekolah menjaga kepercayaan wali murid,0,
7524,Antara News,@antaranews,kemendiktisaintek mahasiswa magang merdeka mulai diskusi proyek akhir,0,
7525,CNBC Indonesia,@cnbcindonesia,sri mulyani dana abadi pendidikan membantu riset vaksin nasional,0,
7526,Republika,@republikaonline,efisiensi digitalisasi database guru pangkas pengurusan pensiun,0,
7527,WhatsApp,Forwarded,link subsidi pulsa belajar februari gb klik bit ly pulsa feb baik,1,
7528,Facebook,Kabar Guru,guru sering mengupload konten liburan dipantau tim disiplin,1,
7529,X (Twitter),@PolitikNews,dana bos februari macet kas negara digunakan membayar buzzer,1,
7530,TikTok,@vlogger_edu,mulai maret jam istirahat menit fokus pengerjaan tugas,1,
7531,Instagram,@cekfakta_id,video nadiem menyebut siswa wajib membeli seragam merek,1,
7532,WhatsApp,Grup Sekolah,biaya pengadaan papan tulis digital rp ribu per siswa wajib membayar,1,
7533,Kompas.com,@kompascom,kemendikbudristek beri beasiswa siswa berprestasi bidang olahraga,0,
7534,Detik.com,@detikcom,nadiem inovasi pembelajaran guru meningkat fitur pmm,0,
7535,TikTok,@news_update,bahaya menggunakan penghapus karet dapat sebabkan alergi pernapasan,1,
7536,Instagram,@fakta_edu,mahasiswa kip kuliah wajib menyerahkan sertifikat vaksin cairkan dana,1,
7537,WhatsApp,Forwarded,link subsidi uang saku mahasiswa rp ribu klik bit ly saku mhs,1,
7538,Facebook,Kabar Guru,sertifikat pendidik kini masa berlaku tahun wajib membayar ujian,1,
7539,X (Twitter),@LeakIndo,dana rehab sekolah dialihkan membeli perangkat server dinas,1,
7540,YouTube,@berita_sekolah,kemendikbud resmi hapus seragam pramuka mulai tahun ajaran,1,
7541,Antara News,@antaranews,pemerintah salurkan bantuan alat praktik smk unggulan februari,0,
7542,CNBC Indonesia,@cnbcindonesia,sri mulyani realisasi belanja fungsi pendidikan proyeksi awal,0,
7543,Media Indonesia,@mediaindonesia,mendikbud kolaborasi sekolah industri kunci lulusan siap kerja,0,
7544,Liputan6,@liputan6dotcom,kemendikbudristek sekolah dihimbau gunakan literasi digital dini,0,
7545,Republika,@republikaonline,efisiensi katalog elektronik berhasil hemat biaya pengadaan laptop,0,
7546,WhatsApp,Grup RT,sekolah ikut gerak jalan februari kena sanksi,1,
7547,Facebook,Info Cepat,beasiswa finlandia ditutup krisis global per februari,1,
7548,X (Twitter),@Netizen_News,skandal dana buku perpustakaan nasional masuk rekening perusahaan,1,
7549,TikTok,@berita_panas,berita duka sekolah biasa slb digabung januari,1,
7550,Instagram,@cekfakta_id,video nadiem sebut kantin sekolah boleh menjual sayuran,1,
7551,WhatsApp,Grup Guru,iuran wajib guru paket parsel bulan februari pengawas rp ribu,1,
7552,Kompas.com,@kompascom,nadiem makarim vokasi berperan penting membangun ekonomi desa,0,
7553,Detik.com,@detikcom,audit bpk efisiensi pengadaan alat praktik smk meningkat,0,
7554,Kompas.com,@kompascom,pendaftaran utbk snbt resmi dibuka simak jadwal syaratnya,0,
7555,Detik.com,@detikcom,nadiem pengumuman hasil snbp dilakukan maret,0,
7556,WhatsApp,Forwarded,link subsidi uang persiapan lebaran rp ribu guru siswa,1,
7557,Facebook,Viral News,dana bos maret dipotong menutup biaya impor beras nasional,1,
7558,X (Twitter),@PolitikUpdate,terungkap anggaran perjalanan dinas kemendikbud maret capai rp miliar,1,
7559,TikTok,@news_update,bahaya menghirup debu kapur tulis dapat sebabkan gagal ginjal akut,1,
7560,Instagram,@fakta_edu,siswa membeli atribut ramadhan sekolah dikurangi nilai,1,
7561,WhatsApp,Grup RT,link pendaftaran beasiswa jalur ramadhan berkah tanpa seleksi,1,
7562,Antara News,@antaranews,kemendikbudristek sekolah dilarang memaksa siswa membeli seragam,0,
7563,CNBC Indonesia,@cnbcindonesia,sri mulyani thr asn guru cair mulai idul fitri,0,
7564,Republika,@republikaonline,efisiensi digitalisasi ujian madrasah hemat anggaran kertas rp miliar,0,
7565,CNN Indonesia,@CNNIndonesia,nadiem kurikulum merdeka memberi fleksibilitas selama bulan ramadhan,0,
7566,Tempo.co,@tempodotco,kemendikbudristek rilis pedoman kegiatan belajar mengajar selama ramadhan,0,
7567,WhatsApp,Grup Guru,link subsidi paket sembako guru kemdikbud klik bit ly sembako edu,1,
7568,Facebook,Info Cepat,mulai april jam sekolah dimulai pukul kejar materi ujian,1,
7569,X (Twitter),@LeakIndo,dana tpg maret cair dialihkan pembangunan jalan tol,1,
7570,Kompas.com,@kompascom,kemendikbudristek perubahan aturan seragam sekolah maret,0,
7571,Detik.com,@detikcom,audit bpk penyerapan dana bos tahap mencapai secara nasional,0,
7572,TikTok,@vlogger_edu,berita buruk tahun libur idul fitri siswa dihapus,1,
7573,Instagram,@stophoax,beasiswa turki jalur ramadhan pendaftaran terakhir maret,1,
7574,WhatsApp,Grup Sekolah,iuran wajib siswa bingkisan lebaran kepala sekolah rp ribu,1,
7575,Facebook,Kabar Guru,guru mengisi jurnal ramadhan pmm ditunda gajinya,1,
7576,X (Twitter),@EduLeaks,dokumen bocor pemerintah menghapus mapel agama mulai semester,1,
7577,YouTube,@berita_sekolah,kemendikbud resmi hapus cuti lebaran guru honorer,1,
7578,Antara News,@antaranews,kemendiktisaintek kuota kip kuliah jalur snbt ditambah,0,
7579,CNBC Indonesia,@cnbcindonesia,sri mulyani pastikan kenaikan gaji dibayar rapel penuh maret,0,
7580,Media Indonesia,@mediaindonesia,mendikbud wisuda sekolah kewajiban memberatkan orang tua,0,
7581,Liputan6,@liputan6dotcom,kemendikbudristek pendaftaran ppg jabatan segera dibuka,0,
7582,Republika,@republikaonline,efisiensi penggunaan dashboard bosp mempercepat verifikasi laporan,0,
7583,WhatsApp,Forwarded,link bantuan uang saku lebaran mahasiswa rp ribu klik bit ly,1,
7584,Facebook,Viral News,dana pendidikan maret dialirkan subsidi harga daging sapi,1,
7585,TikTok,@news_update,bahaya menggunakan penghapus cair puasa dapat membatalkan puasa,1,
7586,Kompas.com,@kompascom,kemendikbudristek portal akun snpmb tutup maret snbt,0,
7587,Detik.com,@detikcom,nadiem program kampus mengajar angkatan resmi dilepas sekolah,0,
7588,Antara News,@antaranews,pemerintah salurkan bantuan tik sekolah dasar maret,0,
7589,CNBC Indonesia,@cnbcindonesia,sri mulyani belanja pendidikan maret difokuskan thr guru,0,
7590,Republika,@republikaonline,efisiensi katalog elektronik sektoral hemat anggaran buku,0,
7591,WhatsApp,Grup Guru,iuran wajib guru buka pejabat dinas rp ribu,1,
7592,Facebook,Info Beasiswa,beasiswa swiss tanpa seleksi khusus pendaftar tanggal maret,1,
7593,X (Twitter),@PolitikNews,dana bos maret macet digunakan membayar hutang negeri,1,
7594,CNN Indonesia,@CNNIndonesia,mendikbud sekolah harus menjadi ruang aman inklusif siswa,0,
7595,Antara News,@antaranews,kemendikbudristek gelar pelatihan konten kreatif guru smk,0,
7596,Kompas.com,@kompascom,simak aturan pemilihan program studi utbk snbt,0,
7597,Detik.com,@detikcom,nadiem dana indonesiana dukung ribuan seniman berkreasi,0,
7598,Antara News,@antaranews,pemerintah beri beasiswa unggulan mahasiswa vokasi,0,
7599,CNBC Indonesia,@cnbcindonesia,sri mulyani dana abadi pendidikan capai nilai tertinggi sejarah,0,
7600,Republika,@republikaonline,efisiensi digitalisasi ijazah pangkas biaya legalisir perguruan tinggi,0,
7601,WhatsApp,Grup Sekolah,biaya pengadaan parsel sekolah rp ribu per siswa wajib membayar,1,
7602,Facebook,Kabar Guru,guru sering update status jam kerja dicabut sertifikasinya,1,
7603,X (Twitter),@LeakIndo,terungkap laptop bantuan kemendikbud maret merk aspal,1,
7604,Kompas.com,@kompascom,kemendikbudristek sertifikasi guru triwulan mulai masuk tahap verifikasi,0,
7605,Detik.com,@detikcom,nadiem makarim platform merdeka mengajar kini miliki fitur kelola kinerja,0,
7606,Antara News,@antaranews,pemerintah bangun ruang kelas wilayah terpencil maret,0,
7607,CNBC Indonesia,@cnbcindonesia,sri mulyani alokasi pip naik redam dampak inflasi pangan,0,
7608,Republika,@republikaonline,efisiensi sistem siplah berhasil menurunkan harga barang sekolah,0,
7609,WhatsApp,Forwarded,link subsidi pulsa belajar ramadhan gb klik bit ly pulsa maret,1,
7610,Facebook,Info Cepat,beasiswa jerman ditutup permanen per maret resesi,1,
7611,X (Twitter),@EduLeaks,dokumen rahasia tpg guru pppk dihapus mulai bulan,1,
7612,Kompas.com,@kompascom,nadiem rapor pendidikan membantu sekolah menentukan prioritas belanja,0,
7613,Detik.com,@detikcom,audit bpk penggunaan dana bosp semakin akuntabel transparan,0,
7614,Antara News,@antaranews,kemendikbudristek pendaftaran beasiswa pendidikan indonesia dibuka,0,
7615,CNBC Indonesia,@cnbcindonesia,sri mulyani pastikan dana pendidikan tetap aman apbn,0,
7616,Media Indonesia,@mediaindonesia,mendikbud pendidik harus menjadi fasilitator pembelajaran inovatif,0,
7617,Liputan6,@liputan6dotcom,kemendikbudristek sekolah dihimbau rayakan ramadhan secara sederhana,0,
7618,Republika,@republikaonline,efisiensi katalog elektronik sektoral hemat biaya pengadaan tik,0,
7619,WhatsApp,Grup RT,sekolah mengadakan buka didenda rp juta,1,
7620,Facebook,Viral News,dana bos maret dialokasikan membeli stok minyak goreng murah,1,
7621,X (Twitter),@PolitikUpdate,dana rehab perpustakaan rp miliar hilang membeli saham,1,
7622,Kompas.com,@kompascom,kemendikbudristek peserta utbk boleh memilih program studi,0,
7623,Detik.com,@detikcom,nadiem inovasi pembelajaran guru meningkat komunitas belajar,0,
7624,Antara News,@antaranews,pemerintah salurkan bantuan dana rehab sekolah pasca bencana maret,0,
7625,CNBC Indonesia,@cnbcindonesia,sri mulyani realisasi belanja fungsi pendidikan maret target,0,
7626,Republika,@republikaonline,efisiensi digitalisasi sertifikasi pangkas jalur birokrasi daerah,0,
7627,WhatsApp,Forwarded,link subsidi uang saku maret rp ribu klik bit ly saku maret,1,
7628,Facebook,Kabar Guru,guru sering mengeluh facebook dicabut tunjangannya,1,
7629,X (Twitter),@Netizen_News,skandal dana buku perpustakaan nasional masuk kantong pribadi,1,
7630,Kompas.com,@kompascom,nadiem makarim vokasi berperan penting hilirisasi industri,0,
7631,Detik.com,@detikcom,audit bpk efisiensi pengadaan laptop pelajar meningkat,0,
7632,Antara News,@antaranews,kemendikbudristek pangkas birokrasi laporan aplikasi terintegrasi,0,
7633,CNBC Indonesia,@cnbcindonesia,sri mulyani dana abadi pendidikan membantu ribuan mahasiswa kuliah,0,
7634,Republika,@republikaonline,kemendikbudristek hapus kewajiban laporan fisik guru penggerak,0,
7635,TikTok,@vlogger_edu,mulai maret jam istirahat menit fokus pengerjaan tugas,1,
7636,Instagram,@cekfakta_id,video nadiem menyebut siswa wajib membeli laptop maret,1,
7637,WhatsApp,Grup Sekolah,biaya pengadaan foto pemimpin rp ribu per siswa harus membayar,1,
7638,Kompas.com,@kompascom,kemendikbudristek beri beasiswa siswa berprestasi olimpiade sains,0,
7639,Detik.com,@detikcom,nadiem program msib berhasil hubungkan mahasiswa industri,0,
7640,Antara News,@antaranews,pemerintah salurkan bantuan alat olahraga sekolah maret,0,
7641,CNBC Indonesia,@cnbcindonesia,sri mulyani dana abadi pendidikan capai nilai strategis,0,
7642,Republika,@republikaonline,efisiensi sistem rapor pangkas biaya distribusi logistik nasional,0,
7643,WhatsApp,Forwarded,link subsidi uang buka puasa rp ribu klik bit ly buka maret,1,
7644,Facebook,Viral News,dana bos maret dipotong biaya perbaikan kantor dinas,1,
7645,X (Twitter),@LeakIndo,terungkap ribuan laptop bantuan sekolah barang rekondisi,1,
7646,Kompas.com,@kompascom,nadiem kesejahteraan guru prioritas rpp manajemen asn,0,
7647,Detik.com,@detikcom,audit bpk penyaluran dana sertifikasi guru akurat,0,
7648,Antara News,@antaranews,kemendiktisaintek mahasiswa magang merdeka mulai onboarding,0,
7649,CNBC Indonesia,@cnbcindonesia,sri mulyani pastikan kenaikan gaji asn guru cair akhir maret,0,
7650,Republika,@republikaonline,efisiensi digitalisasi sertifikat pelatihan guru hemat kertas jutaan lembar,0,
7651,TikTok,@news_update,bahaya menggunakan penghapus dapat sebabkan kanker kulit siswa,1,
7652,Instagram,@fakta_edu,mahasiswa kip kuliah wajib menyerahkan uang saku organisasi,1,
7653,WhatsApp,Forwarded,link subsidi uang transportasi kuliah rp ribu klik bit ly mhs,1,
7654,Kompas.com,@kompascom,kemendikbudristek sekolah inklusif wajib menerima siswa berkebutuhan khusus,0,
7655,Detik.com,@detikcom,nadiem kurikulum merdeka terbukti kurangi beban administrasi guru,0,
7656,Antara News,@antaranews,pemerintah salurkan bantuan dana sarpras sekolah maret,0,
7657,CNBC Indonesia,@cnbcindonesia,sri mulyani dana abadi pendidikan membantu riset vaksin nasional,0,
7658,Republika,@republikaonline,efisiensi katalog elektronik berhasil hemat biaya pengadaan laptop,0,
7659,TikTok,@berita_panas,berita duka slb wilayah ditutup per april,1,
7660,Instagram,@cekfakta_id,video nadiem sebut kantin sekolah boleh menjual makanan rebus,1,
7661,WhatsApp,Grup Guru,iuran wajib guru paket parsel maret pengawas rp ribu,1,
7662,Kompas.com,@kompascom,nadiem makarim vokasi berperan penting membangun ekonomi desa,0,
7663,Detik.com,@detikcom,audit bpk efisiensi pengadaan alat praktik smk meningkat,0,
7664,Antara News,@antaranews,kemendikbudristek luncurkan panduan pencegahan kekerasan seksual,0,
7665,CNBC Indonesia,@cnbcindonesia,sri mulyani reformasi birokrasi kemendikbudristek hemat anggaran,0,
7666,Republika,@republikaonline,efisiensi aplikasi srikandi pangkas biaya atk lingkungan dinas,0,
7667,Kompas.com,@kompascom,kemendikbudristek portal akun snpmb tutup tepat,0,
7668,Detik.com,@detikcom,nadiem transformasi digital pendidikan ri diapresiasi unesco,0,
7669,Antara News,@antaranews,pemerintah salurkan paket buku cerita perpustakaan desa,0,
7670,CNBC Indonesia,@cnbcindonesia,sri mulyani penyerapan dana pip maret estimasi kemenkeu,0,
7671,Republika,@republikaonline,efisiensi digitalisasi database guru pangkas pengurusan pensiun,0,
7672,Kompas.com,@kompascom,kemendikbudristek beri beasiswa siswa berprestasi olahraga,0,
7673,Detik.com,@detikcom,nadiem inovasi pembelajaran guru meningkat fitur pmm,0,
7674,Antara News,@antaranews,pemerintah salurkan bantuan alat praktik smk maret,0,
7675,CNBC Indonesia,@cnbcindonesia,sri mulyani realisasi belanja fungsi pendidikan proyeksi,0,
7676,Republika,@republikaonline,efisiensi digitalisasi laporan keuangan sekolah hemat kertas,0,
7677,Kompas.com,@kompascom,nadiem rapor pendidikan membantu orang tua memantau sekolah,0,
7678,Detik.com,@detikcom,audit bpk penggunaan dana bosp makin akuntabel,0,
7679,Antara News,@antaranews,kemendiktisaintek mahasiswa magang merdeka mulai riset lapangan,0,
7680,CNBC Indonesia,@cnbcindonesia,sri mulyani dana abadi pendidikan membantu ribuan mahasiswa mampu,0,
7681,Republika,@republikaonline,efisiensi digitalisasi sertifikasi pangkas jalur birokrasi signifikan,0,
7682,Kompas.com,@kompascom,kemendikbudristek sekolah wajib mengalokasikan dana bos literasi,0,
7683,Detik.com,@detikcom,nadiem mahasiswa mbkm harus memiliki soft skill problem solving,0,
7684,Antara News,@antaranews,pemerintah beri bantuan dana rehab ruang kelas sd,0,
7685,CNBC Indonesia,@cnbcindonesia,sri mulyani dana abadi kebudayaan pelestarian desa,0,
7686,Republika,@republikaonline,efisiensi sistem audit sekolah berhasil mempercepat pelaporan,0,
7687,Kompas.com,@kompascom,nadiem pemanfaatan dana bosp kini fleksibel honorer,0,
7688,Detik.com,@detikcom,audit bpk penyaluran dana pip tepat sasaran,0,
7689,Antara News,@antaranews,kemendikbudristek verifikasi sekolah snbp selesai tepat,0,
7690,CNBC Indonesia,@cnbcindonesia,sri mulyani thr guru mulai disalurkan lebaran,0,
7691,Republika,@republikaonline,efisiensi transformasi office kemendikbud hemat kertas,0,
7692,Kompas.com,@kompascom,kemendikbudristek sekolah inklusif menjadi prioritas pembangunan,0,
7693,Detik.com,@detikcom,nadiem kurikulum merdeka tekankan karakter literasi,0,
7694,Antara News,@antaranews,pemerintah salurkan bantuan bus sekolah daerah tertinggal,0,
7695,CNBC Indonesia,@cnbcindonesia,sri mulyani alokasi dana pendidikan mencapai rp triliun,0,
7696,Republika,@republikaonline,efisiensi pengadaan barang sekolah siplah hemat anggaran,0,
7697,Kompas.com,@kompascom,kemendikbudristek perubahan aturan seragam sekolah,0,
7698,Detik.com,@detikcom,nadiem guru penggerak motor transformasi sekolah,0,
7699,CNBC Indonesia,@cnbcindonesia,sri mulyani realisasi belanja pendidikan capai rp triliun,0,
7700,Antara News,@antaranews,pemerintah salurkan bantuan tik sekolah maret,0,
7701,WhatsApp,Grup RT,sekolah memasang spanduk lebaran didenda rp juta,1,
7702,Facebook,Info Beasiswa,beasiswa korea selatan jalur khusus pendaftaran maret tanpa berkas,1,
7703,Instagram,@cekfakta_id,video nadiem menyebut guru diganti ai mulai april,1,
7704,Kompas.com,@kompascom,pengumuman hasil snbp siswa dinyatakan lolos ptn,0,
7705,Detik.com,@detikcom,nadiem peserta lolos snbp diizinkan mengikuti utbk snbt,0,
7706,WhatsApp,Forwarded,link subsidi uang thr tambahan rp ribu siswa kip klik bit ly,1,
7707,Facebook,Viral News,dana bos april hangus digunakan acara halal bihalal,1,
7708,X (Twitter),@PolitikUpdate,terungkap anggaran parsel lebaran kemendikbud capai rp miliar,1,
7709,TikTok,@news_update,bahaya makan ketupat lebaran berlebihan dapat menurunkan iq siswa,1,
7710,Instagram,@fakta_edu,siswa membayar iuran zakat sekolah dilarang ikut ujian,1,
7711,WhatsApp,Grup RT,link pendaftaran beasiswa jalur lebaran ceria tanpa tes ijazah,1,
7712,Antara News,@antaranews,kemendikbudristek sekolah masuk tanggal april pasca lebaran,0,
7713,CNBC Indonesia,@cnbcindonesia,sri mulyani realisasi thr guru asn rampung lebaran,0,
7714,Republika,@republikaonline,efisiensi sistem absensi digital guru pangkas manipulasi data kehadiran,0,
7715,CNN Indonesia,@CNNIndonesia,mendikbud kebijakan wfh asn pendidikan berlaku april,0,
7716,Tempo.co,@tempodotco,kemendikbudristek tegaskan penghapusan ekstrakurikuler pramuka,0,
7717,WhatsApp,Grup Guru,link pendaftaran laptop lebaran gratis kemdikbud klik bit ly ltp edu,1,
7718,Facebook,Info Cepat,mulai mei siswa wajib menggunakan seragam bergaya militer,1,
7719,X (Twitter),@LeakIndo,dana tunjangan guru april dipotong biaya perbaikan gedung dpr,1,
7720,Kompas.com,@kompascom,utbk snbt peserta diimbau cek lokasi ujian pelaksanaan,0,
7721,Detik.com,@detikcom,audit bpk digitalisasi dana bos arkas tekan potensi korupsi,0,
7722,TikTok,@vlogger_edu,berita buruk tahun ajaran dimajukan bulan juni secara mendadak,1,
7723,Instagram,@stophoax,beasiswa jepang jalur sakura april tanpa syarat sertifikat bahasa,1,
7724,WhatsApp,Grup Sekolah,iuran wajib guru bingkisan pindah tugas pengawas rp ribu,1,
7725,Facebook,Kabar Guru,guru melakukan halal bihalal online pmm disanksi,1,
7726,X (Twitter),@EduLeaks,dokumen bocor pemerintah swastakan smk indonesia,1,
7727,YouTube,@berita_sekolah,kemendikbud resmi umumkan hari sabtu wajib sekolah mulai mei,1,
7728,Antara News,@antaranews,kemendiktisaintek mahasiswa magang merdeka mulai evaluasi tengah periode,0,
7729,CNBC Indonesia,@cnbcindonesia,sri mulyani pastikan dana pendidikan tetap fokus infrastruktur,0,
7730,Media Indonesia,@mediaindonesia,mendikbud guru penggerak harus menjadi agen perubahan sekolah,0,
7731,Liputan6,@liputan6dotcom,kemendikbudristek pendaftaran kip kuliah jalur seleksi mandiri dibuka,0,
7732,Republika,@republikaonline,efisiensi digitalisasi laporan bosp menghemat administrasi,0,
7733,WhatsApp,Forwarded,link subsidi uang saku pasca lebaran rp ribu klik bit ly saku apr,1,
7734,Facebook,Viral News,dana pendidikan april dialihkan membayar bonus pemain bola,1,
7735,TikTok,@news_update,bahaya memakai gelang karet sekolah dapat menyebabkan kanker darah,1,
7736,Kompas.com,@kompascom,kemendikbudristek simak jadwal cetak kartu peserta utbk,0,
7737,Detik.com,@detikcom,nadiem kurikulum merdeka resmi menjadi standar nasional pendidikan,0,
7738,Antara News,@antaranews,pemerintah salurkan bantuan bus sekolah wilayah kepulauan,0,
7739,CNBC Indonesia,@cnbcindonesia,sri mulyani belanja fungsi pendidikan april terpusat gaji asn,0,
7740,Republika,@republikaonline,efisiensi anggaran katalog tekan harga pengadaan buku,0,
7741,WhatsApp,Grup Guru,iuran wajib guru sewa tenda open house kepala dinas rp ribu,1,
7742,Facebook,Info Beasiswa,beasiswa inggris tanpa tes toefl khusus pendaftaran april,1,
7743,X (Twitter),@PolitikNews,dana bos april macet kas negara kosong lebaran,1,
7744,CNN Indonesia,@CNNIndonesia,nadiem program kampus mengajar beri pengalaman nyata mahasiswa,0,
7745,Antara News,@antaranews,kemendikbudristek gelar workshop literasi keuangan pelajar smk,0,
7746,Liputan6,@liputan6dotcom,melakukan sanggah hasil snbp portal resmi kemendikbud,0,
7747,Tempo.co,@tempodotco,kemendikbudristek tegaskan pramuka tetap ekskul pilihan,0,
7748,Republika,@republikaonline,efisiensi transformasi office kemendikbud hemat kertas,0,
7749,WhatsApp,Grup RT,sekolah mengadakan kerja bakti pasca lebaran didenda,1,
7750,Facebook,Kabar Guru,guru sering bolos lebaran langsung diberhentikan,1,
7751,X (Twitter),@LeakIndo,terungkap laptop bantuan sekolah april dapat dinyalakan,1,
7752,Kompas.com,@kompascom,kemendikbudristek registrasi akun snpmb gelombang ii dibuka,0,
7753,Detik.com,@detikcom,nadiem makarim rapor pendidikan membantu perencanaan berbasis data,0,
7754,Antara News,@antaranews,pemerintah salurkan paket alat tulis daerah pasca bencana,0,
7755,CNBC Indonesia,@cnbcindonesia,sri mulyani realisasi belanja pendidikan april target,0,
7756,Republika,@republikaonline,efisiensi digitalisasi sertifikat pendidik mempermudah proses administrasi,0,
7757,WhatsApp,Forwarded,link subsidi pulsa pelajar april gb kemdikbud klik bit ly,1,
7758,Facebook,Info Cepat,mulai mei jam istirahat sekolah dihapus mengejar materi ujian,1,
7759,X (Twitter),@EduLeaks,dokumen rahasia tunjangan profesi guru dipotong mulai juli,1,
7760,Kompas.com,@kompascom,kemendikbudristek pengumuman hasil seleksi jalur prestasi universitas,0,
7761,Detik.com,@detikcom,nadiem guru fasilitator sekadar pengajar kelas,0,
7762,TikTok,@news_update,bahaya membawa tas sekolah berat dapat sebabkan kelumpuhan otak,1,
7763,Instagram,@faktakita,mahasiswa kip kuliah wajib menyetorkan uang saku ormas,1,
7764,WhatsApp,Grup Guru,iuran wajib guru paket hadiah lebaran susulan pengawas rp rb,1,
7765,Facebook,Kabar Guru,guru mengajar tanpa gadget merek ditunda kenaikan pangkat,1,
7766,X (Twitter),@PolitikUpdate,dana operasional sekolah rp triliun dipakai membeli kendaraan dinas,1,
7767,YouTube,@berita_sekolah,kemendikbud resmi hapus seragam batik mulai tahun ajaran,1,
7768,LinkedIn,Praktisi Edu,efisiensi anggaran sekolah manajemen berbasis sekolah mbs,0,
7769,Antara News,@antaranews,pemerintah bangun laboratorium komputer smk teknik,0,
7770,CNBC Indonesia,@cnbcindonesia,sri mulyani dana abadi pendidikan digunakan riset energi,0,
7771,Media Indonesia,@mediaindonesia,mendikbud pmm membantu guru berbagi praktik baik pembelajaran,0,
7772,Liputan6,@liputan6dotcom,kemendikbudristek sekolah diimbau jaga kebersihan pasca libur panjang,0,
7773,WhatsApp,Grup RT,sekolah mengadakan acara halal bihalal kena sanksi,1,
7774,Facebook,Info Cepat,beasiswa italia ditutup permanen masalah visa per april,1,
7775,X (Twitter),@Netizen_News,skandal dana rehab sekolah rp miliar masuk rekening pribadi,1,
7776,TikTok,@vlogger_edu,mulai mei siswa masuk hari seminggu efisiensi listrik,1,
7777,Instagram,@cekfakta_id,video nadiem menyebut guru honorer diganti ai mulai mei,1,
7778,WhatsApp,Grup Sekolah,biaya administrasi perawatan gedung pasca lebaran rp rb wajib membayar,1,
7779,Kompas.com,@kompascom,kemendikbudristek registrasi akun snpmb resmi ditutup,0,
7780,Detik.com,@detikcom,nadiem makarim program magang merdeka tingkatkan serapan lulusan,0,
7781,TikTok,@news_update,bahaya minum air es sekolah dapat sebabkan kerusakan paru paru,1,
7782,Instagram,@faktakita,siswa memakai sepatu merk dilarang masuk perpustakaan,1,
7783,WhatsApp,Forwarded,link subsidi uang jajan pasca mudik rp rb klik bit ly mudik edu,1,
7784,Facebook,Kabar Guru,guru menguasai chatgpt segera dipensiunkan dini,1,
7785,X (Twitter),@PolitikNews,dana pendidikan april dipotong membayar utang pembelian alutsista,1,
7786,YouTube,@infopendidikan,panduan lengkap mengisi data dapodik pasca libur lebaran,0,
7787,LinkedIn,Praktisi Edu,strategi efisiensi energi sekolah penggunaan lampu led,0,
7788,Antara News,@antaranews,kemendiktisaintek mahasiswa peserta msib mulai persiapkan laporan,0,
7789,CNBC Indonesia,@cnbcindonesia,sri mulyani dana pip tahap april tersalurkan juta siswa,0,
7790,Republika,@republikaonline,efisiensi digitalisasi database siswa mempercepat proses mutasi,0,
7791,WhatsApp,Grup Guru,iuran wajib guru bingkisan anniversary sekolah rp ribu,1,
7792,Facebook,Viral News,dana bos april dipotong biaya operasional satpol pp,1,
7793,X (Twitter),@LeakIndo,terungkap ribuan buku bantuan sekolah cetak massal,1,
7794,Kompas.com,@kompascom,nadiem sertifikasi guru triwulan mulai dicairkan bertahap april,0,
7795,Detik.com,@detikcom,audit bpk penyaluran dana sertifikasi guru capai akurasi,0,
7796,TikTok,@vlogger_edu,berita buruk mulai mei kantin sekolah dilarang menjual gorengan,1,
7797,Instagram,@stophoax,link pendaftaran beasiswa australia jalur khusus tanpa tes ijazah,1,
7798,WhatsApp,Grup Sekolah,biaya pengadaan ac kelas rp rb per siswa harus membayar tunai,1,
7799,Facebook,Info Beasiswa,beasiswa perancis tanpa seleksi khusus pendaftar hari pendidikan,1,
7800,X (Twitter),@EduLeaks,dokumen rahasia kurikulum merdeka dibatalkan tahun,1,
7801,YouTube,@berita_sekolah,kemendikbud resmi hapus seragam putih abu abu mulai semester,1,
7802,Antara News,@antaranews,kemendikbudristek sekolah wajib lakukan sosialisasi anti perundungan,0,
7803,CNBC Indonesia,@cnbcindonesia,sri mulyani pastikan dana pendidikan dipangkas bansos,0,
7804,Media Indonesia,@mediaindonesia,mendikbud mahasiswa harus memiliki integritas akademik tinggi,0,
7805,Liputan6,@liputan6dotcom,kemendikbudristek pendaftaran guru penggerak angkatan dibuka april,0,
7806,Republika,@republikaonline,efisiensi sistem katalog sektoral berhasil hemat anggaran alat tik,0,
7807,Kompas.com,@kompascom,kemendikbudristek verifikasi data kip kuliah jalur mandiri diperketat,0,
7808,Detik.com,@detikcom,nadiem kurikulum merdeka tekankan pembelajaran berdiferensiasi,0,
7809,Antara News,@antaranews,pemerintah salurkan bantuan alat praktik smk maritim april,0,
7810,CNBC Indonesia,@cnbcindonesia,sri mulyani dana abadi pendidikan membantu inovasi teknologi nasional,0,
7811,Republika,@republikaonline,efisiensi digitalisasi sertifikasi guru pangkas pengurusan bulan,0,
7812,Kompas.com,@kompascom,nadiem makarim vokasi berperan penting hilirisasi industri nasional,0,
7813,Detik.com,@detikcom,audit bpk efisiensi pengadaan alat praktik smk meningkat,0,
7814,Antara News,@antaranews,kemendikbudristek luncurkan program sastra masuk kurikulum sekolah,0,
7815,CNBC Indonesia,@cnbcindonesia,sri mulyani realisasi belanja fungsi pendidikan proyeksi,0,
7816,Republika,@republikaonline,efisiensi aplikasi srikandi berhasil kurangi biaya atk,0,
7817,Kompas.com,@kompascom,kemendikbudristek pendaftaran utbk snbt berlangsung lancar,0,
7818,Detik.com,@detikcom,nadiem kolaborasi guru pmm mempercepat pemerataan kualitas,0,
7819,Antara News,@antaranews,pemerintah salurkan paket buku bacaan wilayah terpencil,0,
7820,CNBC Indonesia,@cnbcindonesia,sri mulyani penyerapan dana pip april perkiraan,0,
7821,Republika,@republikaonline,efisiensi digitalisasi database guru pangkas jalur birokrasi pensiun,0,
7822,Kompas.com,@kompascom,kemendikbudristek beri penghargaan sekolah literasi terbaik,0,
7823,Detik.com,@detikcom,nadiem inovasi pembelajaran guru meningkat fitur pmm,0,
7824,Antara News,@antaranews,pemerintah salurkan bantuan alat laboratorium sma unggulan,0,
7825,CNBC Indonesia,@cnbcindonesia,sri mulyani dana abadi pendidikan dukung studi mahasiswa negeri,0,
7826,Republika,@republikaonline,efisiensi digitalisasi laporan keuangan sekolah menekan penggunaan kertas,0,
7827,Kompas.com,@kompascom,nadiem rapor pendidikan membantu orang tua memantau mutu sekolah,0,
7828,Detik.com,@detikcom,audit bpk penggunaan dana bosp menunjukkan peningkatan kualitas,0,
7829,Antara News,@antaranews,kemendiktisaintek peserta magang merdeka mulai presentasi proyek,0,
7830,CNBC Indonesia,@cnbcindonesia,sri mulyani dana abadi pendidikan membantu penanganan siswa putus sekolah,0,
7831,Republika,@republikaonline,efisiensi digitalisasi sertifikasi guru mempercepat pencairan tunjangan,0,
7832,Kompas.com,@kompascom,kemendikbudristek sekolah wajib mengalokasikan dana bos buku,0,
7833,Detik.com,@detikcom,nadiem mahasiswa mbkm harus memiliki daya saing tingkat global,0,
7834,Antara News,@antaranews,pemerintah beri bantuan dana rehab ruang kelas sd april,0,
7835,CNBC Indonesia,@cnbcindonesia,sri mulyani dana abadi kebudayaan inovasi seni kreatif,0,
7836,Republika,@republikaonline,efisiensi sistem audit berhasil mempercepat pelaporan dana sekolah,0,
7837,Kompas.com,@kompascom,nadiem penggunaan dana bosp kini fleksibel gaji honorer,0,
7838,Detik.com,@detikcom,audit bpk penyaluran dana pip akurat tepat sasaran,0,
7839,Antara News,@antaranews,kemendikbudristek sekolah inklusif menjadi prioritas utama,0,
7840,CNBC Indonesia,@cnbcindonesia,sri mulyani alokasi dana pendidikan mencapai rp triliun,0,
7841,Republika,@republikaonline,efisiensi siplah berhasil menurunkan biaya pengadaan barang sekolah,0,
7842,Kompas.com,@kompascom,kemendikbudristek perubahan kebijakan seragam sekolah,0,
7843,Detik.com,@detikcom,nadiem guru penggerak kunci utama transformasi pendidikan,0,
7844,Antara News,@antaranews,pemerintah salurkan bantuan bus sekolah daerah tertinggal,0,
7845,CNBC Indonesia,@cnbcindonesia,sri mulyani realisasi belanja pendidikan april capai rp triliun,0,
7846,Republika,@republikaonline,efisiensi pengadaan barang siplah hemat anggaran negara,0,
7847,Kompas.com,@kompascom,kemendikbudristek sekolah dilarang menahan ijazah siswa,0,
7848,Detik.com,@detikcom,nadiem pendidikan karakter fondasi utama kurikulum merdeka,0,
7849,CNBC Indonesia,@cnbcindonesia,sri mulyani penyerapan anggaran pendidikan april stabil teratur,0,
7850,Antara News,@antaranews,pemerintah salurkan bantuan alat tik sekolah april,0,
7851,WhatsApp,Grup RT,sekolah ikut karnaval mei didenda rp juta per kelas,1,
7852,Facebook,Info Beasiswa,beasiswa taiwan jalur mudik pendaftaran april tanpa berkas,1,
7853,Instagram,@cekfakta_id,video nadiem menyebut siswa wajib membeli kamus digital,1,
7854,Kompas.com,@kompascom,hardiknas kemendikbudristek usung tema bergerak lanjutkan merdeka belajar,0,
7855,Detik.com,@detikcom,nadiem makarim utbk snbt gelombang berjalan kondusif pusat utbk,0,
7856,WhatsApp,Forwarded,link subsidi uang hardiknas rp ribu guru honorer klik bit ly hardiknas,1,
7857,Facebook,Viral News,dana bos mei dialihkan membiayai perayaan ulang tahun pejabat daerah,1,
7858,X (Twitter),@PolitikUpdate,terungkap anggaran sewa artis acara hardiknas kemendikbud capai rp miliar,1,
7859,TikTok,@news_update,bahaya radiasi fingerprint absensi sekolah dapat sebabkan kerusakan syaraf,1,
7860,Instagram,@fakta_edu,siswa hadir upacara hardiknas dipotong nilai raportnya poin,1,
7861,WhatsApp,Grup RT,link pendaftaran beasiswa jalur peringatan hardiknas tanpa seleksi ijazah,1,
7862,Antara News,@antaranews,kemendikbudristek sekolah wajib membentuk satgas pencegahan kekerasan tppk,0,
7863,CNBC Indonesia,@cnbcindonesia,sri mulyani anggaran pendidikan mei difokuskan sarana laboratorium smk,0,
7864,Republika,@republikaonline,efisiensi implementasi cloud computing kampus hemat biaya server rp juta,0,
7865,CNN Indonesia,@CNNIndonesia,nadiem pemerintah batalkan kenaikan ukt perguruan tinggi negeri tahun,0,
7866,Tempo.co,@tempodotco,kemendikbudristek rilis pedoman ppdb jalur zonasi tetap menjadi prioritas,0,
7867,WhatsApp,Grup Guru,link subsidi laptop hardiknas kemdikbud khusus guru pns klik bit ly,1,
7868,Facebook,Info Cepat,mulai juni kantin sekolah wajib menyediakan makanan organik mahal,1,
7869,X (Twitter),@LeakIndo,dana sertifikasi guru mei cair digunakan proyek ikn,1,
7870,Kompas.com,@kompascom,kemendikbudristek siswa lulus ukt dapat ajukan keringanan sanggah,0,
7871,Detik.com,@detikcom,audit bpk penggunaan dana pip tahap capai ketepatan sasaran,0,
7872,TikTok,@vlogger_edu,berita buruk tahun ajaran dimajukan minggu juni secara serentak,1,
7873,Instagram,@stophoax,beasiswa belanda jalur tulip mei pendaftaran tanpa syarat toefl ielts,1,
7874,WhatsApp,Grup Sekolah,iuran wajib siswa biaya perbaikan taman sekolah rp ribu per orang,1,
7875,Facebook,Kabar Guru,guru mengikuti pelatihan ai pmm diturunkan golongannya,1,
7876,X (Twitter),@EduLeaks,dokumen bocor pemerintah menghapus mata pelajaran seni budaya smp,1,
7877,YouTube,@berita_sekolah,kemendikbud resmi umumkan libur semester genap ditiadakan smk,1,
7878,Antara News,@antaranews,kemendiktisaintek mahasiswa msib angkatan mulai persiapkan presentasi akhir,0,
7879,CNBC Indonesia,@cnbcindonesia,sri mulyani pastikan alokasi gaji guru pppk mei tersedia kas daerah,0,
7880,Media Indonesia,@mediaindonesia,mendikbud revitalisasi bahasa daerah menjadi fokus literasi nasional,0,
7881,Liputan6,@liputan6dotcom,kemendikbudristek pendaftaran ppg prajabatan gelombang dibuka akhir mei,0,
7882,Republika,@republikaonline,efisiensi penggunaan sistem reporting dana bos pangkas birokrasi dinas,0,
7883,WhatsApp,Forwarded,link subsidi uang kuota hardiknas gb kemdikbud klik bit ly pulsa mei,1,
7884,Facebook,Viral News,dana pendidikan mei dialihkan subsidi bbm jelang libur panjang,1,
7885,TikTok,@news_update,bahaya menggunakan stabilo warna neon dapat menyebabkan iritasi mata permanen,1,
7886,Kompas.com,@kompascom,kemendikbudristek peserta utbk snbt wajib membawa dokumen asli ujian,0,
7887,Detik.com,@detikcom,nadiem program indonesian international student mobility awards iisma dilepas,0,
7888,Antara News,@antaranews,pemerintah salurkan alat peraga ipa madrasah tsanawiyah mei,0,
7889,CNBC Indonesia,@cnbcindonesia,sri mulyani surplus anggaran pendidikan digunakan beasiswa,0,
7890,Republika,@republikaonline,efisiensi digitalisasi kearsipan sekolah hemat anggaran gudang dokumen,0,
7891,WhatsApp,Grup Guru,iuran wajib guru bingkisan farewell kepala bidang pendidikan rp rb,1,
7892,Facebook,Info Beasiswa,beasiswa selandia tanpa tes wawancara khusus pendaftar mei,1,
7893,X (Twitter),@PolitikNews,dana bos mei macet kas negara terpakai membayar cicilan pesawat tempur,1,
7894,CNN Indonesia,@CNNIndonesia,nadiem guru honorer lolos seleksi asn pppk mulai menerima sk mei,0,
7895,Antara News,@antaranews,kemendikbudristek gelar festival film pelajar nasional siswa sma smk,0,
7896,Liputan6,@liputan6dotcom,melakukan verifikasi nilai rapor sistem ppdb secara mandiri,0,
7897,Tempo.co,@tempodotco,pemerintah tegaskan kenaikan tarif listrik fasilitas sekolah,0,
7898,Republika,@republikaonline,efisiensi pengadaan tablet pelajar siplah murah harga pasar,0,
7899,WhatsApp,Grup RT,sekolah memasang bendera merah putih selama mei didenda,1,
7900,Facebook,Kabar Guru,guru memiliki sertifikat webinar ai dapat cairkan tunjangan,1,
7901,X (Twitter),@LeakIndo,terungkap pengadaan buku kurikulum merdeka mei menggunakan kertas kualitas rendah,1,
7902,Kompas.com,@kompascom,kemendikbudristek pengumuman hasil kelulusan sma smk secara serentak mei,0,
7903,Detik.com,@detikcom,nadiem makarim rapor pendidikan kini mudah diakses mobile,0,
7904,Antara News,@antaranews,pemerintah beri bantuan bus sekolah elektrik kota besar mei,0,
7905,CNBC Indonesia,@cnbcindonesia,sri mulyani belanja pendidikan mei terserap sarpras ptn,0,
7906,Republika,@republikaonline,efisiensi integrasi dapodik dukcapil percepat verifikasi ppdb,0,
7907,WhatsApp,Forwarded,link subsidi uang perpisahan sekolah rp ribu klik bit ly lulus,1,
7908,Facebook,Info Cepat,mulai juli siswa boleh membawa tas transparan alasan keamanan,1,
7909,X (Twitter),@EduLeaks,dokumen rahasia status guru tetap yayasan dihapus mulai tahun,1,
7910,Kompas.com,@kompascom,kemendikbudristek simak jadwal aturan pendaftaran utbk snbt gelombang ii,0,
7911,Detik.com,@detikcom,nadiem smk pusat keunggulan harus menjadi penggerak ekonomi daerah,0,
7912,TikTok,@news_update,bahaya radiasi sinyal wi fi sekolah dapat menyebabkan rambut siswa rontok,1,
7913,Instagram,@faktakita,mahasiswa penerima beasiswa wajib membeli laptop koperasi kampus,1,
7914,LinkedIn,Analis Publik,efisiensi anggaran pendidikan program berbagi fasilitas antar sekolah,0,
7915,Antara News,@antaranews,kemendiktisaintek mahasiswa program pertukaran merdeka mulai kampus,0,
7916,CNBC Indonesia,@cnbcindonesia,sri mulyani realisasi belanja fungsi pendidikan jalur apbn,0,
7917,Media Indonesia,@mediaindonesia,mendikbud kurikulum merdeka memberikan ruang eksplorasi minat siswa,0,
7918,Liputan6,@liputan6dotcom,kemendikbudristek sekolah dilarang memungut biaya perpisahan memberatkan,0,
7919,Republika,@republikaonline,efisiensi sistem siplah berhasil menurunkan biaya pengadaan atk sekolah,0,
7920,Kompas.com,@kompascom,nadiem pemanfaatan dana bosp kini dapat digunakan sewa internet,0,
7921,Detik.com,@detikcom,audit bpk penyaluran dana sertifikasi guru tahap tepat,0,
7922,Antara News,@antaranews,pemerintah salurkan bantuan alat olahraga smp daerah,0,
7923,CNBC Indonesia,@cnbcindonesia,sri mulyani dana abadi pendidikan membantu riset ketahanan pangan nasional,0,
7924,Republika,@republikaonline,kemendikbudristek hapus kewajiban laporan fisik guru penggerak mei,0,
7925,Kompas.com,@kompascom,kemendikbudristek sekolah inklusif wajib sediakan fasilitas ramah disabilitas,0,
7926,Detik.com,@detikcom,nadiem kurikulum merdeka menurunkan beban administrasi guru secara signifikan,0,
7927,Antara News,@antaranews,pemerintah salurkan bantuan dana sarpras sekolah dasar mei,0,
7928,CNBC Indonesia,@cnbcindonesia,sri mulyani alokasi dana pendidikan tetap menjadi prioritas utama,0,
7929,Republika,@republikaonline,efisiensi pengadaan laptop pelajar katalog elektronik hemat anggaran,0,
7930,Kompas.com,@kompascom,nadiem makarim vokasi berperan penting membangun tenaga kerja ahli,0,
7931,Detik.com,@detikcom,audit bpk efisiensi pengadaan alat praktik smk meningkat,0,
7932,Antara News,@antaranews,kemendikbudristek luncurkan program sastra masuk kurikulum mei,0,
7933,CNBC Indonesia,@cnbcindonesia,sri mulyani realisasi belanja fungsi pendidikan mei mencapai target,0,
7934,Republika,@republikaonline,efisiensi aplikasi srikandi berhasil kurangi penggunaan kertas dinas,0,
7935,Kompas.com,@kompascom,kemendikbudristek pendaftaran utbk snbt berlangsung lancar,0,
7936,Detik.com,@detikcom,nadiem kolaborasi guru pmm mempercepat pemerataan kualitas pendidikan,0,
7937,Antara News,@antaranews,pemerintah salurkan paket buku bacaan bermutu sekolah terpencil,0,
7938,CNBC Indonesia,@cnbcindonesia,sri mulyani penyerapan dana pip mei proyeksi kemenkeu,0,
7939,Republika,@republikaonline,efisiensi digitalisasi database guru pangkas pengurusan pensiun,0,
7940,Kompas.com,@kompascom,kemendikbudristek beri penghargaan sekolah literasi terbaik,0,
7941,Detik.com,@detikcom,nadiem inovasi pembelajaran guru meningkat fitur pmm,0,
7942,Antara News,@antaranews,pemerintah salurkan bantuan alat laboratorium sma unggulan mei,0,
7943,CNBC Indonesia,@cnbcindonesia,sri mulyani dana abadi pendidikan dukung mahasiswa studi negeri,0,
7944,Republika,@republikaonline,efisiensi digitalisasi laporan keuangan sekolah tekan penggunaan kertas,0,
7945,Kompas.com,@kompascom,nadiem rapor pendidikan membantu wali murid pantau mutu sekolah anak,0,
7946,Detik.com,@detikcom,audit bpk penggunaan dana bosp tunjukkan peningkatan akuntabilitas,0,
7947,Antara News,@antaranews,kemendiktisaintek mahasiswa magang merdeka mulai sidang laporan akhir,0,
7948,CNBC Indonesia,@cnbcindonesia,sri mulyani dana abadi pendidikan membantu penanganan siswa putus sekolah,0,
7949,Republika,@republikaonline,efisiensi digitalisasi sertifikasi guru mempercepat pencairan tunjangan,0,
7950,Kompas.com,@kompascom,kemendikbudristek sekolah wajib alokasikan dana bos penguatan perpustakaan,0,
7951,Detik.com,@detikcom,nadiem mahasiswa mbkm harus memiliki daya saing tinggi pasar kerja,0,
7952,Antara News,@antaranews,pemerintah beri bantuan dana rehab ruang kelas sd bulan mei,0,
7953,CNBC Indonesia,@cnbcindonesia,sri mulyani dana abadi kebudayaan dukung inovasi seni komunitas,0,
7954,Republika,@republikaonline,efisiensi sistem audit berhasil mempercepat verifikasi dana sekolah,0,
7955,Kompas.com,@kompascom,nadiem penggunaan dana bosp kini fleksibel operasional ekstrakurikuler,0,
7956,Detik.com,@detikcom,audit bpk penyaluran dana pip akurat sistem,0,
7957,Antara News,@antaranews,kemendikbudristek sekolah inklusif menjadi prioritas pembangunan sarana,0,
7958,CNBC Indonesia,@cnbcindonesia,sri mulyani alokasi dana fungsi pendidikan mencapai rp triliun,0,
7959,Republika,@republikaonline,efisiensi siplah berhasil menurunkan biaya pengadaan barang sekolah,0,
7960,Kompas.com,@kompascom,kemendikbudristek perubahan kebijakan terkait seragam nasional,0,
7961,Detik.com,@detikcom,nadiem guru penggerak menjadi kunci transformasi pembelajaran kelas,0,
7962,Antara News,@antaranews,pemerintah salurkan bantuan bus sekolah kabupaten tertinggal,0,
7963,CNBC Indonesia,@cnbcindonesia,sri mulyani realisasi belanja pendidikan mei mencapai rp triliun,0,
7964,Republika,@republikaonline,efisiensi pengadaan alat tik katalog elektronik hemat anggaran negara,0,
7965,Kompas.com,@kompascom,kemendikbudristek sekolah dilarang menahan ijazah siswa lulus,0,
7966,Detik.com,@detikcom,nadiem pendidikan karakter fondasi utama kurikulum merdeka,0,
7967,Antara News,@antaranews,pemerintah salurkan bantuan alat tik sekolah akhir mei,0,
7968,CNBC Indonesia,@cnbcindonesia,sri mulyani penyerapan anggaran pendidikan mei tetap stabil terkendali,0,
7969,WhatsApp,Forwarded,link subsidi baju seragam gratis kemdikbud klik bit ly seragam mei,1,
7970,Facebook,Viral News,dana bos mei dialokasikan membeli suplemen vitamin pejabat daerah,1,
7971,X (Twitter),@LeakIndo,terungkap dana rehab laboratorium rp miliar dikorupsi vendor,1,
7972,TikTok,@vlogger_edu,mulai juni jam masuk sekolah dimajukan menjadi pukul secara nasional,1,
7973,Instagram,@cekfakta_id,video nadiem menyebut guru diganti robot tahun,1,
7974,WhatsApp,Grup Sekolah,biaya pengadaan meja kursi rp ribu per siswa wajib membayar mei,1,
7975,Facebook,Info Beasiswa,beasiswa korea selatan jalur mei ceria pendaftaran tanpa paspor,1,
7976,X (Twitter),@PolitikNews,dana sertifikasi guru mei macet digunakan membayar buzzer negara,1,
7977,TikTok,@news_update,bahaya menulis pulpen tinta merah dapat menyebabkan penyakit kulit,1,
7978,Instagram,@faktakita,siswa membeli kaos hardiknas koperasi dihukum,1,
7979,WhatsApp,Forwarded,link subsidi uang saku mahasiswa mei rp ribu klik bit ly mhs mei,1,
7980,Facebook,Kabar Guru,guru sering share link berita politik dicabut sertifikasinya,1,
7981,X (Twitter),@EduLeaks,dokumen bocor pemerintah menghapus status kepegawaian guru honorer,1,
7982,YouTube,@berita_sekolah,kemendikbud resmi hapus mata pelajaran bahasa inggris tingkat sd,1,
7983,WhatsApp,Grup RT,sekolah mengadakan bakti sosial mei kena denda administratif,1,
7984,Facebook,Viral News,dana pendidikan mei dipotong menutup hutang kereta cepat,1,
7985,X (Twitter),@LeakIndo,terungkap jutaan tablet bantuan sekolah memiliki bug penyadapan,1,
7986,TikTok,@vlogger_edu,mulai juli libur hari sabtu resmi dihapus mengejar kurikulum merdeka,1,
7987,Instagram,@cekfakta_id,video nadiem menyebut siswa wajib membeli gadget semester,1,
7988,WhatsApp,Grup Sekolah,iuran wajib guru paket parsel farewell pengawas rp ribu,1,
7989,Facebook,Info Cepat,beasiswa jerman jalur khusus mei pendaftaran tanpa ijazah asli,1,
7990,X (Twitter),@PolitikUpdate,dana rehab sekolah rp miliar hilang investasi saham bodong,1,
7991,TikTok,@news_update,bahaya menggunakan penghapus karet hitam dapat sebabkan iritasi paru,1,
7992,Instagram,@faktakita,mahasiswa kip kuliah wajib menyerahkan foto rumah cairkan dana,1,
7993,WhatsApp,Forwarded,link subsidi uang transportasi sekolah rp ribu klik bit ly transport,1,
7994,Facebook,Kabar Guru,guru sering mengupload konten tiktok sekolah diberhentikan,1,
7995,X (Twitter),@EduLeaks,dokumen rahasia kurikulum merdeka diganti kurikulum juli,1,
7996,YouTube,@berita_sekolah,kemendikbud resmi hapus seragam putih abu abu mulai tahun ajaran,1,
7997,WhatsApp,Grup Sekolah,biaya administrasi pengaktifan kartu pelajar rp ribu harus tunai,1,
7998,Facebook,Viral News,dana pendidikan mei dialirkan subsidi minyak goreng curah nasional,1,
7999,X (Twitter),@LeakIndo,terungkap dana pengadaan laboratorium sekolah barang rekondisi,1,
8000,TikTok,@vlogger_edu,mulai agustus jam istirahat menit fokus pengerjaan tugas,1,
8001,Instagram,@cekfakta_id,video nadiem menyebut siswa wajib membayar pajak pendidikan mulai juni,1,
8002,WhatsApp,Grup Guru,iuran wajib guru dana hibah pembangunan gedung dinas rp ribu,1,
8003,Facebook,Info Beasiswa,beasiswa taiwan jalur hardiknas pendaftaran mei tanpa berkas ijazah,1,
8004,Kompas.com,@kompascom,pengumuman hasil utbk snbt simak cek link resminya,0,
8005,Detik.com,@detikcom,nadiem peserta lolos snbt wajib melakukan registrasi ulang ptn tujuan,0,
8006,WhatsApp,Forwarded,link subsidi uang syukuran kelulusan rp ribu siswa sma klik bit ly,1,
8007,Facebook,Viral News,dana bos juni dipotong biaya pengamanan pilkada serentak,1,
8008,X (Twitter),@PolitikUpdate,terungkap anggaran sewa gedung wisuda kemendikbud hotel mewah rp miliar,1,
8009,TikTok,@news_update,bahaya mencetak ijazah kertas foto dapat menyebabkan kanker paru,1,
8010,Instagram,@fakta_edu,siswa menghadiri acara wisuda dilarang mengambil ijazah asli,1,
8011,WhatsApp,Grup RT,link pendaftaran beasiswa jalur libur semester tanpa seleksi berkas,1,
8012,Antara News,@antaranews,kemendikbudristek ppdb jalur zonasi menggunakan data dukcapil,0,
8013,CNBC Indonesia,@cnbcindonesia,sri mulyani anggaran pip tahap ii mulai disalurkan juta siswa,0,
8014,Republika,@republikaonline,efisiensi digitalisasi ijazah ijazah pangkas biaya cetak rp miliar,0,
8015,CNN Indonesia,@CNNIndonesia,nadiem sekolah dilarang mewajibkan acara wisuda memberatkan orang tua,0,
8016,Tempo.co,@tempodotco,kemendikbudristek pastikan portal snpmb siap melayani unduh sertifikat utbk,0,
8017,WhatsApp,Grup Guru,link subsidi uang liburan guru honorer kemdikbud klik bit ly libur guru,1,
8018,Facebook,Info Cepat,mulai juli siswa wajib membeli buku paket seharga rp juta per mapel,1,
8019,X (Twitter),@LeakIndo,dana tpg juni dialihkan subsidi harga tiket pesawat mudik pejabat,1,
8020,Kompas.com,@kompascom,kemendikbudristek sekolah harus transparan penentuan kuota ppdb,0,
8021,Detik.com,@detikcom,audit bpk penyerapan dana bosp tahap mencapai target efisiensi,0,
8022,TikTok,@vlogger_edu,berita buruk tahun ajaran dimulai juli tanpa adanya libur semester,1,
8023,Instagram,@stophoax,beasiswa kanada jalur summer june tanpa syarat sertifikat bahasa inggris,1,
8024,WhatsApp,Grup Sekolah,iuran wajib siswa biaya kenang kenangan guru pensiun rp ribu,1,
8025,Facebook,Kabar Guru,guru mengisi jurnal libur pmm ditunda gaji bulannya,1,
8026,X (Twitter),@EduLeaks,dokumen bocor pemerintah menghapus mapel sejarah kurikulum,1,
8027,YouTube,@berita_sekolah,kemendikbud resmi umumkan sabtu minggu tetap masuk siswa smk,1,
8028,Antara News,@antaranews,kemendiktisaintek kuota kip kuliah jalur seleksi mandiri tersedia,0,
8029,CNBC Indonesia,@cnbcindonesia,sri mulyani pastikan kenaikan gaji guru pppk cair tahun ajaran,0,
8030,Media Indonesia,@mediaindonesia,mendikbud pmm membantu guru berbagi praktik baik pembelajaran kelas,0,
8031,Liputan6,@liputan6dotcom,kemendikbudristek pendaftaran ppg jabatan diperpanjang,0,
8032,Republika,@republikaonline,efisiensi digitalisasi laporan bos menghemat administrasi guru,0,
8033,WhatsApp,Forwarded,link subsidi paket internet pelajar juni gb klik bit ly internet juni,1,
8034,Facebook,Viral News,dana pendidikan juni dialirkan subsidi harga gula minyak goreng,1,
8035,TikTok,@news_update,bahaya menghirup aroma buku dapat sebabkan penurunan daya ingat,1,
8036,Kompas.com,@kompascom,kemendikbudristek portal akun snpmb tutup permanen unduh sertifikat,0,
8037,Detik.com,@detikcom,nadiem program kampus mengajar berhasil tingkatkan literasi daerah,0,
8038,Antara News,@antaranews,pemerintah salurkan bantuan meja kursi sekolah dasar juni,0,
8039,CNBC Indonesia,@cnbcindonesia,sri mulyani belanja fungsi pendidikan juni difokuskan sarpras perguruan tinggi,0,
8040,Republika,@republikaonline,efisiensi anggaran katalog tekan harga pengadaan laptop sekolah,0,
8041,WhatsApp,Grup Guru,iuran wajib guru sewa bus acara gathering dinas rp ribu per orang,1,
8042,Facebook,Info Beasiswa,beasiswa swiss tanpa tes toefl khusus pendaftaran bulan juni,1,
8043,X (Twitter),@PolitikNews,dana bos juni macet kas negara terpakai membayar bunga hutang,1,
8044,CNN Indonesia,@CNNIndonesia,mendikbud sekolah wajib laporkan hasil evaluasi kurikulum merdeka juni,0,
8045,Antara News,@antaranews,kemendikbudristek gelar pelatihan konten edukasi guru smk,0,
8046,Kompas.com,@kompascom,simak jadwal aturan pendaftaran ppdb dki jakarta jalur prestasi,0,
8047,Detik.com,@detikcom,nadiem dana indonesiana dukung ribuan budayawan berkreasi sepanjang,0,
8048,Antara News,@antaranews,pemerintah beri beasiswa unggulan mahasiswa berprestasi nasional,0,
8049,CNBC Indonesia,@cnbcindonesia,sri mulyani dana abadi pendidikan capai nilai tertinggi sejarah,0,
8050,Republika,@republikaonline,efisiensi digitalisasi sertifikat pelatihan pangkas biaya distribusi logistik,0,
8051,WhatsApp,Grup Sekolah,biaya pengadaan map ijazah eksklusif rp ribu per siswa wajib membayar,1,
8052,Facebook,Kabar Guru,guru sering update status jam sekolah dicabut tunjangannya,1,
8053,X (Twitter),@LeakIndo,terungkap laptop bantuan kemendikbud juni menggunakan os ilegal,1,
8054,Kompas.com,@kompascom,kemendikbudristek sertifikasi guru triwulan ii mulai masuk tahap validasi,0,
8055,Detik.com,@detikcom,nadiem makarim platform merdeka mengajar kini memiliki fitur kepsek,0,
8056,Antara News,@antaranews,pemerintah bangun ruang kelas wilayah terpencil juni,0,
8057,CNBC Indonesia,@cnbcindonesia,sri mulyani alokasi pip ditambah mengurangi angka putus sekolah,0,
8058,Republika,@republikaonline,efisiensi sistem siplah berhasil menurunkan harga barang sekolah nasional,0,
8059,LinkedIn,Analis Publik,efisiensi anggaran pendidikan sistem pengadaan barang pintu,0,
8060,Kompas.com,@kompascom,nadiem rapor pendidikan membantu sekolah menentukan prioritas belanja alat tik,0,
8061,Detik.com,@detikcom,audit bpk penggunaan dana bosp menunjukkan peningkatan transparansi,0,
8062,Antara News,@antaranews,kemendikbudristek pendaftaran beasiswa pendidikan indonesia dibuka juni,0,
8063,CNBC Indonesia,@cnbcindonesia,sri mulyani pastikan dana pendidikan tetap aman perubahan apbn,0,
8064,Media Indonesia,@mediaindonesia,mendikbud pendidik harus menjadi fasilitator inovatif era digital,0,
8065,Liputan6,@liputan6dotcom,kemendikbudristek sekolah dihimbau rayakan kelulusan sederhana,0,
8066,Republika,@republikaonline,efisiensi katalog elektronik sektoral menghemat biaya pengadaan buku paket,0,
8067,Kompas.com,@kompascom,kemendikbudristek peserta utbk boleh memilih program studi berbeda,0,
8068,Detik.com,@detikcom,nadiem inovasi pembelajaran guru meningkat komunitas belajar pmm,0,
8069,Antara News,@antaranews,pemerintah salurkan bantuan dana rehab sekolah pasca bencana juni,0,
8070,CNBC Indonesia,@cnbcindonesia,sri mulyani realisasi belanja fungsi pendidikan juni target bulanan,0,
8071,Republika,@republikaonline,efisiensi digitalisasi sertifikasi pangkas jalur birokrasi daerah terpencil,0,
8072,Kompas.com,@kompascom,nadiem makarim vokasi berperan penting membangun kemandirian ekonomi,0,
8073,Detik.com,@detikcom,audit bpk efisiensi pengadaan laptop pelajar meningkat tahun,0,
8074,Antara News,@antaranews,kemendikbudristek pangkas birokrasi laporan aplikasi terintegrasi juni,0,
8075,CNBC Indonesia,@cnbcindonesia,sri mulyani dana abadi pendidikan membantu ribuan mahasiswa kuliah gratis,0,
8076,Republika,@republikaonline,kemendikbudristek hapus kewajiban laporan fisik guru penggerak juni,0,
8077,Kompas.com,@kompascom,kemendikbudristek beri beasiswa siswa berprestasi olimpiade sains juni,0,
8078,Detik.com,@detikcom,nadiem program msib berhasil hubungkan mahasiswa industri global,0,
8079,Antara News,@antaranews,pemerintah salurkan bantuan alat olahraga sekolah akhir juni,0,
8080,CNBC Indonesia,@cnbcindonesia,sri mulyani dana abadi pendidikan capai target pertumbuhan investasi,0,
8081,Republika,@republikaonline,efisiensi sistem rapor pangkas biaya distribusi logistik kertas nasional,0,
8082,Kompas.com,@kompascom,nadiem kesejahteraan guru prioritas utama kebijakan asn,0,
8083,Detik.com,@detikcom,audit bpk penyaluran dana sertifikasi guru akurat transparan,0,
8084,Antara News,@antaranews,kemendiktisaintek mahasiswa magang merdeka mulai melakukan onboarding,0,
8085,CNBC Indonesia,@cnbcindonesia,sri mulyani pastikan anggaran pendidikan juni terserap gaji pppk,0,
8086,Republika,@republikaonline,efisiensi digitalisasi sertifikat pelatihan guru hemat kertas jutaan lembar,0,
8087,Kompas.com,@kompascom,kemendikbudristek sekolah inklusif wajib menerima siswa berkebutuhan khusus,0,
8088,Detik.com,@detikcom,nadiem kurikulum merdeka terbukti mengurangi beban administrasi guru kelas,0,
8089,Antara News,@antaranews,pemerintah salurkan bantuan dana sarpras sekolah dasar juni,0,
8090,CNBC Indonesia,@cnbcindonesia,sri mulyani dana abadi pendidikan membantu riset inovasi vaksin nasional,0,
8091,Republika,@republikaonline,efisiensi katalog elektronik sektoral berhasil menghemat anggaran alat tik,0,
8092,Kompas.com,@kompascom,nadiem makarim vokasi berperan penting hilirisasi industri nasional,0,
8093,Detik.com,@detikcom,audit bpk efisiensi pengadaan alat praktik smk meningkat juni,0,
8094,Antara News,@antaranews,kemendikbudristek luncurkan panduan pencegahan kekerasan seksual sekolah,0,
8095,CNBC Indonesia,@cnbcindonesia,sri mulyani reformasi birokrasi kemendikbudristek berhasil hemat anggaran,0,
8096,Republika,@republikaonline,efisiensi aplikasi srikandi pangkas biaya atk dinas pendidikan,0,
8097,Kompas.com,@kompascom,kemendikbudristek portal akun snpmb tutup tepat unduh data,0,
8098,Detik.com,@detikcom,nadiem transformasi digital pendidikan indonesia diapresiasi lembaga dunia,0,
8099,Antara News,@antaranews,pemerintah salurkan paket buku cerita perpustakaan desa juni,0,
8100,CNBC Indonesia,@cnbcindonesia,sri mulyani penyerapan dana pip juni proyeksi pemerintah,0,
8101,Republika,@republikaonline,efisiensi digitalisasi database guru pangkas jalur birokrasi pensiun dini,0,
8102,Kompas.com,@kompascom,kemendikbudristek beri penghargaan sekolah literasi terbaik,0,
8103,Detik.com,@detikcom,nadiem inovasi pembelajaran guru meningkat fitur portal pmm,0,
8104,Antara News,@antaranews,pemerintah salurkan bantuan alat laboratorium sma unggulan juni,0,
8105,CNBC Indonesia,@cnbcindonesia,sri mulyani dana abadi pendidikan dukung studi mahasiswa negeri,0,
8106,Republika,@republikaonline,efisiensi digitalisasi laporan keuangan sekolah menurunkan biaya kertas,0,
8107,Kompas.com,@kompascom,nadiem rapor pendidikan membantu orang tua memantau kualitas sekolah anak,0,
8108,Detik.com,@detikcom,audit bpk penggunaan dana bosp menunjukkan peningkatan kualitas data,0,
8109,Antara News,@antaranews,kemendiktisaintek mahasiswa magang merdeka mulai presentasi proyek akhir,0,
8110,CNBC Indonesia,@cnbcindonesia,sri mulyani dana abadi pendidikan membantu penanganan siswa putus sekolah,0,
8111,Republika,@republikaonline,efisiensi digitalisasi sertifikasi guru mempercepat proses pencairan dana,0,
8112,Kompas.com,@kompascom,kemendikbudristek sekolah wajib mengalokasikan dana bos literasi buku,0,
8113,Detik.com,@detikcom,nadiem mahasiswa mbkm harus memiliki daya saing tingkat internasional,0,
8114,Antara News,@antaranews,pemerintah beri bantuan dana rehab ruang kelas sd akhir juni,0,
8115,CNBC Indonesia,@cnbcindonesia,sri mulyani dana abadi kebudayaan digunakan inovasi seni desa,0,
8116,Republika,@republikaonline,efisiensi sistem audit berhasil mempercepat verifikasi anggaran sekolah,0,
8117,Kompas.com,@kompascom,nadiem penggunaan dana bosp kini fleksibel kesejahteraan guru,0,
8118,Detik.com,@detikcom,audit bpk penyaluran dana pip akurat sistem terintegrasi,0,
8119,Antara News,@antaranews,kemendikbudristek sekolah inklusif menjadi prioritas pembangunan nasional,0,
8120,CNBC Indonesia,@cnbcindonesia,sri mulyani alokasi dana fungsi pendidikan capai angka tertinggi,0,
8121,Republika,@republikaonline,efisiensi siplah berhasil menurunkan biaya pengadaan barang sekolah,0,
8122,Kompas.com,@kompascom,kemendikbudristek perubahan kebijakan mengenai seragam sekolah,0,
8123,Detik.com,@detikcom,nadiem guru penggerak kunci utama transformasi pendidikan,0,
8124,WhatsApp,Forwarded,link subsidi uang jajan liburan rp ribu klik bit ly jajan juni,1,
8125,Facebook,Viral News,dana bos juni dialokasikan membeli perlengkapan kantor gubernur,1,
8126,X (Twitter),@LeakIndo,terungkap ribuan ijazah sma tahun menggunakan blangko palsu,1,
8127,TikTok,@vlogger_edu,mulai juli libur hari sabtu minggu dihapus jenjang sekolah,1,
8128,Instagram,@cekfakta_id,video nadiem menyebut guru honorer diganti ai mulai juli,1,
8129,WhatsApp,Grup Sekolah,biaya pengambilan ijazah skhun rp ribu per siswa wajib membayar tunai,1,
8130,Facebook,Info Beasiswa,beasiswa jepang jalur libur juni pendaftaran tanpa syarat sertifikat,1,
8131,X (Twitter),@PolitikNews,dana sertifikasi guru juni macet negara membayar cicilan pesawat,1,
8132,TikTok,@news_update,bahaya mencium bau lem kertas terlalu sering dapat merusak saraf otak,1,
8133,Instagram,@faktakita,siswa ikut tour sekolah dilarang mengikuti ujian kenaikan kelas,1,
8134,WhatsApp,Forwarded,link subsidi paket buku gratis kemdikbud klik bit ly buku juni,1,
8135,Facebook,Kabar Guru,guru mengkritik pemerintah media sosial dicabut status asn,1,
8136,X (Twitter),@EduLeaks,dokumen rahasia pemerintah menghapus tunjangan anak istri guru,1,
8137,YouTube,@berita_sekolah,kemendikbud resmi hapus mata pelajaran pkn mulai tahun ajaran,1,
8138,WhatsApp,Grup RT,sekolah mengadakan panggung gembira juni didenda rp juta,1,
8139,Facebook,Viral News,dana pendidikan juni dipotong pembangunan stadion olahraga,1,
8140,X (Twitter),@LeakIndo,terungkap jutaan tablet bantuan sekolah menggunakan baterai bekas,1,
8141,TikTok,@vlogger_edu,mulai agustus jam istirahat menit siswa fokus belajar,1,
8142,Instagram,@cekfakta_id,video nadiem menyebut siswa wajib membeli laptop merek mulai juli,1,
8143,WhatsApp,Grup Guru,iuran wajib guru dana sosial pembangunan masjid dinas rp ribu,1,
8144,Facebook,Info Cepat,beasiswa inggris jalur khusus juni pendaftaran tanpa paspor asli,1,
8145,X (Twitter),@PolitikUpdate,dana rehab perpustakaan rp miliar hilang membeli mobil mewah,1,
8146,TikTok,@news_update,bahaya menggunakan penghapus cair tip ex dapat sebabkan kanker kulit,1,
8147,Instagram,@faktakita,mahasiswa kip kuliah wajib menyerahkan dana organisasi kampus,1,
8148,WhatsApp,Forwarded,link subsidi uang transportasi kuliah rp ribu klik bit ly kuliah,1,
8149,Facebook,Kabar Guru,guru mengupload minimal konten pmm diberhentikan,1,
8150,X (Twitter),@EduLeaks,dokumen rahasia kurikulum merdeka diganti kurikulum ai juli,1,
8151,YouTube,@berita_sekolah,kemendikbud resmi hapus seragam putih biru mulai semester,1,
8152,WhatsApp,Grup Sekolah,biaya administrasi pengambilan rapor rp ribu harus tunai,1,
8153,Facebook,Info Beasiswa,beasiswa australia jalur perpisahan sekolah pendaftaran tanpa ijazah,1,
8154,Kompas.com,@kompascom,hari sekolah kemendikbudristek tekankan mpls tanpa kekerasan,0,
8155,Detik.com,@detikcom,nadiem aturan seragam sekolah tahun ajaran tetap mengacu permendikbud,0,
8156,WhatsApp,Forwarded,link subsidi bantuan perlengkapan sekolah rp juta kemdikbud klik bit ly tas gratis,1,
8157,Facebook,Viral News,dana bos juli dialokasikan subsidi pemasangan panel surya rumah pejabat,1,
8158,X (Twitter),@PolitikUpdate,terungkap anggaran konsumsi rapat koordinasi ppdb nasional mencapai rp miliar,1,
8159,TikTok,@news_update,bahaya pewarna kain seragam sekolah dapat memicu alergi kronis,1,
8160,Instagram,@fakta_edu,siswa membawa bekal sayur mpls dikeluarkan sekolah,1,
8161,WhatsApp,Grup RT,pendaftaran beasiswa awal semester jalur khusus tanpa rapor klik bit ly edu juli,1,
8162,Antara News,@antaranews,kemendikbudristek distribusi buku kurikulum merdeka capai provinsi,0,
8163,CNBC Indonesia,@cnbcindonesia,sri mulyani anggaran pendidikan difokuskan tunjangan profesi guru tpg,0,
8164,Republika,@republikaonline,efisiensi sistem zonasi ppdb berhasil mengurangi kemacetan lintas sekolah,0,
8165,CNN Indonesia,@CNNIndonesia,kemendikbud pastikan kenaikan ukt mahasiswa lama semester ganjil,0,
8166,Tempo.co,@tempodotco,kemendikbudristek terbitkan panduan mpls menyenangkan edukatif,0,
8167,WhatsApp,Grup Guru,link subsidi laptop kerja guru tahap ii kemdikbud klik bit ly ltp juli,1,
8168,Facebook,Info Cepat,mulai agustus jam belajar ditambah pukul kejar ketertinggalan,1,
8169,X (Twitter),@LeakIndo,dana pendidikan juli dipotong membiayai perayaan hut ri ikn secara besar besaran,1,
8170,Kompas.com,@kompascom,kemendikbudristek sekolah dilarang mewajibkan pembelian seragam koperasi,0,
8171,Detik.com,@detikcom,audit bpk penggunaan aplikasi arkas berhasil tekan pemborosan dana bos,0,
8172,TikTok,@vlogger_edu,berita buruk mapel olahraga dihapus kurikulum mulai semester,1,
8173,Instagram,@stophoax,beasiswa thailand jalur gajah putih juli tanpa seleksi ijazah paspor,1,
8174,WhatsApp,Grup Sekolah,iuran wajib siswa biaya pengecatan ulang gerbang sekolah rp ribu,1,
8175,Facebook,Kabar Guru,guru mengunggah video kreatif mpls pmm ditunda kenaikan pangkatnya,1,
8176,X (Twitter),@EduLeaks,dokumen bocor pemerintah mewajibkan siswa membayar pajak pendidikan bulanan,1,
8177,YouTube,@berita_sekolah,kemendikbud resmi umumkan hari minggu tetap kegiatan ekskul wajib,1,
8178,Antara News,@antaranews,kemendiktisaintek masa sanggah kip kuliah jalur mandiri dibuka akhir juli,0,
8179,CNBC Indonesia,@cnbcindonesia,sri mulyani pastikan dana alokasi umum dau gaji guru pppk aman,0,
8180,Media Indonesia,@mediaindonesia,mendikbud platform merdeka mengajar kini digunakan juta guru,0,
8181,Liputan6,@liputan6dotcom,kemendikbudristek pendaftaran program pertukaran mahasiswa merdeka pmm dimulai,0,
8182,Republika,@republikaonline,efisiensi digitalisasi administrasi sekolah menghemat penggunaan kertas,0,
8183,WhatsApp,Forwarded,link subsidi uang saku awal sekolah rp ribu klik bit ly saku juli,1,
8184,Facebook,Viral News,dana bos juli macet digunakan membeli mobil dinas gubernur,1,
8185,TikTok,@news_update,bahaya menggunakan buku tulis kertas daur ulang dapat menyebabkan gatal gatal,1,
8186,Kompas.com,@kompascom,kemendikbudristek pengumuman hasil seleksi jalur mandiri ptn dilakukan serentak,0,
8187,Detik.com,@detikcom,nadiem program msib angkatan menawarkan posisi magang perusahaan startup,0,
8188,Antara News,@antaranews,pemerintah salurkan bantuan meja kursi sd wilayah tertinggal,0,
8189,CNBC Indonesia,@cnbcindonesia,sri mulyani realisasi belanja fungsi pendidikan juli mencapai rp triliun,0,
8190,Republika,@republikaonline,efisiensi anggaran katalog sektoral berhasil turunkan harga buku siswa,0,
8191,WhatsApp,Grup Guru,iuran wajib guru bingkisan penyambutan kepala dinas rp ribu,1,
8192,Facebook,Info Beasiswa,beasiswa prancis tanpa tes wawancara khusus pendaftar tanggal juli,1,
8193,X (Twitter),@PolitikNews,dana bos juli dipotong biaya renovasi kantor dinas pendidikan,1,
8194,CNN Indonesia,@CNNIndonesia,nadiem kurikulum merdeka memberi keleluasaan guru mengatur jam mengajar,0,
8195,Antara News,@antaranews,kemendikbudristek gelar workshop digital marketing siswa smk jurusan bisnis,0,
8196,Kompas.com,@kompascom,simak aturan batas usia masuk sd ppdb tahun,0,
8197,Detik.com,@detikcom,audit bpk penyaluran dana sertifikasi guru semester berjalan akurat,0,
8198,Antara News,@antaranews,pemerintah salurkan bantuan dana rehab kelas sekolah pasca libur,0,
8199,CNBC Indonesia,@cnbcindonesia,sri mulyani dana abadi pendidikan membantu inovasi energi terbarukan kampus,0,
8200,Republika,@republikaonline,efisiensi digitalisasi sertifikat pendidik pangkas jalur birokrasi pengiriman,0,
8201,WhatsApp,Grup Sekolah,biaya administrasi pengaktifan kartu absen digital rp ribu harus membayar,1,
8202,Facebook,Kabar Guru,guru sering absen rapat juli langsung diberi surat peringatan,1,
8203,X (Twitter),@LeakIndo,terungkap laptop bantuan sekolah juli produk rakitan tanpa garansi,1,
8204,Kompas.com,@kompascom,kemendikbudristek sertifikasi guru triwulan ii cair mulai minggu juli,0,
8205,Detik.com,@detikcom,nadiem makarim rapor pendidikan membantu sekolah evaluasi literasi siswa,0,
8206,Antara News,@antaranews,pemerintah bangun laboratorium ipa smp terpencil juli,0,
8207,CNBC Indonesia,@cnbcindonesia,sri mulyani alokasi dana pendidikan fokus pemerataan guru desa,0,
8208,Republika,@republikaonline,efisiensi sistem siplah berhasil menurunkan biaya pengadaan atk sekolah,0,
8209,WhatsApp,Forwarded,link subsidi uang membeli buku rp ribu klik bit ly buku juli,1,
8210,Facebook,Info Cepat,beasiswa inggris ditutup sementara kuota penuh per juli,1,
8211,X (Twitter),@EduLeaks,dokumen rahasia gaji guru pppk dibayar per jam mulai semester,1,
8212,Kompas.com,@kompascom,kemendikbudristek portal akun snpmb tutup permanen jalur mandiri,0,
8213,Detik.com,@detikcom,nadiem program kampus mengajar angkatan segera membuka pendaftaran,0,
8214,Antara News,@antaranews,kemendikbudristek beri bantuan tik sekolah dasar juli,0,
8215,CNBC Indonesia,@cnbcindonesia,sri mulyani pastikan dana pip tahap ii masuk rekening siswa akhir juli,0,
8216,Media Indonesia,@mediaindonesia,mendikbud guru harus menjadi teladan penggunaan media sosial sehat,0,
8217,Liputan6,@liputan6dotcom,kemendikbudristek sekolah dihimbau gunakan fasilitas sekolah mpls,0,
8218,Republika,@republikaonline,efisiensi katalog elektronik sektoral hemat biaya pengadaan alat praktik smk,0,
8219,WhatsApp,Grup RT,sekolah memasang dekorasi back to school didenda rp juta,1,
8220,Facebook,Viral News,dana bos juli dialirkan subsidi harga beras lingkungan dinas,1,
8221,X (Twitter),@PolitikUpdate,dana rehab perpustakaan rp miliar hilang investasi properti pribadi,1,
8222,Kompas.com,@kompascom,kemendikbudristek pendaftaran ppg prajabatan gelombang dibuka juli,0,
8223,Detik.com,@detikcom,nadiem kurikulum merdeka terbukti tingkatkan nilai literasi sekolah pilot,0,
8224,Antara News,@antaranews,pemerintah salurkan bantuan dana sarpras sekolah akhir juli,0,
8225,CNBC Indonesia,@cnbcindonesia,sri mulyani realisasi belanja fungsi pendidikan juli target,0,
8226,Republika,@republikaonline,efisiensi digitalisasi sertifikasi pangkas jalur birokrasi pendidik,0,
8227,WhatsApp,Forwarded,link subsidi uang transportasi mpls rp ribu klik bit ly mpls saku,1,
8228,Facebook,Kabar Guru,guru sering mengeluh facebook dicabut sertifikasinya per juli,1,
8229,X (Twitter),@Netizen_News,skandal dana buku perpustakaan nasional mengalir rekening,1,
8230,Kompas.com,@kompascom,nadiem makarim pendidikan vokasi menjadi tulang punggung industri hijau,0,
8231,Detik.com,@detikcom,audit bpk efisiensi pengadaan tablet siswa meningkat juli,0,
8232,Antara News,@antaranews,kemendikbudristek pangkas birokrasi laporan aplikasi arkas terintegrasi,0,
8233,CNBC Indonesia,@cnbcindonesia,sri mulyani dana abadi pendidikan membantu ribuan mahasiswa mampu,0,
8234,Republika,@republikaonline,kemendikbudristek hapus kewajiban laporan fisik guru penggerak juli,0,
8235,TikTok,@vlogger_edu,mulai agustus jam istirahat menit fokus belajar nasional,1,
8236,Instagram,@cekfakta_id,video nadiem menyebut siswa wajib membeli kamus bahasa inggris,1,
8237,WhatsApp,Grup Sekolah,biaya pengadaan foto resmi presiden rp ribu per siswa harus membayar,1,
8238,Kompas.com,@kompascom,kemendikbudristek beri beasiswa siswa berprestasi bidang seni,0,
8239,Detik.com,@detikcom,nadiem program iisma berhasil mengirim mahasiswa universitas top dunia,0,
8240,Antara News,@antaranews,pemerintah salurkan bantuan alat olahraga sekolah juli,0,
8241,CNBC Indonesia,@cnbcindonesia,sri mulyani dana abadi pendidikan mencapai nilai strategis nasional,0,
8242,Republika,@republikaonline,efisiensi sistem rapor pangkas biaya distribusi logistik daerah,0,
8243,WhatsApp,Forwarded,link subsidi paket sembako guru juli kemdikbud klik bit ly,1,
8244,Facebook,Viral News,dana bos juli dipotong biaya perbaikan jalan raya nasional,1,
8245,X (Twitter),@LeakIndo,terungkap ribuan laptop bantuan sekolah juli barang rekondisi,1,
8246,Kompas.com,@kompascom,nadiem kesejahteraan guru prioritas utama kebijakan asn,0,
8247,Detik.com,@detikcom,audit bpk penyaluran dana sertifikasi guru akurat teratur,0,
8248,Antara News,@antaranews,kemendiktisaintek mahasiswa program magang merdeka mulai onboarding,0,
8249,CNBC Indonesia,@cnbcindonesia,sri mulyani pastikan anggaran fungsi pendidikan tetap terjaga juli,0,
8250,Republika,@republikaonline,efisiensi digitalisasi sertifikat pelatihan guru hemat kertas nasional,0,
8251,TikTok,@news_update,bahaya menggunakan penghapus cair tip ex berlebihan dapat merusak otak,1,
8252,Instagram,@fakta_edu,mahasiswa kip kuliah wajib menyerahkan uang saku organisasi tertentu,1,
8253,WhatsApp,Forwarded,link subsidi uang transportasi sekolah rp ribu klik bit ly transport juli,1,
8254,Kompas.com,@kompascom,kemendikbudristek sekolah inklusif wajib sediakan fasilitas siswa abk,0,
8255,Detik.com,@detikcom,nadiem kurikulum merdeka terbukti membantu siswa mengasah minat bakat,0,
8256,Antara News,@antaranews,pemerintah salurkan bantuan dana sarpras sekolah dasar juli,0,
8257,CNBC Indonesia,@cnbcindonesia,sri mulyani dana abadi pendidikan membantu riset ketahanan pangan nasional,0,
8258,Republika,@republikaonline,efisiensi katalog elektronik sektoral berhasil hemat anggaran tik nasional,0,
8259,TikTok,@berita_sekolah,berita duka slb wilayah ditutup permanen mulai agustus,1,
8260,Instagram,@cekfakta_id,video nadiem sebut kantin sekolah boleh menjual makanan rebus tanpa gorengan,1,
8261,WhatsApp,Grup Guru,iuran wajib guru paket parsel awal semester pengawas rp ribu,1,
8262,Kompas.com,@kompascom,nadiem makarim vokasi berperan penting membangun ekonomi daerah,0,
8263,Detik.com,@detikcom,audit bpk efisiensi pengadaan alat praktik smk meningkat juli,0,
8264,Antara News,@antaranews,kemendikbudristek luncurkan panduan pencegahan kekerasan seksual nasional,0,
8265,CNBC Indonesia,@cnbcindonesia,sri mulyani reformasi birokrasi kemendikbud berhasil hemat anggaran,0,
8266,Republika,@republikaonline,efisiensi aplikasi srikandi pangkas biaya atk dinas pendidikan,0,
8267,Kompas.com,@kompascom,kemendikbudristek portal akun snpmb tutup tepat registrasi,0,
8268,Detik.com,@detikcom,nadiem transformasi digital pendidikan ri diapresiasi unesco dunia,0,
8269,Antara News,@antaranews,pemerintah salurkan paket buku cerita perpustakaan desa juli,0,
8270,CNBC Indonesia,@cnbcindonesia,sri mulyani penyerapan dana pip juli estimasi kemenkeu,0,
8271,Republika,@republikaonline,efisiensi digitalisasi database guru pangkas jalur birokrasi pensiun,0,
8272,Kompas.com,@kompascom,kemendikbudristek beri penghargaan sekolah literasi terbaik,0,
8273,Detik.com,@detikcom,nadiem inovasi pembelajaran guru meningkat komunitas belajar pmm,0,
8274,Antara News,@antaranews,pemerintah salurkan bantuan alat olahraga sekolah akhir juli,0,
8275,CNBC Indonesia,@cnbcindonesia,sri mulyani dana abadi pendidikan dukung studi mahasiswa negeri,0,
8276,Republika,@republikaonline,efisiensi digitalisasi laporan keuangan sekolah hemat anggaran kertas,0,
8277,Kompas.com,@kompascom,nadiem rapor pendidikan membantu orang tua pantau kualitas sekolah,0,
8278,Detik.com,@detikcom,audit bpk penggunaan dana bosp menunjukkan peningkatan kualitas,0,
8279,Antara News,@antaranews,kemendiktisaintek mahasiswa magang merdeka mulai onboarding proyek,0,
8280,CNBC Indonesia,@cnbcindonesia,sri mulyani dana abadi pendidikan membantu penanganan siswa putus sekolah,0,
8281,Republika,@republikaonline,efisiensi digitalisasi sertifikasi pangkas jalur birokrasi pencairan dana,0,
8282,Kompas.com,@kompascom,kemendikbudristek sekolah wajib alokasikan dana bos literasi buku,0,
8283,Detik.com,@detikcom,nadiem mahasiswa mbkm harus memiliki soft skill problem solving global,0,
8284,Antara News,@antaranews,pemerintah beri bantuan dana rehab ruang kelas sd juli,0,
8285,CNBC Indonesia,@cnbcindonesia,sri mulyani dana abadi kebudayaan inovasi seni masyarakat,0,
8286,Republika,@republikaonline,efisiensi sistem audit berhasil mempercepat verifikasi dana sekolah,0,
8287,Kompas.com,@kompascom,nadiem penggunaan dana bosp kini fleksibel operasional,0,
8288,Detik.com,@detikcom,audit bpk penyaluran dana pip akurat tepat sasaran,0,
8289,Antara News,@antaranews,kemendikbudristek sekolah inklusif menjadi prioritas utama,0,
8290,CNBC Indonesia,@cnbcindonesia,sri mulyani alokasi dana pendidikan mencapai rp triliun,0,
8291,Republika,@republikaonline,efisiensi siplah berhasil menurunkan biaya pengadaan barang sekolah,0,
8292,Kompas.com,@kompascom,kemendikbudristek perubahan kebijakan seragam nasional,0,
8293,Detik.com,@detikcom,nadiem guru penggerak motor transformasi pendidikan kelas,0,
8294,Antara News,@antaranews,pemerintah salurkan bantuan bus sekolah daerah tertinggal juli,0,
8295,CNBC Indonesia,@cnbcindonesia,sri mulyani realisasi belanja pendidikan juli mencapai rp triliun,0,
8296,Republika,@republikaonline,efisiensi pengadaan barang siplah hemat anggaran negara,0,
8297,Kompas.com,@kompascom,kemendikbudristek sekolah dilarang menahan ijazah siswa tahun,0,
8298,Detik.com,@detikcom,nadiem pendidikan karakter fondasi utama kurikulum merdeka,0,
8299,CNBC Indonesia,@cnbcindonesia,sri mulyani penyerapan anggaran pendidikan juli stabil terkendali,0,
8300,Antara News,@antaranews,pemerintah salurkan bantuan alat tik sekolah akhir juli,0,
8301,WhatsApp,Grup RT,sekolah mengadakan karnaval agustus didenda rp juta,1,
8302,Facebook,Info Beasiswa,beasiswa taiwan jalur awal semester pendaftaran juli tanpa berkas,1,
8303,Instagram,@cekfakta_id,video nadiem menyebut siswa wajib membeli kamus digital,1,
8304,Kompas.com,@kompascom,kemendikbudristek upacara hut ri satuan pendidikan wajib khidmat,0,
8305,Detik.com,@detikcom,nadiem makarim formasi cpns prioritaskan guru daerah terdepan,0,
8306,WhatsApp,Forwarded,link subsidi uang pulsa kemerdekaan rp rb kemendikbud klik bit ly,1,
8307,Facebook,Viral News,dana bos agustus dipotong biaya pesta kembang api ibu kota,1,
8308,X (Twitter),@PolitikUpdate,terungkap anggaran sewa artis lomba an kemendikbud capai rp,1,
8309,TikTok,@news_update,bahaya radiasi komputer anbk dapat menyebabkan kebutaan mendadak,1,
8310,Instagram,@fakta_edu,siswa menang lomba an sekolah dihukum naik kelas,1,
8311,WhatsApp,Grup RT,link pendaftaran beasiswa edisi merdeka tanpa syarat ipk klik bit ly,1,
8312,Antara News,@antaranews,kemendikbudristek simulasi anbk tingkat sma dimulai serentak,0,
8313,CNBC Indonesia,@cnbcindonesia,sri mulyani anggaran pendidikan agustus difokuskan rehabilitasi sekolah,0,
8314,Republika,@republikaonline,efisiensi digitalisasi sertifikat lomba siswa hemat anggaran rp miliar,0,
8315,CNN Indonesia,@CNNIndonesia,nadiem program merdeka belajar berhasil turunkan angka putus sekolah,0,
8316,Tempo.co,@tempodotco,kemendikbudristek rilis pedoman pelaksanaan karnaval budaya sekolah,0,
8317,WhatsApp,Grup Guru,link subsidi laptop kemerdekaan guru honorer klik bit ly laptop merdeka,1,
8318,Facebook,Info Cepat,mulai september siswa wajib mengikuti pelatihan militer sekolah,1,
8319,X (Twitter),@LeakIndo,dana tpg agustus cair digunakan membiayai perjalanan dinas ikn,1,
8320,Kompas.com,@kompascom,kemendikbudristek pendaftaran guru penggerak angkatan resmi dibuka,0,
8321,Detik.com,@detikcom,audit bpk penyaluran dana pip tahap ii capai ketepatan sasaran,0,
8322,TikTok,@vlogger_edu,berita buruk libur semester ganjil resmi ditiadakan kejar materi,1,
8323,Instagram,@stophoax,beasiswa jepang jalur sakura agustus pendaftaran tanpa syarat paspor,1,
8324,WhatsApp,Grup Sekolah,iuran wajib siswa biaya panggung gembira kecamatan rp rb per orang,1,
8325,Facebook,Kabar Guru,guru memposting foto upacara pmm ditunda gaji bulannya,1,
8326,X (Twitter),@EduLeaks,dokumen bocor pemerintah menghapus mapel sejarah jenjang smk,1,
8327,YouTube,@berita_sekolah,kemendikbud resmi umumkan hari sabtu tetap masuk latihan anbk,1,
8328,Antara News,@antaranews,kemendiktisaintek mahasiswa iisma angkatan mulai berangkat negeri,0,
8329,CNBC Indonesia,@cnbcindonesia,sri mulyani pastikan alokasi gaji guru pppk agustus tersedia kas daerah,0,
8330,Media Indonesia,@mediaindonesia,mendikbud pemenang osn diberikan beasiswa jenjang,0,
8331,Liputan6,@liputan6dotcom,kemendikbudristek sekolah dilarang memungut biaya pendaftaran lomba hut ri,0,
8332,Republika,@republikaonline,efisiensi penggunaan sistem reporting dana bos pangkas birokrasi dinas,0,
8333,WhatsApp,Forwarded,link subsidi uang saku karnaval rp rb kemdikbud klik bit ly,1,
8334,Facebook,Viral News,dana pendidikan agustus dialihkan subsidi bbm jelang pilkada,1,
8335,TikTok,@news_update,bahaya menggunakan penghapus cair tip ex dapat sebabkan kanker kulit,1,
8336,Kompas.com,@kompascom,kemendikbudristek peserta anbk wajib mengikuti protokol kesehatan digital,0,
8337,Detik.com,@detikcom,nadiem program kampus mengajar berhasil tingkatkan literasi daerah,0,
8338,Antara News,@antaranews,pemerintah salurkan bantuan alat praktik smk jurusan teknik,0,
8339,CNBC Indonesia,@cnbcindonesia,sri mulyani surplus anggaran pendidikan digunakan beasiswa riset,0,
8340,Republika,@republikaonline,efisiensi digitalisasi kearsipan sekolah hemat anggaran gudang dokumen,0,
8341,WhatsApp,Grup Guru,iuran wajib guru bingkisan farewell pengawas sekolah rp rb,1,
8342,Facebook,Info Beasiswa,beasiswa korea jalur merdeka tanpa tes wawancara khusus pendaftar agustus,1,
8343,X (Twitter),@PolitikNews,dana bos agustus macet kas negara terpakai membayar cicilan kereta cepat,1,
8344,CNN Indonesia,@CNNIndonesia,nadiem guru honorer lolos seleksi pppk mulai menerima penempatan agustus,0,
8345,Antara News,@antaranews,kemendikbudristek gelar festival film pelajar nasional memperingati hut ri,0,
8346,Liputan6,@liputan6dotcom,melakukan verifikasi data dapodik persiapan dana bosp tahap ii,0,
8347,Tempo.co,@tempodotco,pemerintah tegaskan kenaikan tarif listrik fasilitas sekolah,0,
8348,Republika,@republikaonline,efisiensi pengadaan tablet pelajar siplah murah pasar,0,
8349,WhatsApp,Grup RT,sekolah pasang bendera merah putih didenda rp juta,1,
8350,Facebook,Kabar Guru,guru memiliki sertifikat ai dapat cairkan tunjangan agustus,1,
8351,X (Twitter),@LeakIndo,terungkap pengadaan buku kurikulum merdeka agustus pakai kertas kualitas rendah,1,
8352,Kompas.com,@kompascom,kemendikbudristek pengumuman kelulusan seleksi mandiri ptn akhir agustus,0,
8353,Detik.com,@detikcom,nadiem makarim rapor pendidikan kini mudah diakses mobile,0,
8354,Antara News,@antaranews,pemerintah beri bantuan bus sekolah elektrik kota besar agustus,0,
8355,CNBC Indonesia,@cnbcindonesia,sri mulyani belanja pendidikan agustus terserap sarpras kampus,0,
8356,Republika,@republikaonline,efisiensi integrasi dapodik dukcapil percepat verifikasi siswa,0,
8357,WhatsApp,Forwarded,link subsidi uang perayaan sekolah rp rb klik bit ly agustus,1,
8358,Facebook,Info Cepat,mulai oktober siswa boleh membawa tas transparan keamanan,1,
8359,X (Twitter),@EduLeaks,dokumen rahasia status guru tetap yayasan dihapus mulai tahun,1,
8360,Kompas.com,@kompascom,kemendikbudristek simak jadwal lengkap pelaksanaan anbk smp sma,0,
8361,Detik.com,@detikcom,nadiem smk pusat keunggulan harus menjadi penggerak ekonomi daerah,0,
8362,TikTok,@news_update,bahaya radiasi sinyal wi fi sekolah dapat menyebabkan rambut siswa rontok,1,
8363,Instagram,@faktakita,mahasiswa penerima beasiswa wajib membeli laptop koperasi kampus,1,
8364,LinkedIn,Analis Publik,efisiensi anggaran pendidikan program berbagi fasilitas antar sekolah,0,
8365,Antara News,@antaranews,kemendiktisaintek mahasiswa program mbkm mulai persiapkan laporan akhir,0,
8366,CNBC Indonesia,@cnbcindonesia,sri mulyani realisasi belanja fungsi pendidikan jalur apbn,0,
8367,Media Indonesia,@mediaindonesia,mendikbud kurikulum merdeka memberikan ruang eksplorasi minat siswa,0,
8368,Liputan6,@liputan6dotcom,kemendikbudristek sekolah dilarang memungut biaya perpisahan berat,0,
8369,Republika,@republikaonline,efisiensi sistem siplah berhasil menurunkan biaya atk sekolah,0,
8370,Kompas.com,@kompascom,nadiem pemanfaatan dana bosp kini dapat digunakan sewa internet,0,
8371,Detik.com,@detikcom,audit bpk penyaluran dana sertifikasi guru tahap tepat,0,
8372,Antara News,@antaranews,pemerintah salurkan bantuan alat olahraga smp daerah,0,
8373,CNBC Indonesia,@cnbcindonesia,sri mulyani dana abadi pendidikan membantu riset ketahanan pangan nasional,0,
8374,Republika,@republikaonline,kemendikbudristek hapus kewajiban laporan fisik guru penggerak,0,
8375,Kompas.com,@kompascom,kemendikbudristek sekolah inklusif wajib sediakan fasilitas ramah disabilitas,0,
8376,Detik.com,@detikcom,nadiem kurikulum merdeka menurunkan beban administrasi guru secara signifikan,0,
8377,Antara News,@antaranews,pemerintah salurkan bantuan dana sarpras sekolah dasar agustus,0,
8378,CNBC Indonesia,@cnbcindonesia,sri mulyani alokasi dana pendidikan tetap menjadi prioritas utama,0,
8379,Republika,@republikaonline,efisiensi pengadaan laptop pelajar katalog elektronik hemat,0,
8380,Kompas.com,@kompascom,nadiem makarim vokasi berperan penting membangun tenaga kerja ahli,0,
8381,Detik.com,@detikcom,audit bpk efisiensi pengadaan alat praktik smk meningkat,0,
8382,Antara News,@antaranews,kemendikbudristek luncurkan program sastra masuk kurikulum agustus,0,
8383,CNBC Indonesia,@cnbcindonesia,sri mulyani realisasi belanja fungsi pendidikan agustus target,0,
8384,Republika,@republikaonline,efisiensi aplikasi srikandi berhasil kurangi pakai kertas dinas,0,
8385,Kompas.com,@kompascom,kemendikbudristek pendaftaran ppg prajabatan gelombang berjalan lancar,0,
8386,Detik.com,@detikcom,nadiem kolaborasi guru pmm mempercepat pemerataan kualitas pendidikan,0,
8387,Antara News,@antaranews,pemerintah salurkan paket buku bacaan bermutu sekolah terpencil,0,
8388,CNBC Indonesia,@cnbcindonesia,sri mulyani penyerapan dana pip agustus proyeksi kemenkeu,0,
8389,Republika,@republikaonline,efisiensi digitalisasi database guru pangkas pengurusan pensiun,0,
8390,Kompas.com,@kompascom,kemendikbudristek beri penghargaan sekolah literasi terbaik,0,
8391,Detik.com,@detikcom,nadiem inovasi pembelajaran guru meningkat fitur pmm,0,
8392,Antara News,@antaranews,pemerintah salurkan bantuan alat laboratorium sma unggulan,0,
8393,CNBC Indonesia,@cnbcindonesia,sri mulyani dana abadi pendidikan dukung mahasiswa studi negeri,0,
8394,Republika,@republikaonline,efisiensi digitalisasi laporan keuangan sekolah tekan penggunaan kertas,0,
8395,Kompas.com,@kompascom,nadiem rapor pendidikan membantu wali murid pantau mutu sekolah anak,0,
8396,Detik.com,@detikcom,audit bpk penggunaan dana bosp tunjukkan akuntabilitas meningkat,0,
8397,Antara News,@antaranews,kemendiktisaintek mahasiswa magang merdeka mulai sidang laporan akhir,0,
8398,CNBC Indonesia,@cnbcindonesia,sri mulyani dana abadi pendidikan membantu penanganan siswa putus sekolah,0,
8399,Republika,@republikaonline,efisiensi digitalisasi sertifikasi guru mempercepat pencairan tunjangan,0,
8400,Kompas.com,@kompascom,kemendikbudristek sekolah wajib alokasikan dana bos perpustakaan,0,
8401,Detik.com,@detikcom,nadiem mahasiswa mbkm harus memiliki daya saing tinggi pasar kerja,0,
8402,Antara News,@antaranews,pemerintah beri bantuan dana rehab ruang kelas sd agustus,0,
8403,CNBC Indonesia,@cnbcindonesia,sri mulyani dana abadi kebudayaan dukung inovasi seni komunitas,0,
8404,Republika,@republikaonline,efisiensi sistem audit berhasil mempercepat verifikasi dana sekolah,0,
8405,Kompas.com,@kompascom,nadiem penggunaan dana bosp kini fleksibel operasional ekskul,0,
8406,Detik.com,@detikcom,audit bpk penyaluran dana pip akurat sistem,0,
8407,Antara News,@antaranews,kemendikbudristek sekolah inklusif menjadi prioritas pembangunan sarana,0,
8408,CNBC Indonesia,@cnbcindonesia,sri mulyani alokasi dana fungsi pendidikan capai rp triliun,0,
8409,Republika,@republikaonline,efisiensi siplah berhasil menurunkan biaya pengadaan barang sekolah,0,
8410,Kompas.com,@kompascom,kemendikbudristek perubahan kebijakan terkait seragam nasional,0,
8411,Detik.com,@detikcom,nadiem guru penggerak menjadi kunci transformasi pembelajaran kelas,0,
8412,Antara News,@antaranews,pemerintah salurkan bantuan bus sekolah kabupaten tertinggal,0,
8413,CNBC Indonesia,@cnbcindonesia,sri mulyani realisasi belanja pendidikan agustus mencapai rp triliun,0,
8414,Republika,@republikaonline,efisiensi pengadaan alat tik katalog elektronik hemat anggaran,0,
8415,Kompas.com,@kompascom,kemendikbudristek sekolah dilarang menahan ijazah siswa lulus,0,
8416,Detik.com,@detikcom,nadiem pendidikan karakter fondasi utama kurikulum merdeka,0,
8417,Antara News,@antaranews,pemerintah salurkan bantuan alat tik sekolah akhir agustus,0,
8418,CNBC Indonesia,@cnbcindonesia,sri mulyani penyerapan anggaran pendidikan agustus stabil terkendali,0,
8419,WhatsApp,Forwarded,link subsidi baju seragam gratis kemdikbud klik bit ly gratis,1,
8420,Facebook,Viral News,dana bos agustus dialokasikan membeli suplemen pejabat daerah,1,
8421,X (Twitter),@LeakIndo,dana rehab lab rp miliar dikorupsi vendor fiktif daerah,1,
8422,TikTok,@vlogger_edu,mulai oktober jam masuk sekolah dimajukan menjadi pukul nasional,1,
8423,Instagram,@cekfakta_id,video nadiem menyebut guru diganti robot tahun,1,
8424,WhatsApp,Grup Sekolah,biaya pengadaan meja kursi rp rb per siswa wajib membayar agustus,1,
8425,Facebook,Info Beasiswa,beasiswa korea jalur mei ceria pendaftaran tanpa paspor asli,1,
8426,X (Twitter),@PolitikNews,dana sertifikasi guru agustus macet digunakan membayar buzzer negara,1,
8427,TikTok,@news_update,bahaya menulis pulpen tinta merah dapat sebabkan penyakit kulit,1,
8428,Instagram,@faktakita,siswa membeli kaos hardiknas koperasi dihukum berat,1,
8429,WhatsApp,Forwarded,link subsidi uang saku mahasiswa rp rb klik bit ly mhs,1,
8430,Facebook,Kabar Guru,guru share link berita politik dicabut sertifikasinya permanen,1,
8431,X (Twitter),@EduLeaks,dokumen bocor pemerintah menghapus status kepegawaian honorer,1,
8432,YouTube,@berita_sekolah,kemendikbud resmi hapus mata pelajaran bahasa inggris tingkat sd,1,
8433,WhatsApp,Grup RT,sekolah mengadakan bakti sosial agustus didenda rp juta,1,
8434,Facebook,Viral News,dana pendidikan agustus dipotong menutup hutang negara,1,
8435,X (Twitter),@LeakIndo,terungkap jutaan tablet bantuan sekolah memiliki bug penyadapan,1,
8436,TikTok,@vlogger_edu,mulai juli libur hari sabtu resmi dihapus mengejar kurikulum,1,
8437,Instagram,@cekfakta_id,video nadiem menyebut siswa wajib membeli gadget semester,1,
8438,WhatsApp,Grup Sekolah,iuran wajib guru paket parsel farewell pengawas rp rb,1,
8439,Facebook,Info Cepat,beasiswa jerman jalur khusus pendaftaran agustus tanpa ijazah asli,1,
8440,X (Twitter),@PolitikUpdate,dana rehab sekolah rp miliar hilang investasi saham bodong,1,
8441,TikTok,@news_update,bahaya menggunakan penghapus karet hitam dapat sebabkan iritasi paru,1,
8442,Instagram,@faktakita,mahasiswa kip kuliah wajib menyerahkan foto rumah cairkan dana,1,
8443,WhatsApp,Forwarded,link subsidi uang transportasi sekolah rp rb klik bit ly transport,1,
8444,Facebook,Kabar Guru,guru sering upload konten tiktok sekolah diberhentikan,1,
8445,X (Twitter),@EduLeaks,dokumen rahasia kurikulum merdeka diganti kurikulum ai juli,1,
8446,YouTube,@berita_sekolah,kemendikbud resmi hapus seragam putih abu abu mulai tahun,1,
8447,WhatsApp,Grup Sekolah,biaya administrasi pengaktifan kartu pelajar rp rb harus tunai,1,
8448,Facebook,Viral News,dana pendidikan agustus dialirkan subsidi minyak goreng curah,1,
8449,X (Twitter),@LeakIndo,terungkap dana pengadaan laboratorium sekolah barang rekondisi,1,
8450,TikTok,@vlogger_edu,mulai november jam istirahat menit siswa fokus tugas,1,
8451,Instagram,@cekfakta_id,video nadiem menyebut siswa wajib membayar pajak pendidikan juni,1,
8452,WhatsApp,Grup Guru,iuran wajib guru dana hibah pembangunan gedung dinas rp rb,1,
8453,Facebook,Info Beasiswa,beasiswa taiwan jalur hardiknas pendaftaran agustus tanpa ijazah,1,
8454,Kompas.com,@kompascom,kemendikbudristek buka formasi cpns guru tenaga teknis,0,
8455,Detik.com,@detikcom,nadiem pendaftaran seleksi pppk guru prioritaskan tenaga honorer,0,
8456,WhatsApp,Forwarded,link subsidi uang saku september rp ribu kemdikbud klik bit ly saku sep,1,
8457,Facebook,Viral News,dana bos september dipotong biaya perbaikan fasilitas rumah dinas pejabat,1,
8458,X (Twitter),@PolitikUpdate,terungkap anggaran makan siang rapat koordinasi cpns mencapai rp miliar,1,
8459,TikTok,@news_update,bahaya radiasi sinyal wi fi sekolah dapat menyebabkan kebotakan dini,1,
8460,Instagram,@fakta_edu,siswa mengikuti upacara haornas dicabut status penerima kip,1,
8461,WhatsApp,Grup RT,pendaftaran beasiswa jalur september ceria tanpa seleksi berkas klik bit ly,1,
8462,Antara News,@antaranews,kemendikbudristek penyaluran dana bosp tahap ii mencapai nasional,0,
8463,CNBC Indonesia,@cnbcindonesia,sri mulyani anggaran fungsi pendidikan september difokuskan gaji guru pppk,0,
8464,Republika,@republikaonline,efisiensi sistem pengadaan barang siplah pangkas kebocoran dana bos,0,
8465,CNN Indonesia,@CNNIndonesia,nadiem program guru penggerak melahirkan ribu pemimpin pembelajaran,0,
8466,Tempo.co,@tempodotco,kemendikbudristek rilis pedoman peringatan hari olahraga nasional sekolah,0,
8467,WhatsApp,Grup Guru,link subsidi laptop kerja september guru asn klik bit ly laptop sep,1,
8468,Facebook,Info Cepat,mulai oktober siswa wajib membeli buku paket edisi revisi seharga rp juta,1,
8469,X (Twitter),@LeakIndo,dana pendidikan september dialirkan subsidi harga tiket konser internasional,1,
8470,Kompas.com,@kompascom,kemendikbudristek akun belajar id wajib diaktivasi akhir september,0,
8471,Detik.com,@detikcom,audit bpk penggunaan aplikasi arkas berhasil tekan anggaran fiktif rp miliar,0,
8472,TikTok,@vlogger_edu,berita buruk tahun mata pelajaran matematika dihapus jenjang sd,1,
8473,Instagram,@stophoax,beasiswa korea selatan jalur autumn september tanpa syarat toefl paspor,1,
8474,WhatsApp,Grup Sekolah,iuran wajib siswa biaya perbaikan ac ruang guru rp ribu per orang,1,
8475,Facebook,Kabar Guru,guru mengisi jurnal harian pmm ditunda kenaikan pangkatnya,1,
8476,X (Twitter),@EduLeaks,dokumen bocor pemerintah mewajibkan siswa membayar iuran kebersihan sekolah,1,
8477,YouTube,@berita_sekolah,kemendikbud resmi umumkan hari sabtu tetap masuk pelatihan vokasi,1,
8478,Antara News,@antaranews,kemendiktisaintek kuota tambahan kip kuliah mulai didistribusikan ptn,0,
8479,CNBC Indonesia,@cnbcindonesia,sri mulyani pastikan dana alokasi khusus dak fisik pendidikan cair september,0,
8480,Media Indonesia,@mediaindonesia,mendikbud pmm mempercepat transformasi digital satuan pendidikan daerah,0,
8481,Liputan6,@liputan6dotcom,kemendikbudristek sekolah dilarang memungut biaya penyelenggaraan haornas,0,
8482,Republika,@republikaonline,efisiensi digitalisasi rapor pendidikan hemat biaya cetak logistik rp miliar,0,
8483,WhatsApp,Forwarded,link subsidi uang kuota belajar september gb klik bit ly kuota sep,1,
8484,Facebook,Viral News,dana bos september macet digunakan membayar hutang proyek ikn,1,
8485,TikTok,@news_update,bahaya menulis kertas bergaris biru terlalu lama dapat merusak saraf mata,1,
8486,Kompas.com,@kompascom,kemendikbudristek sertifikasi guru triwulan iii masuk tahap validasi data,0,
8487,Detik.com,@detikcom,nadiem platform merdeka mengajar kini memiliki fitur pengawas sekolah,0,
8488,Antara News,@antaranews,pemerintah salurkan bantuan alat tik sekolah menengah september,0,
8489,CNBC Indonesia,@cnbcindonesia,sri mulyani realisasi belanja fungsi pendidikan september capai target,0,
8490,Republika,@republikaonline,efisiensi anggaran katalog sektoral berhasil turunkan harga laptop sekolah,0,
8491,WhatsApp,Grup Guru,iuran wajib guru dana sosial pembangunan masjid dinas rp ribu,1,
8492,Facebook,Info Beasiswa,beasiswa taiwan tanpa tes wawancara khusus pendaftaran bulan september,1,
8493,X (Twitter),@PolitikNews,dana bos september dipotong biaya pengamanan pilkada serentak,1,
8494,CNN Indonesia,@CNNIndonesia,mendikbud guru harus menjadi fasilitator inovasi implementasi kurikulum,0,
8495,Antara News,@antaranews,kemendikbudristek gelar pelatihan konten edukasi guru smk,0,
8496,Kompas.com,@kompascom,simak jadwal aturan pelaksanaan seleksi kompetensi dasar skd cpns,0,
8497,Detik.com,@detikcom,nadiem inovasi pendidikan vokasi smk menjawab kebutuhan pasar tenaga kerja,0,
8498,Antara News,@antaranews,pemerintah salurkan bantuan dana rehab ruang kelas sekolah september,0,
8499,CNBC Indonesia,@cnbcindonesia,sri mulyani dana abadi pendidikan membantu riset ketahanan energi nasional,0,
8500,Republika,@republikaonline,efisiensi digitalisasi sertifikat pelatihan pangkas jalur birokrasi logistik,0,
8501,WhatsApp,Grup Sekolah,biaya administrasi pengaktifan kartu pelajar digital rp ribu wajib membayar,1,
8502,Facebook,Kabar Guru,guru menggunakan laptop merk mengajar ditegur dinas,1,
8503,X (Twitter),@LeakIndo,terungkap laptop bantuan kemendikbud september menggunakan os bajakan,1,
8504,Kompas.com,@kompascom,kemendikbudristek pendaftaran ppg jabatan dibuka akhir bulan,0,
8505,Detik.com,@detikcom,nadiem makarim rapor pendidikan membantu sekolah menentukan skala prioritas,0,
8506,Antara News,@antaranews,pemerintah bangun perpustakaan wilayah terpencil september,0,
8507,CNBC Indonesia,@cnbcindonesia,sri mulyani alokasi pip ditambah mengurangi angka putus sekolah,0,
8508,Republika,@republikaonline,efisiensi sistem siplah berhasil menurunkan harga barang sekolah nasional,0,
8509,LinkedIn,Analis Publik,efisiensi anggaran pendidikan sistem pengadaan barang pintu,0,
8510,Kompas.com,@kompascom,nadiem penggunaan dana bosp kini luwes operasional ekstrakurikuler,0,
8511,Detik.com,@detikcom,audit bpk penggunaan dana bosp menunjukkan peningkatan transparansi,0,
8512,Antara News,@antaranews,kemendikbudristek pendaftaran beasiswa pendidikan indonesia tersedia,0,
8513,CNBC Indonesia,@cnbcindonesia,sri mulyani pastikan dana pendidikan tetap aman perubahan apbn,0,
8514,Media Indonesia,@mediaindonesia,mendikbud pendidik harus menjadi teladan etika berkomunikasi digital,0,
8515,Liputan6,@liputan6dotcom,kemendikbudristek sekolah dihimbau gunakan fasilitas umum kegiatan,0,
8516,Republika,@republikaonline,efisiensi katalog elektronik sektoral menghemat biaya pengadaan alat praktik,0,
8517,Kompas.com,@kompascom,kemendikbudristek peserta cpns wajib mengunduh kartu ujian oktober,0,
8518,Detik.com,@detikcom,nadiem program msib memberikan pengalaman profesional nyata mahasiswa,0,
8519,Antara News,@antaranews,pemerintah salurkan bantuan bus sekolah daerah tertinggal september,0,
8520,CNBC Indonesia,@cnbcindonesia,sri mulyani realisasi belanja fungsi pendidikan september proyeksi,0,
8521,Republika,@republikaonline,efisiensi digitalisasi sertifikasi pangkas jalur birokrasi daerah terpencil,0,
8522,Kompas.com,@kompascom,nadiem makarim pendidikan karakter harus menjadi fondasi utama sekolah,0,
8523,Detik.com,@detikcom,audit bpk efisiensi pengadaan laptop pelajar meningkat tahun,0,
8524,Antara News,@antaranews,kemendikbudristek pangkas birokrasi laporan aplikasi arkas terintegrasi,0,
8525,CNBC Indonesia,@cnbcindonesia,sri mulyani dana abadi pendidikan membantu ribuan mahasiswa kuliah gratis,0,
8526,Republika,@republikaonline,kemendikbudristek hapus kewajiban laporan fisik guru penggerak,0,
8527,Kompas.com,@kompascom,kemendikbudristek beri beasiswa siswa berprestasi olimpiade olahraga,0,
8528,Detik.com,@detikcom,nadiem transformasi digital pendidikan indonesia diapresiasi lembaga dunia,0,
8529,Antara News,@antaranews,pemerintah salurkan bantuan alat musik sekolah akhir september,0,
8530,CNBC Indonesia,@cnbcindonesia,sri mulyani dana abadi pendidikan capai target pertumbuhan investasi,0,
8531,Republika,@republikaonline,efisiensi sistem rapor pangkas biaya distribusi logistik kertas nasional,0,
8532,Kompas.com,@kompascom,nadiem kesejahteraan guru prioritas utama kebijakan asn,0,
8533,Detik.com,@detikcom,audit bpk penyaluran dana sertifikasi guru akurat transparan,0,
8534,Antara News,@antaranews,kemendiktisaintek mahasiswa program mbkm mulai menjalankan proyek magang,0,
8535,CNBC Indonesia,@cnbcindonesia,sri mulyani pastikan anggaran pendidikan september terserap gaji pppk,0,
8536,Republika,@republikaonline,efisiensi digitalisasi sertifikat pelatihan guru hemat kertas jutaan lembar,0,
8537,Kompas.com,@kompascom,kemendikbudristek sekolah inklusif wajib menerima siswa berkebutuhan khusus,0,
8538,Detik.com,@detikcom,nadiem kurikulum merdeka terbukti mengurangi beban administrasi guru kelas,0,
8539,Antara News,@antaranews,pemerintah salurkan bantuan dana sarpras sekolah dasar september,0,
8540,CNBC Indonesia,@cnbcindonesia,sri mulyani dana abadi pendidikan membantu riset inovasi vaksin nasional,0,
8541,Republika,@republikaonline,efisiensi katalog elektronik sektoral berhasil menghemat anggaran alat tik,0,
8542,Kompas.com,@kompascom,nadiem makarim vokasi berperan penting hilirisasi industri nasional,0,
8543,Detik.com,@detikcom,audit bpk efisiensi pengadaan alat praktik smk meningkat september,0,
8544,Antara News,@antaranews,kemendikbudristek luncurkan panduan pencegahan kekerasan seksual sekolah,0,
8545,CNBC Indonesia,@cnbcindonesia,sri mulyani reformasi birokrasi kemendikbudristek berhasil hemat anggaran,0,
8546,Republika,@republikaonline,efisiensi aplikasi srikandi pangkas biaya atk dinas pendidikan,0,
8547,Kompas.com,@kompascom,kemendikbudristek portal akun belajar id diperbarui keamanan,0,
8548,Detik.com,@detikcom,nadiem mahasiswa mbkm harus memiliki daya saing tingkat internasional,0,
8549,Antara News,@antaranews,pemerintah salurkan paket buku cerita perpustakaan desa september,0,
8550,CNBC Indonesia,@cnbcindonesia,sri mulyani penyerapan dana pip september proyeksi pemerintah,0,
8551,Republika,@republikaonline,efisiensi digitalisasi database guru pangkas jalur birokrasi pensiun dini,0,
8552,Kompas.com,@kompascom,kemendikbudristek beri penghargaan sekolah literasi terbaik,0,
8553,Detik.com,@detikcom,nadiem inovasi pembelajaran guru meningkat fitur portal pmm,0,
8554,Antara News,@antaranews,pemerintah salurkan bantuan alat laboratorium sma unggulan,0,
8555,CNBC Indonesia,@cnbcindonesia,sri mulyani dana abadi pendidikan dukung studi mahasiswa negeri,0,
8556,Republika,@republikaonline,efisiensi digitalisasi laporan keuangan sekolah menurunkan biaya kertas,0,
8557,Kompas.com,@kompascom,nadiem rapor pendidikan membantu orang tua memantau kualitas sekolah anak,0,
8558,Detik.com,@detikcom,audit bpk penggunaan dana bosp menunjukkan peningkatan kualitas data,0,
8559,Antara News,@antaranews,kemendiktisaintek mahasiswa magang merdeka mulai presentasi proyek akhir,0,
8560,CNBC Indonesia,@cnbcindonesia,sri mulyani dana abadi pendidikan membantu penanganan siswa putus sekolah,0,
8561,Republika,@republikaonline,efisiensi digitalisasi sertifikasi guru mempercepat proses pencairan dana,0,
8562,Kompas.com,@kompascom,kemendikbudristek sekolah wajib mengalokasikan dana bos literasi buku,0,
8563,Detik.com,@detikcom,nadiem mahasiswa mbkm harus memiliki soft skill problem solving global,0,
8564,Antara News,@antaranews,pemerintah beri bantuan dana rehab ruang kelas sd september,0,
8565,CNBC Indonesia,@cnbcindonesia,sri mulyani dana abadi kebudayaan digunakan inovasi seni desa,0,
8566,Republika,@republikaonline,efisiensi sistem audit berhasil mempercepat verifikasi anggaran sekolah,0,
8567,Kompas.com,@kompascom,nadiem penggunaan dana bosp kini fleksibel kesejahteraan guru,0,
8568,Detik.com,@detikcom,audit bpk penyaluran dana pip akurat sistem terintegrasi,0,
8569,WhatsApp,Forwarded,link subsidi uang membeli buku september rp ribu klik bit ly buku sep,1,
8570,Facebook,Viral News,dana bos september dialokasikan membayar tagihan air kantor dinas,1,
8571,X (Twitter),@LeakIndo,terungkap ribuan ijazah dicetak september menggunakan blangko,1,
8572,TikTok,@vlogger_edu,mulai oktober libur hari sabtu resmi dihapus jenjang sekolah,1,
8573,Instagram,@cekfakta_id,video nadiem menyebut guru honorer diganti ai mulai januari,1,
8574,WhatsApp,Grup Sekolah,biaya pengadaan foto resmi presiden rp ribu per siswa harus membayar,1,
8575,Facebook,Info Beasiswa,beasiswa jepang jalur september ceria pendaftaran tanpa sertifikat,1,
8576,X (Twitter),@PolitikNews,dana sertifikasi guru september macet digunakan membayar hutang,1,
8577,TikTok,@news_update,bahaya mencium bau lem kertas terlalu sering dapat merusak saraf otak,1,
8578,Instagram,@faktakita,siswa membeli atribut haornas koperasi dilarang masuk sekolah,1,
8579,WhatsApp,Forwarded,link subsidi uang transportasi seleksi rp ribu klik bit ly cpns,1,
8580,Facebook,Kabar Guru,guru sering share konten politik whatsapp dipecat permanen,1,
8581,X (Twitter),@EduLeaks,dokumen rahasia pemerintah menghapus tunjangan anak istri guru,1,
8582,YouTube,@berita_sekolah,kemendikbud resmi hapus mata pelajaran pkn mulai tahun ajaran,1,
8583,WhatsApp,Grup RT,sekolah mengadakan jalan sehat september didenda rp juta,1,
8584,Facebook,Viral News,dana pendidikan september dipotong biaya operasional ikn,1,
8585,X (Twitter),@LeakIndo,terungkap jutaan tablet bantuan sekolah mengandung software penyadapa,1,
8586,TikTok,@vlogger_edu,mulai november jam istirahat menit siswa fokus tugas,1,
8587,Instagram,@cekfakta_id,video nadiem menyebut siswa wajib membeli laptop merek mulai oktober,1,
8588,WhatsApp,Grup Guru,iuran wajib guru dana hibah pembangunan gedung dinas rp ribu,1,
8589,Facebook,Info Cepat,beasiswa inggris jalur khusus september pendaftaran tanpa paspor asli,1,
8590,X (Twitter),@PolitikUpdate,dana rehab sekolah rp miliar hilang proyek fiktif daerah,1,
8591,TikTok,@news_update,bahaya menggunakan penghapus cair tip ex berlebihan dapat merusak otak,1,
8592,Instagram,@faktakita,mahasiswa kip kuliah wajib menyerahkan dana organisasi kampus,1,
8593,WhatsApp,Forwarded,link subsidi paket sembako guru kemdikbud klik bit ly guru sep,1,
8594,Facebook,Kabar Guru,guru sering mengeluh facebook dicabut sertifikasinya permanen,1,
8595,X (Twitter),@EduLeaks,dokumen rahasia kurikulum merdeka diganti kurikulum ai januari,1,
8596,YouTube,@berita_sekolah,kemendikbud resmi hapus seragam putih biru mulai semester,1,
8597,WhatsApp,Grup Sekolah,biaya administrasi pengambilan sertifikat lomba rp ribu harus tunai,1,
8598,Facebook,Viral News,dana pendidikan september dialirkan subsidi minyak goreng kemasan,1,
8599,X (Twitter),@LeakIndo,terungkap dana pengadaan laboratorium sekolah barang rekondisi,1,
8600,TikTok,@vlogger_edu,mulai desember libur hari minggu dihapus mengejar materi ujian,1,
8601,Instagram,@cekfakta_id,video nadiem menyebut siswa wajib membeli kamus digital,1,
8602,WhatsApp,Grup Guru,iuran wajib guru paket parsel perpisahan pengawas rp ribu,1,
8603,Facebook,Info Beasiswa,beasiswa australia jalur perpisahan sekolah pendaftaran tanpa ijazah,1,
8604,Kompas.com,@kompascom,kemendikbudristek gelar upacara peringatan hari kesaktian pancasila oktober,0,
8605,Detik.com,@detikcom,prabowo gibran dilantik isu pemisahan kemendikbudristek menjadi kementerian menguat,0,
8606,WhatsApp,Forwarded,link subsidi uang saku pelantikan rp ribu pemerintah klik bit ly saku okt,1,
8607,Facebook,Viral News,dana bos oktober dipotong biaya dekorasi pelantikan presiden jakarta,1,
8608,X (Twitter),@PolitikUpdate,terungkap anggaran makan malam pisah sambut menteri pendidikan capai rp miliar,1,
8609,TikTok,@news_update,bahaya vaksinasi massal sekolah bulan oktober mengandung chip pelacak,1,
8610,Instagram,@fakta_edu,siswa hafal teks sumpah pemuda dihapus data dapodik,1,
8611,WhatsApp,Grup RT,pendaftaran beasiswa amanah presiden tanpa seleksi klik bit ly edu prabowo,1,
8612,Antara News,@antaranews,kemendikbudristek penyaluran dana bosp tahap ii selesai oktober,0,
8613,CNBC Indonesia,@cnbcindonesia,sri mulyani anggaran pendidikan tetap menjadi prioritas kabinet,0,
8614,Republika,@republikaonline,efisiensi digitalisasi database guru pangkas biaya mutasi pegawai,0,
8615,CNN Indonesia,@CNNIndonesia,nadiem makarim berpamitan jajaran kemendikbudristek akhir masa jabatan,0,
8616,Tempo.co,@tempodotco,pemerintah siapkan transisi struktur organisasi kementerian pendidikan riset,0,
8617,WhatsApp,Grup Guru,link subsidi laptop merah putih tahap iii kemdikbud klik bit ly ltp okt,1,
8618,Facebook,Info Cepat,mulai november jam sekolah ditambah jam program wajib militer remaja,1,
8619,X (Twitter),@LeakIndo,dana sertifikasi guru oktober dialihkan membeli mobil dinas menteri,1,
8620,Kompas.com,@kompascom,kemendikbudristek sekolah dilarang mewajibkan siswa membeli atribut sumpah pemuda,0,
8621,Detik.com,@detikcom,audit bpk penggunaan aplikasi arkas berhasil menekan pemborosan dana sekolah,0,
8622,TikTok,@vlogger_edu,berita buruk kurikulum merdeka dibatalkan total menteri,1,
8623,Instagram,@stophoax,beasiswa jerman jalur oktoberfest tanpa sertifikat bahasa wawancara,1,
8624,WhatsApp,Grup Sekolah,iuran wajib siswa biaya bingkisan selamat datang menteri rp ribu,1,
8625,Facebook,Kabar Guru,guru mengikuti diklat transisi kabinet dicabut sertifikasinya,1,
8626,X (Twitter),@EduLeaks,dokumen bocor pemerintah menghapus status guru pppk mulai januari,1,
8627,YouTube,@berita_sekolah,kemendikbud resmi umumkan hari minggu tetap kegiatan pramuka wajib,1,
8628,Antara News,@antaranews,kemendiktisaintek mahasiswa penerima kip kuliah mulai menerima dana ukt,0,
8629,CNBC Indonesia,@cnbcindonesia,sri mulyani pastikan dana alokasi umum dau gaji guru aman oktober,0,
8630,Media Indonesia,@mediaindonesia,mendikbud pmm memfasilitasi juta guru belajar secara mandiri,0,
8631,Liputan6,@liputan6dotcom,kemendikbudristek pendaftaran program msib angkatan segera dibuka,0,
8632,Republika,@republikaonline,efisiensi digitalisasi administrasi sekolah hemat penggunaan kertas,0,
8633,WhatsApp,Forwarded,link subsidi bantuan perlengkapan sekolah rp ribu klik bit ly tas okt,1,
8634,Facebook,Viral News,dana bos oktober macet digunakan membiayai perjalanan dinas negeri,1,
8635,TikTok,@news_update,bahaya membaca buku digital terlalu lama dapat menyebabkan kerusakan otak permanen,1,
8636,Kompas.com,@kompascom,kemendikbudristek pengumuman hasil seleksi administrasi pppk guru oktober,0,
8637,Detik.com,@detikcom,nadiem program kampus mengajar berhasil tingkatkan nilai literasi siswa desa,0,
8638,Antara News,@antaranews,pemerintah salurkan bantuan meja kursi sd wilayah,0,
8639,CNBC Indonesia,@cnbcindonesia,sri mulyani realisasi belanja fungsi pendidikan oktober mencapai rp triliun,0,
8640,Republika,@republikaonline,efisiensi anggaran katalog sektoral berhasil turunkan harga buku paket,0,
8641,WhatsApp,Grup Guru,iuran wajib guru dana hibah pembangunan gedung serbaguna dinas rp ribu,1,
8642,Facebook,Info Beasiswa,beasiswa prancis jalur eiffel oktober tanpa tes wawancara khusus pendaftar,1,
8643,X (Twitter),@PolitikNews,dana bos oktober dipotong biaya renovasi kantor kementerian,1,
8644,CNN Indonesia,@CNNIndonesia,nadiem kurikulum merdeka memberi keleluasaan guru mengelola belajar,0,
8645,Antara News,@antaranews,kemendikbudristek gelar workshop digital marketing siswa smk,0,
8646,Kompas.com,@kompascom,simak aturan masa kerja guru pppk kebijakan tahun,0,
8647,Detik.com,@detikcom,audit bpk penyaluran dana sertifikasi guru semester ii berjalan akurat,0,
8648,Antara News,@antaranews,pemerintah salurkan bantuan dana rehab ruang guru sekolah oktober,0,
8649,CNBC Indonesia,@cnbcindonesia,sri mulyani dana abadi pendidikan membantu inovasi energi hijau kampus,0,
8650,Republika,@republikaonline,efisiensi digitalisasi sertifikat pendidik pangkas jalur birokrasi pengiriman,0,
8651,WhatsApp,Grup Sekolah,biaya administrasi pengaktifan akun belajar id rp ribu harus membayar tunai,1,
8652,Facebook,Kabar Guru,guru sering absen rapat oktober langsung nonaktifkan dapodiknya,1,
8653,X (Twitter),@LeakIndo,terungkap laptop bantuan sekolah oktober produk rakitan tanpa garansi,1,
8654,Kompas.com,@kompascom,kemendikbudristek sertifikasi guru triwulan iii cair mulai akhir oktober,0,
8655,Detik.com,@detikcom,nadiem makarim rapor pendidikan membantu sekolah melakukan evaluasi diri,0,
8656,Antara News,@antaranews,pemerintah bangun laboratorium bahasa smp terpencil oktober,0,
8657,CNBC Indonesia,@cnbcindonesia,sri mulyani alokasi dana pendidikan fokus pemerataan guru desa,0,
8658,Republika,@republikaonline,efisiensi sistem siplah berhasil menurunkan biaya pengadaan atk sekolah,0,
8659,WhatsApp,Forwarded,link subsidi uang membeli sepatu sekolah rp ribu klik bit ly sepatu okt,1,
8660,Facebook,Info Cepat,beasiswa belanda jalur tulip oktober ditutup kuota penuh,1,
8661,X (Twitter),@EduLeaks,dokumen rahasia gaji guru pppk dibayar jam mengajar mulai,1,
8662,Kompas.com,@kompascom,kemendikbudristek portal akun snpmb persiapkan data jalur prestasi,0,
8663,Detik.com,@detikcom,nadiem program iisma berhasil mengirim mahasiswa universitas top dunia,0,
8664,Antara News,@antaranews,kemendikbudristek beri bantuan tik sekolah dasar oktober,0,
8665,CNBC Indonesia,@cnbcindonesia,sri mulyani pastikan dana pip tahap ii masuk rekening siswa akhir oktober,0,
8666,Media Indonesia,@mediaindonesia,mendikbud guru harus menjadi teladan penggunaan media sosial sehat,0,
8667,Liputan6,@liputan6dotcom,kemendikbudristek sekolah dihimbau rayakan sumpah pemuda karya,0,
8668,Republika,@republikaonline,efisiensi katalog elektronik sektoral hemat biaya pengadaan alat praktik smk,0,
8669,WhatsApp,Grup RT,sekolah memasang spanduk presiden didenda rp juta,1,
8670,Facebook,Viral News,dana bos oktober dialirkan subsidi harga minyak goreng lingkungan dinas,1,
8671,X (Twitter),@PolitikUpdate,dana rehab perpustakaan rp miliar hilang investasi kripto pejabat,1,
8672,Kompas.com,@kompascom,kemendikbudristek pendaftaran ppg prajabatan gelombang dibuka oktober,0,
8673,Detik.com,@detikcom,nadiem kurikulum merdeka terbukti tingkatkan literasi sekolah pilot,0,
8674,Antara News,@antaranews,pemerintah salurkan bantuan dana sarpras sekolah akhir oktober,0,
8675,CNBC Indonesia,@cnbcindonesia,sri mulyani realisasi belanja fungsi pendidikan oktober target,0,
8676,Republika,@republikaonline,efisiensi digitalisasi sertifikasi pangkas jalur birokrasi pendidik,0,
8677,WhatsApp,Forwarded,link subsidi uang transportasi haornas rp ribu klik bit ly saku sport,1,
8678,Facebook,Kabar Guru,guru sering mengeluh media sosial dicabut sertifikasinya per oktober,1,
8679,X (Twitter),@Netizen_News,skandal dana buku perpustakaan nasional mengalir rekening pribadi,1,
8680,Kompas.com,@kompascom,nadiem makarim pendidikan vokasi menjadi tulang punggung industri nasional,0,
8681,Detik.com,@detikcom,audit bpk efisiensi pengadaan tablet siswa meningkat oktober,0,
8682,Antara News,@antaranews,kemendikbudristek pangkas birokrasi laporan aplikasi arkas terintegrasi,0,
8683,CNBC Indonesia,@cnbcindonesia,sri mulyani dana abadi pendidikan membantu ribuan mahasiswa mampu,0,
8684,Republika,@republikaonline,kemendikbudristek hapus kewajiban laporan fisik guru penggerak oktober,0,
8685,TikTok,@vlogger_edu,mulai november jam istirahat menit fokus belajar nasional,1,
8686,Instagram,@cekfakta_id,video nadiem menyebut siswa wajib membeli kamus bahasa inggris,1,
8687,WhatsApp,Grup Sekolah,biaya pengadaan foto resmi presiden rp ribu per siswa harus membayar,1,
8688,Kompas.com,@kompascom,kemendikbudristek beri beasiswa siswa berprestasi bidang seni budaya,0,
8689,Detik.com,@detikcom,nadiem program iisma berhasil mengirim mahasiswa universitas top dunia,0,
8690,Antara News,@antaranews,pemerintah salurkan bantuan alat olahraga sekolah oktober,0,
8691,CNBC Indonesia,@cnbcindonesia,sri mulyani dana abadi pendidikan mencapai nilai strategis nasional,0,
8692,Republika,@republikaonline,efisiensi sistem rapor pangkas biaya distribusi logistik daerah,0,
8693,WhatsApp,Forwarded,link subsidi paket sembako guru oktober kemdikbud klik bit ly,1,
8694,Facebook,Viral News,dana bos oktober dipotong biaya perbaikan jalan raya nasional,1,
8695,X (Twitter),@LeakIndo,terungkap ribuan laptop bantuan sekolah oktober barang rekondisi,1,
8696,Kompas.com,@kompascom,nadiem kesejahteraan guru prioritas utama kebijakan asn,0,
8697,Detik.com,@detikcom,audit bpk penyaluran dana sertifikasi guru akurat teratur,0,
8698,Antara News,@antaranews,kemendiktisaintek mahasiswa program magang merdeka mulai onboarding,0,
8699,CNBC Indonesia,@cnbcindonesia,sri mulyani pastikan anggaran fungsi pendidikan tetap terjaga oktober,0,
8700,Republika,@republikaonline,efisiensi digitalisasi sertifikat pelatihan guru hemat kertas nasional,0,
8701,TikTok,@news_update,bahaya menggunakan penghapus cair tip ex berlebihan dapat merusak otak,1,
8702,Instagram,@fakta_edu,mahasiswa kip kuliah wajib menyerahkan uang saku organisasi tertentu,1,
8703,WhatsApp,Forwarded,link subsidi uang transportasi sekolah rp ribu klik bit ly transport okt,1,
8704,Kompas.com,@kompascom,kemendikbudristek sekolah inklusif wajib sediakan fasilitas siswa abk,0,
8705,Detik.com,@detikcom,nadiem kurikulum merdeka terbukti membantu siswa mengasah minat bakat,0,
8706,Antara News,@antaranews,pemerintah salurkan bantuan dana sarpras sekolah dasar oktober,0,
8707,CNBC Indonesia,@cnbcindonesia,sri mulyani dana abadi pendidikan membantu riset ketahanan pangan nasional,0,
8708,Republika,@republikaonline,efisiensi katalog elektronik sektoral berhasil hemat anggaran tik nasional,0,
8709,TikTok,@berita_sekolah,berita duka slb wilayah ditutup permanen mulai november,1,
8710,Instagram,@cekfakta_id,video nadiem sebut kantin sekolah boleh menjual makanan rebus tanpa gorengan,1,
8711,WhatsApp,Grup Guru,iuran wajib guru paket parsel penyambutan pejabat rp ribu,1,
8712,Kompas.com,@kompascom,nadiem makarim vokasi berperan penting membangun ekonomi daerah,0,
8713,Detik.com,@detikcom,audit bpk efisiensi pengadaan alat praktik smk meningkat oktober,0,
8714,Antara News,@antaranews,kemendikbudristek luncurkan panduan pencegahan kekerasan seksual nasional,0,
8715,CNBC Indonesia,@cnbcindonesia,sri mulyani reformasi birokrasi kemendikbud berhasil hemat anggaran,0,
8716,Republika,@republikaonline,efisiensi aplikasi srikandi pangkas biaya atk dinas pendidikan,0,
8717,Kompas.com,@kompascom,kemendikbudristek portal akun snpmb tutup tepat registrasi,0,
8718,Detik.com,@detikcom,nadiem transformasi digital pendidikan ri diapresiasi unesco dunia,0,
8719,Antara News,@antaranews,pemerintah salurkan paket buku cerita perpustakaan desa oktober,0,
8720,CNBC Indonesia,@cnbcindonesia,sri mulyani penyerapan dana pip oktober estimasi kemenkeu,0,
8721,Republika,@republikaonline,efisiensi digitalisasi database guru pangkas jalur birokrasi pensiun,0,
8722,Kompas.com,@kompascom,kemendikbudristek beri penghargaan sekolah literasi terbaik,0,
8723,Detik.com,@detikcom,nadiem inovasi pembelajaran guru meningkat komunitas belajar pmm,0,
8724,Antara News,@antaranews,pemerintah salurkan bantuan alat olahraga sekolah akhir oktober,0,
8725,CNBC Indonesia,@cnbcindonesia,sri mulyani dana abadi pendidikan dukung studi mahasiswa negeri,0,
8726,Republika,@republikaonline,efisiensi digitalisasi laporan keuangan sekolah hemat anggaran kertas,0,
8727,Kompas.com,@kompascom,nadiem rapor pendidikan membantu orang tua pantau kualitas sekolah,0,
8728,Detik.com,@detikcom,audit bpk penggunaan dana bosp menunjukkan peningkatan kualitas,0,
8729,Antara News,@antaranews,kemendiktisaintek mahasiswa magang merdeka mulai onboarding proyek,0,
8730,CNBC Indonesia,@cnbcindonesia,sri mulyani dana abadi pendidikan membantu penanganan siswa putus sekolah,0,
8731,Republika,@republikaonline,efisiensi digitalisasi sertifikasi pangkas jalur birokrasi pencairan dana,0,
8732,Kompas.com,@kompascom,kemendikbudristek sekolah wajib alokasikan dana bos literasi buku,0,
8733,Detik.com,@detikcom,nadiem mahasiswa mbkm harus memiliki soft skill problem solving global,0,
8734,Antara News,@antaranews,pemerintah beri bantuan dana rehab ruang kelas sd oktober,0,
8735,CNBC Indonesia,@cnbcindonesia,sri mulyani dana abadi kebudayaan inovasi seni masyarakat,0,
8736,Republika,@republikaonline,efisiensi sistem audit berhasil mempercepat verifikasi dana sekolah,0,
8737,Kompas.com,@kompascom,nadiem penggunaan dana bosp kini fleksibel operasional,0,
8738,Detik.com,@detikcom,audit bpk penyaluran dana pip akurat tepat sasaran,0,
8739,Antara News,@antaranews,kemendikbudristek sekolah inklusif menjadi prioritas utama,0,
8740,CNBC Indonesia,@cnbcindonesia,sri mulyani alokasi dana pendidikan mencapai rp triliun,0,
8741,Republika,@republikaonline,efisiensi siplah berhasil menurunkan biaya pengadaan barang sekolah,0,
8742,Kompas.com,@kompascom,kemendikbudristek perubahan kebijakan seragam nasional,0,
8743,Detik.com,@detikcom,nadiem guru penggerak motor transformasi pendidikan kelas,0,
8744,Antara News,@antaranews,pemerintah salurkan bantuan bus sekolah daerah tertinggal oktober,0,
8745,CNBC Indonesia,@cnbcindonesia,sri mulyani realisasi belanja pendidikan oktober mencapai rp triliun,0,
8746,Republika,@republikaonline,efisiensi pengadaan barang siplah hemat anggaran negara,0,
8747,Kompas.com,@kompascom,kemendikbudristek sekolah dilarang menahan ijazah siswa tahun,0,
8748,Detik.com,@detikcom,nadiem pendidikan karakter fondasi utama kurikulum merdeka,0,
8749,CNBC Indonesia,@cnbcindonesia,sri mulyani penyerapan anggaran pendidikan oktober stabil terkendali,0,
8750,Antara News,@antaranews,pemerintah salurkan bantuan alat tik sekolah akhir oktober,0,
8751,WhatsApp,Grup RT,sekolah mengadakan pawai sumpah pemuda didenda rp juta,1,
8752,Facebook,Info Beasiswa,beasiswa taiwan jalur akhir tahun pendaftaran oktober tanpa berkas,1,
8753,Instagram,@cekfakta_id,video nadiem menyebut siswa wajib membeli kamus digital,1,
8754,Kompas.com,@kompascom,kemendikdasmen upacara hari guru nasional digelar serentak november,0,
8755,Detik.com,@detikcom,mendikdasmen abdul ti evaluasi kurikulum merdeka dilakukan secara cermat,0,
8756,WhatsApp,Forwarded,link subsidi tunjangan hari guru rp juta kemdikbud klik bit ly hgn,1,
8757,Facebook,Viral News,dana bos november dipotong membayar bonus atlet nasional negeri,1,
8758,X (Twitter),@PolitikUpdate,terungkap anggaran renovasi ruang kerja menteri mencapai rp miliar,1,
8759,TikTok,@news_update,bahaya bubuk kapur tulis jenis sekolah mengandung zat kimia beracun,1,
8760,Instagram,@fakta_edu,siswa ikut pawai hari pahlawan dikurangi nilai rapornya poin,1,
8761,WhatsApp,Grup RT,beasiswa pahlawan muda tanpa seleksi berkas khusus bulan november,1,
8762,Antara News,@antaranews,kemendikdasmen pengumuman hasil skd cpns dirilis secara bertahap,0,
8763,CNBC Indonesia,@cnbcindonesia,sri mulyani tambahan anggaran pendidikan fokus kesejahteraan guru,0,
8764,Republika,@republikaonline,efisiensi integrasi data dapodik dukcapil percepat verifikasi pip,0,
8765,CNN Indonesia,@CNNIndonesia,abdul ti kesejahteraan guru honorer menjadi prioritas hari kerja,0,
8766,Tempo.co,@tempodotco,kemendikdasmen kaji ulang kebijakan penempatan guru pppk sekolah swasta,0,
8767,WhatsApp,Grup Guru,link subsidi laptop hari guru guru non sertifikasi klik bit ly laptop hgn,1,
8768,Facebook,Info Cepat,mulai januari sekolah wajib masuk pukul pagi tanpa,1,
8769,X (Twitter),@LeakIndo,dana pendidikan november dialihkan subsidi pembelian pesawat kepresidenan,1,
8770,Kompas.com,@kompascom,kemendikdasmen sekolah dilarang memungut biaya perayaan hari guru nasional,0,
8771,Detik.com,@detikcom,audit bpk penggunaan sistem arkas meningkatkan akuntabilitas dana bosp,0,
8772,TikTok,@vlogger_edu,berita buruk ujian nasional un diterapkan mulai semester,1,
8773,Instagram,@stophoax,beasiswa inggris jalur heroic november tanpa syarat ielts wawancara,1,
8774,WhatsApp,Grup Sekolah,iuran wajib siswa pembelian kado kepala sekolah hari guru rp ribu,1,
8775,Facebook,Kabar Guru,guru memasang foto menteri kelas dipotong tpp,1,
8776,X (Twitter),@EduLeaks,dokumen bocor pemerintah menghapus tunjangan profesi guru tpg,1,
8777,YouTube,@berita_sekolah,kemendikdasmen resmi ubah warna seragam sekolah mulai semester genap,1,
8778,Antara News,@antaranews,kemendiktisaintek skema pencairan kip kuliah dirumuskan,0,
8779,CNBC Indonesia,@cnbcindonesia,sri mulyani pastikan dana alokasi umum gaji guru pppk cair november,0,
8780,Media Indonesia,@mediaindonesia,mendikdasmen pmm dikembangkan wadah berbagi praktik baik,0,
8781,Liputan6,@liputan6dotcom,kemendikdasmen pendaftaran seleksi kompetensi bidang skb cpns dibuka,0,
8782,Republika,@republikaonline,efisiensi digitalisasi kearsipan ijazah pangkas biaya logistik rp miliar,0,
8783,WhatsApp,Forwarded,link subsidi uang pulsa hari guru gb kemdikbud klik bit ly pulsa hgn,1,
8784,Facebook,Viral News,dana bos november macet digunakan membayar hutang proyek kereta cepat,1,
8785,TikTok,@news_update,bahaya memakai sepatu kets sekolah dapat menyebabkan pertumbuhan tinggi terhambat,1,
8786,Kompas.com,@kompascom,kemendikdasmen guru wajib lakukan pemutakhiran data pmm desember,0,
8787,Detik.com,@detikcom,abdul ti penguatan literasi numerasi fokus utama jenjang dasar,0,
8788,Antara News,@antaranews,pemerintah salurkan bantuan alat tik sekolah menengah november,0,
8789,CNBC Indonesia,@cnbcindonesia,sri mulyani realisasi belanja fungsi pendidikan november target,0,
8790,Republika,@republikaonline,efisiensi anggaran katalog elektronik sektoral hemat dana sekolah,0,
8791,WhatsApp,Grup Guru,iuran wajib guru dana hibah pembangunan lapangan tenis dinas rp rb,1,
8792,Facebook,Info Beasiswa,beasiswa australia jalur kangaroo november pendaftaran tanpa paspor,1,
8793,X (Twitter),@PolitikNews,dana bos november dipotong biaya kampanye pilkada serentak,1,
8794,CNN Indonesia,@CNNIndonesia,mendikdasmen kurikulum full day school dievaluasi masukan,0,
8795,Antara News,@antaranews,kemendikdasmen gelar festival literasi siswa nasional flsn november,0,
8796,Kompas.com,@kompascom,simak jadwal lengkap kisi kisi skb cpns kemendikdasmen,0,
8797,Detik.com,@detikcom,abdul ti guru harus mampu mengelola kelas pendekatan psikologis,0,
8798,Antara News,@antaranews,pemerintah salurkan bantuan dana rehab ruang kelas sd november,0,
8799,CNBC Indonesia,@cnbcindonesia,sri mulyani dana abadi pendidikan membantu riset teknologi transportasi masal,0,
8800,Republika,@republikaonline,efisiensi digitalisasi sertifikat pendidik mempermudah proses kenaikan pangkat,0,
8801,WhatsApp,Grup Sekolah,biaya administrasi perayaan hari guru rp ribu per siswa wajib tunai,1,
8802,Facebook,Kabar Guru,guru memiliki akun tiktok edukasi ditegur dinas,1,
8803,X (Twitter),@LeakIndo,terungkap pengadaan tablet pelajar november menggunakan komponen bekas,1,
8804,Kompas.com,@kompascom,kemendikdasmen pendaftaran ppg guru tertentu tahap resmi dimulai,0,
8805,Detik.com,@detikcom,abdul ti platform merdeka mengajar disempurnakan fiturnya,0,
8806,Antara News,@antaranews,pemerintah bangun perpustakaan wilayah terpencil november,0,
8807,CNBC Indonesia,@cnbcindonesia,sri mulyani alokasi dana pendidikan diarahkan kualitas sdm,0,
8808,Republika,@republikaonline,efisiensi sistem siplah berhasil menurunkan harga barang sekolah,0,
8809,LinkedIn,Analis Publik,tantangan efisiensi anggaran pendidikan tengah transisi kementerian,0,
8810,Kompas.com,@kompascom,kemendikdasmen penggunaan dana bosp gaji honorer maksimal,0,
8811,Detik.com,@detikcom,audit bpk penyaluran dana sertifikasi guru menunjukkan tren positif,0,
8812,Antara News,@antaranews,kemendikdasmen beri penghargaan guru inspiratif hari guru nasional,0,
8813,CNBC Indonesia,@cnbcindonesia,sri mulyani pastikan anggaran pendidikan tetap stabil akhir tahun,0,
8814,Media Indonesia,@mediaindonesia,mendikdasmen pembelajaran matematika sd harus menyenangkan logis,0,
8815,Liputan6,@liputan6dotcom,kemendikdasmen sekolah dihimbau gelar bakti sosial hari pahlawan,0,
8816,Republika,@republikaonline,efisiensi katalog elektronik sektoral hemat biaya pengadaan buku paket,0,
8817,Kompas.com,@kompascom,kemendikdasmen peserta skb cpns wajib membawa kartu ujian identitas,0,
8818,Detik.com,@detikcom,abdul ti mahasiswa magang merdeka harus fokus pengembangan skill,0,
8819,Antara News,@antaranews,pemerintah salurkan bantuan bus sekolah kabupaten november,0,
8820,CNBC Indonesia,@cnbcindonesia,sri mulyani realisasi belanja fungsi pendidikan november capai rp triliun,0,
8821,Republika,@republikaonline,efisiensi digitalisasi database guru pangkas jalur birokrasi pensiun,0,
8822,Kompas.com,@kompascom,abdul ti pendidikan karakter dimulai keteladanan seorang guru,0,
8823,Detik.com,@detikcom,audit bpk efisiensi pengadaan alat praktik smk meningkat november,0,
8824,Antara News,@antaranews,kemendikdasmen pangkas laporan spj dana bos aplikasi arkas terpadu,0,
8825,CNBC Indonesia,@cnbcindonesia,sri mulyani dana abadi pendidikan membantu studi ribuan mahasiswa,0,
8826,Republika,@republikaonline,kemendikdasmen hapus kewajiban laporan fisik bulanan guru asn,0,
8827,Kompas.com,@kompascom,kemendikdasmen beri beasiswa anak pejuang kemerdekaan november,0,
8828,Detik.com,@detikcom,abdul ti kolaborasi orang tua guru kunci keberhasilan pendidikan,0,
8829,Antara News,@antaranews,pemerintah salurkan bantuan alat musik tradisional sekolah dasar,0,
8830,CNBC Indonesia,@cnbcindonesia,sri mulyani dana abadi pendidikan mendukung riset teknologi medis,0,
8831,Republika,@republikaonline,efisiensi sistem rapor pangkas biaya cetak kertas provinsi,0,
8832,Kompas.com,@kompascom,abdul ti kesejahteraan guru menjadi indikator keberhasilan pendidikan,0,
8833,Detik.com,@detikcom,audit bpk penyaluran dana pip mencapai ketepatan sasaran,0,
8834,Antara News,@antaranews,kemendiktisaintek mahasiswa mbkm mulai menjalankan proyek akhir magang,0,
8835,CNBC Indonesia,@cnbcindonesia,sri mulyani pastikan dana sertifikasi guru triwulan iv cair tepat,0,
8836,Republika,@republikaonline,efisiensi digitalisasi sertifikasi guru mempercepat proses pencairan dana,0,
8837,Kompas.com,@kompascom,kemendikdasmen sekolah inklusif menjadi prioritas pembangunan nasional,0,
8838,Detik.com,@detikcom,abdul ti kurikulum harus adaptif perkembangan teknologi ai,0,
8839,Antara News,@antaranews,pemerintah salurkan bantuan dana sarpras sekolah dasar november,0,
8840,CNBC Indonesia,@cnbcindonesia,sri mulyani dana abadi pendidikan membantu riset ketahanan energi nasional,0,
8841,Republika,@republikaonline,efisiensi katalog elektronik sektoral hemat anggaran pengadaan alat tik,0,
8842,Kompas.com,@kompascom,abdul ti vokasi berperan penting membangun kemandirian ekonomi,0,
8843,Detik.com,@detikcom,audit bpk efisiensi pengadaan alat praktik smk meningkat november,0,
8844,Antara News,@antaranews,kemendikdasmen luncurkan panduan pencegahan bullying lingkungan sekolah,0,
8845,CNBC Indonesia,@cnbcindonesia,sri mulyani reformasi birokrasi kementerian berhasil hemat dana,0,
8846,Republika,@republikaonline,efisiensi aplikasi srikandi pangkas biaya atk satuan pendidikan,0,
8847,Kompas.com,@kompascom,kemendikdasmen portal akun belajar id diperbarui tingkat keamanannya,0,
8848,Detik.com,@detikcom,abdul ti mahasiswa mbkm harus memiliki daya saing global tinggi,0,
8849,Antara News,@antaranews,pemerintah salurkan paket buku bacaan perpustakaan sekolah desa,0,
8850,CNBC Indonesia,@cnbcindonesia,sri mulyani penyerapan dana pip november proyeksi,0,
8851,Republika,@republikaonline,efisiensi digitalisasi database guru mempercepat verifikasi data pensiun,0,
8852,Kompas.com,@kompascom,kemendikdasmen beri penghargaan sekolah literasi terbaik,0,
8853,Detik.com,@detikcom,abdul ti inovasi pembelajaran guru meningkat fitur pmm,0,
8854,Antara News,@antaranews,pemerintah salurkan bantuan alat laboratorium sma akhir november,0,
8855,CNBC Indonesia,@cnbcindonesia,sri mulyani dana abadi pendidikan mendukung riset teknologi maritim,0,
8856,Republika,@republikaonline,efisiensi digitalisasi laporan keuangan sekolah menghemat dana operasional,0,
8857,Kompas.com,@kompascom,abdul ti rapor pendidikan membantu sekolah menentukan strategi belajar,0,
8858,Detik.com,@detikcom,audit bpk penyaluran dana sertifikasi guru menunjukkan akuntabilitas,0,
8859,Antara News,@antaranews,kemendiktisaintek mahasiswa magang merdeka mulai presentasi laporan akhir,0,
8860,CNBC Indonesia,@cnbcindonesia,sri mulyani dana abadi pendidikan membantu penanganan siswa putus sekolah,0,
8861,Republika,@republikaonline,efisiensi digitalisasi sertifikasi pangkas jalur birokrasi pencairan dana,0,
8862,Kompas.com,@kompascom,kemendikdasmen sekolah wajib mengalokasikan dana bos buku referensi,0,
8863,Detik.com,@detikcom,abdul ti mahasiswa mbkm harus memiliki soft skill problem solving,0,
8864,WhatsApp,Forwarded,link subsidi baju merdeka hari guru kemdikbud klik bit ly baju hgn,1,
8865,Facebook,Viral News,dana bos november dialirkan membeli mobil listrik pejabat daerah,1,
8866,X (Twitter),@LeakIndo,terungkap ribuan ijazah dicetak november menggunakan blangko palsu,1,
8867,TikTok,@vlogger_edu,mulai januari libur hari sabtu resmi dihapus jenjang sekolah,1,
8868,Instagram,@cekfakta_id,video mendikdasmen menyebut guru honorer diganti ai,1,
8869,WhatsApp,Grup Sekolah,biaya administrasi foto kartu pelajar rp ribu harus membayar tunai,1,
8870,Facebook,Info Beasiswa,beasiswa korea jalur november ceria pendaftaran tanpa ijazah asli,1,
8871,X (Twitter),@PolitikNews,dana sertifikasi guru november macet digunakan membayar hutang,1,
8872,TikTok,@news_update,bahaya mencium bau lem kertas terlalu sering dapat merusak saraf otak,1,
8873,Instagram,@faktakita,siswa membeli atribut hari guru koperasi dihukum berat,1,
8874,WhatsApp,Forwarded,link subsidi uang transportasi haornas rp ribu klik bit ly sport,1,
8875,Facebook,Kabar Guru,guru sering share konten politik whatsapp dipecat permanen,1,
8876,X (Twitter),@EduLeaks,dokumen rahasia pemerintah menghapus tunjangan anak istri guru,1,
8877,YouTube,@berita_sekolah,kemendikdasmen resmi hapus mata pelajaran pkn mulai semester,1,
8878,WhatsApp,Grup RT,sekolah mengadakan jalan sehat hari guru didenda rp juta,1,
8879,Facebook,Viral News,dana pendidikan november dipotong biaya operasional ikn,1,
8880,X (Twitter),@LeakIndo,terungkap jutaan tablet bantuan sekolah mengandung software penyadapa,1,
8881,TikTok,@vlogger_edu,mulai desember jam istirahat menit siswa fokus tugas,1,
8882,Instagram,@cekfakta_id,video mendikdasmen menyebut siswa wajib membeli laptop merek mulai januari,1,
8883,WhatsApp,Grup Guru,iuran wajib guru dana hibah pembangunan gedung dinas rp ribu,1,
8884,Facebook,Info Cepat,beasiswa inggris jalur khusus november pendaftaran tanpa paspor asli,1,
8885,X (Twitter),@PolitikUpdate,dana rehab sekolah rp miliar hilang proyek fiktif daerah,1,
8886,TikTok,@news_update,bahaya menggunakan penghapus karet hitam dapat sebabkan iritasi paru,1,
8887,Instagram,@faktakita,mahasiswa kip kuliah wajib menyerahkan dana organisasi kampus,1,
8888,WhatsApp,Forwarded,link subsidi paket sembako guru kemdikbud klik bit ly guru nov,1,
8889,Facebook,Kabar Guru,guru sering mengeluh facebook dicabut sertifikasinya permanen,1,
8890,X (Twitter),@EduLeaks,dokumen rahasia kurikulum merdeka diganti kurikulum ai januari,1,
8891,YouTube,@berita_sekolah,kemendikdasmen resmi hapus seragam putih abu abu mulai tahun,1,
8892,WhatsApp,Grup Sekolah,biaya administrasi pengambilan sertifikat lomba rp ribu harus tunai,1,
8893,Facebook,Viral News,dana pendidikan november dialirkan subsidi minyak goreng kemasan,1,
8894,X (Twitter),@LeakIndo,terungkap dana pengadaan laboratorium sekolah barang rekondisi,1,
8895,TikTok,@vlogger_edu,mulai desember libur hari minggu dihapus mengejar materi ujian,1,
8896,Instagram,@cekfakta_id,video mendikdasmen menyebut siswa wajib membeli kamus digital,1,
8897,WhatsApp,Grup Guru,iuran wajib guru paket parsel farewell pengawas rp ribu,1,
8898,Facebook,Info Beasiswa,beasiswa australia jalur perpisahan sekolah pendaftaran tanpa ijazah,1,
8899,X (Twitter),@PolitikNews,dana sertifikasi guru november macet digunakan membayar hutang,1,
8900,TikTok,@news_update,bahaya menulis pulpen tinta merah dapat sebabkan penyakit kulit,1,
8901,Instagram,@faktakita,siswa membeli kaos haornas koperasi dihukum berat,1,
8902,WhatsApp,Forwarded,link subsidi uang transportasi sekolah rp ribu klik bit ly transport,1,
8903,Facebook,Info Cepat,beasiswa taiwan jalur akhir tahun pendaftaran november tanpa berkas,1,
8904,Kompas.com,@kompascom,kemendikdasmen libur semester ganjil dimulai serentak desember,0,
8905,Detik.com,@detikcom,mendikdasmen abdul ti kenaikan gaji guru asn honorer mulai januari,0,
8906,WhatsApp,Forwarded,link subsidi uang liburan sekolah rp rb kemdikbud klik bit ly libur,1,
8907,Facebook,Viral News,dana bos desember dipotong biaya perayaan malam tahun ikn,1,
8908,X (Twitter),@PolitikUpdate,terungkap anggaran kalender dinding kementerian pendidikan capai rp miliar,1,
8909,TikTok,@news_update,bahaya kembang api tahun mengandung zat merusak daya ingat siswa,1,
8910,Instagram,@fakta_edu,siswa nilai rapornya kkm wajib masuk sekolah selama libur nataru,1,
8911,WhatsApp,Grup RT,beasiswa hadiah tahun presiden tanpa tes klik bit ly presiden,1,
8912,Antara News,@antaranews,kemendikdasmen umumkan hasil akhir pasca sanggah seleksi cpns,0,
8913,CNBC Indonesia,@cnbcindonesia,sri mulyani anggaran pendidikan desember terserap tunjangan profesi guru,0,
8914,Republika,@republikaonline,efisiensi digitalisasi rapor rapor hemat biaya cetak nasional rp miliar,0,
8915,CNN Indonesia,@CNNIndonesia,pemerintah luncurkan program deep learning pengganti kurikulum merdeka,0,
8916,Tempo.co,@tempodotco,kemendikdasmen sekolah dilarang menahan rapor siswa tunggakan iuran,0,
8917,WhatsApp,Grup Guru,link subsidi bonus akhir tahun guru rp juta klik bit ly bonus guru,1,
8918,Facebook,Info Cepat,mulai siswa perlu pakai seragam berpakaian bebas sopan,1,
8919,X (Twitter),@LeakIndo,dana pendidikan desember dialihkan membiayai pesta kembang api nasional,1,
8920,Kompas.com,@kompascom,kemendikdasmen simak aturan pendaftaran snbp siswa sma,0,
8921,Detik.com,@detikcom,audit bpk efisiensi pengadaan alat peraga edukasi siplah meningkat,0,
8922,TikTok,@vlogger_edu,berita buruk ijazah lulusan harus dilegalisir ulang januari besok,1,
8923,Instagram,@stophoax,beasiswa swiss jalur winter intake tanpa syarat toefl khusus desember,1,
8924,WhatsApp,Grup Sekolah,iuran wajib siswa biaya perpisahan kepala sekolah rp rb per orang,1,
8925,Facebook,Kabar Guru,guru mengunduh sertifikat pmm desember diputus kontraknya,1,
8926,X (Twitter),@EduLeaks,dokumen bocor pemerintah menghapus mata pelajaran agama tahun,1,
8927,YouTube,@berita_sekolah,kemendikdasmen resmi kembalikan nem syarat masuk sma tahun,1,
8928,Antara News,@antaranews,kemendiktisaintek mahasiswa lolos program pertukaran mahasiswa merdeka,0,
8929,CNBC Indonesia,@cnbcindonesia,sri mulyani pastikan dana bos reguler cair awal bulan januari,0,
8930,Media Indonesia,@mediaindonesia,mendikdasmen penataan guru honorer selesai semester genap,0,
8931,Liputan6,@liputan6dotcom,kemendikdasmen sekolah dihimbau mengisi liburan kegiatan literasi,0,
8932,Republika,@republikaonline,efisiensi aplikasi arkas mempermudah sekolah menyusun rkas,0,
8933,WhatsApp,Forwarded,link subsidi kuota belajar tahun gb klik bit ly kuota,1,
8934,Facebook,Viral News,dana bos desember macet kas negara kosong membayar bunga hutang,1,
8935,TikTok,@news_update,bahaya sinar laser mainan malam tahun dapat merusak kornea permanen,1,
8936,Kompas.com,@kompascom,kemendikdasmen peringatan hari ibu sekolah wajib mengedepankan edukasi,0,
8937,Detik.com,@detikcom,abdul ti pengenalan ai coding dimulai tingkat sekolah dasar,0,
8938,Antara News,@antaranews,pemerintah salurkan bantuan alat praktik otomotif smk desember,0,
8939,CNBC Indonesia,@cnbcindonesia,sri mulyani realisasi anggaran pendidikan capai pagu,0,
8940,Republika,@republikaonline,efisiensi anggaran digitalisasi pengadaan buku sekolah hemat dana rp miliar,0,
8941,WhatsApp,Grup Guru,iuran wajib guru dana perayaan malam keakraban dinas rp rb,1,
8942,Facebook,Info Beasiswa,beasiswa jepang jalur sakura winter tanpa tes tulis pendaftaran desember,1,
8943,X (Twitter),@PolitikNews,dana pendidikan desember dipotong biaya renovasi istana negara,1,
8944,CNN Indonesia,@CNNIndonesia,mendikdasmen perubahan mendadak terkait kurikulum tengah tahun,0,
8945,Antara News,@antaranews,kemendikdasmen gelar malam anugerah kihajar siswa berbakat tik,0,
8946,Kompas.com,@kompascom,simak cek pengumuman kelulusan pppk guru portal sscasn,0,
8947,Detik.com,@detikcom,abdul ti guru harus menjadi teladan kedisiplinan etika kerja,0,
8948,Antara News,@antaranews,pemerintah salurkan bantuan dana rehab perpustakaan sekolah desember,0,
8949,CNBC Indonesia,@cnbcindonesia,sri mulyani dana abadi pendidikan dukung riset kendaraan listrik nasional,0,
8950,Republika,@republikaonline,efisiensi digitalisasi sertifikat pelatihan pangkas pengurusan pak,0,
8951,WhatsApp,Grup Sekolah,biaya administrasi pengambilan rapor semester ganjil rp rb wajib membayar,1,
8952,Facebook,Kabar Guru,guru upload video pembelajaran desember dapat cairkan tpg,1,
8953,X (Twitter),@LeakIndo,terungkap pengadaan kursi sekolah desember menggunakan kayu ilegal,1,
8954,Kompas.com,@kompascom,kemendikdasmen jadwal libur sekolah mengikuti kalender akademik daerah,0,
8955,Detik.com,@detikcom,nadiem makarim serah menerima jabatan secara simbolis menteri,0,
8956,Antara News,@antaranews,pemerintah bangun ruang kelas wilayah perbatasan desember,0,
8957,CNBC Indonesia,@cnbcindonesia,sri mulyani alokasi pip ditambah jangkau mahasiswa semester akhir,0,
8958,Republika,@republikaonline,efisiensi sistem siplah berhasil menurunkan harga laptop sekolah,0,
8959,LinkedIn,Analis Publik,efisiensi anggaran pendidikan desember sistem pembayaran non tunai,0,
8960,Kompas.com,@kompascom,abdul ti penggunaan dana bosp fokus sarana literasi digital,0,
8961,Detik.com,@detikcom,audit bpk penyaluran dana sertifikasi guru tepat,0,
8962,Antara News,@antaranews,kemendikdasmen beri bantuan tik sekolah dasar akhir desember,0,
8963,CNBC Indonesia,@cnbcindonesia,sri mulyani pastikan anggaran pendidikan tetap terjaga apbn,0,
8964,Media Indonesia,@mediaindonesia,mendikdasmen karakter jujur harus tercermin hasil rapor siswa,0,
8965,Liputan6,@liputan6dotcom,kemendikdasmen sekolah dihimbau gelar pentas seni akhir semester,0,
8966,Republika,@republikaonline,efisiensi katalog elektronik sektoral hemat biaya pengadaan alat musik,0,
8967,Kompas.com,@kompascom,kemendikdasmen peserta cpns mulai persiapkan berkas pemberkasan nip,0,
8968,Detik.com,@detikcom,abdul ti program mbkm diperluas perguruan tinggi swasta,0,
8969,Antara News,@antaranews,pemerintah salurkan bantuan bus sekolah daerah terluar desember,0,
8970,CNBC Indonesia,@cnbcindonesia,sri mulyani realisasi belanja fungsi pendidikan desember capai target,0,
8971,Republika,@republikaonline,efisiensi digitalisasi database guru pangkas biaya administrasi mutasi,0,
8972,Kompas.com,@kompascom,abdul ti kesejahteraan guru kunci kualitas pendidikan nasional,0,
8973,Detik.com,@detikcom,audit bpk efisiensi pengadaan alat praktik smk meningkat,0,
8974,Antara News,@antaranews,kemendikdasmen pangkas birokrasi laporan aplikasi arkas terintegrasi,0,
8975,CNBC Indonesia,@cnbcindonesia,sri mulyani dana abadi pendidikan membantu studi mahasiswa negeri,0,
8976,Republika,@republikaonline,kemendikdasmen hapus kewajiban laporan fisik bulanan guru asn,0,
8977,Kompas.com,@kompascom,kemendikdasmen beri beasiswa siswa berprestasi olimpiade sains,0,
8978,Detik.com,@detikcom,abdul ti kolaborasi guru wali murid penting evaluasi semester,0,
8979,Antara News,@antaranews,pemerintah salurkan bantuan alat olahraga sekolah dasar desember,0,
8980,CNBC Indonesia,@cnbcindonesia,sri mulyani dana abadi pendidikan mendukung riset ketahanan pangan,0,
8981,Republika,@republikaonline,efisiensi sistem rapor pangkas biaya cetak kertas provinsi,0,
8982,Kompas.com,@kompascom,abdul ti penguatan karakter bangsa dimulai lingkungan sekolah,0,
8983,Detik.com,@detikcom,audit bpk penyaluran dana pip mencapai ketepatan sasaran,0,
8984,Antara News,@antaranews,kemendiktisaintek mahasiswa program magang merdeka selesaikan laporan,0,
8985,CNBC Indonesia,@cnbcindonesia,sri mulyani pastikan dana sertifikasi guru triwulan iv cair akhir desember,0,
8986,Republika,@republikaonline,efisiensi digitalisasi sertifikasi guru mempercepat proses pencairan,0,
8987,Kompas.com,@kompascom,kemendikdasmen sekolah inklusif menjadi fokus pembangunan sarana,0,
8988,Detik.com,@detikcom,abdul ti kurikulum harus mampu menjawab tantangan ekonomi digital,0,
8989,Antara News,@antaranews,pemerintah salurkan bantuan dana sarpras sekolah dasar desember,0,
8990,CNBC Indonesia,@cnbcindonesia,sri mulyani dana abadi pendidikan membantu riset teknologi kedokteran,0,
8991,Republika,@republikaonline,efisiensi katalog elektronik sektoral hemat anggaran pengadaan alat tik,0,
8992,Kompas.com,@kompascom,abdul ti vokasi smk berkontribusi besar pengurangan pengangguran,0,
8993,Detik.com,@detikcom,audit bpk efisiensi pengadaan alat praktik smk meningkat desember,0,
8994,Antara News,@antaranews,kemendikdasmen luncurkan panduan liburan aman siswa guru,0,
8995,CNBC Indonesia,@cnbcindonesia,sri mulyani reformasi birokrasi kemendikdasmen hemat dana rp miliar,0,
8996,Republika,@republikaonline,efisiensi aplikasi srikandi pangkas biaya alat tulis kantor sekolah,0,
8997,Kompas.com,@kompascom,kemendikdasmen portal akun belajar id diperbarui keamanan,0,
8998,Detik.com,@detikcom,abdul ti mahasiswa mbkm harus memiliki daya saing pasar kerja,0,
8999,Antara News,@antaranews,pemerintah salurkan buku bacaan perpustakaan desa desember,0,
9000,CNBC Indonesia,@cnbcindonesia,sri mulyani penyerapan dana pip desember estimasi,0,
9001,Republika,@republikaonline,efisiensi digitalisasi database guru mempercepat verifikasi data pensiun,0,
9002,Kompas.com,@kompascom,kemendikdasmen beri penghargaan sekolah literasi terbaik,0,
9003,Detik.com,@detikcom,abdul ti inovasi pembelajaran guru meningkat fitur pmm,0,
9004,Antara News,@antaranews,pemerintah salurkan bantuan alat laboratorium sma akhir desember,0,
9005,CNBC Indonesia,@cnbcindonesia,sri mulyani dana abadi pendidikan dukung studi mahasiswa negeri,0,
9006,Republika,@republikaonline,efisiensi digitalisasi laporan keuangan sekolah menghemat dana operasional,0,
9007,Kompas.com,@kompascom,abdul ti rapor pendidikan membantu sekolah menentukan strategi,0,
9008,Detik.com,@detikcom,audit bpk penyaluran dana sertifikasi guru menunjukkan akuntabilitas,0,
9009,Antara News,@antaranews,kemendiktisaintek mahasiswa magang merdeka mulai presentasi akhir,0,
9010,CNBC Indonesia,@cnbcindonesia,sri mulyani dana abadi pendidikan membantu penanganan siswa putus sekolah,0,
9011,Republika,@republikaonline,efisiensi digitalisasi sertifikasi pangkas jalur birokrasi pencairan dana,0,
9012,WhatsApp,Forwarded,link subsidi uang jajan akhir tahun rp rb klik bit ly jajan,1,
9013,Facebook,Viral News,dana bos desember dialirkan membayar bonus pegawai bank bumn,1,
9014,X (Twitter),@LeakIndo,terungkap ribuan ijazah dicetak desember menggunakan kertas tipis,1,
9015,TikTok,@vlogger_edu,mulai januari libur hari minggu resmi dihapus mengejar materi,1,
9016,Instagram,@cekfakta_id,video mendikdasmen menyebut siswa wajib membeli seragam,1,
9017,WhatsApp,Grup Sekolah,biaya administrasi pengaktifan kartu perpustakaan rp rb harus tunai,1,
9018,Facebook,Info Beasiswa,beasiswa korea jalur winter fun pendaftaran tanpa ijazah asli,1,
9019,X (Twitter),@PolitikNews,dana sertifikasi guru desember macet dipakai membayar bunga hutang,1,
9020,TikTok,@news_update,bahaya membaca buku lampu tidur dapat sebabkan kebutaan,1,
9021,Instagram,@faktakita,siswa ikut study tour akhir tahun ditunda kenaikan kelasnya,1,
9022,WhatsApp,Forwarded,link subsidi paket sembako liburan kemdikbud klik bit ly libur sembako,1,
9023,Facebook,Kabar Guru,guru sering share konten liburan whatsapp dipecat permanen,1,
9024,X (Twitter),@EduLeaks,dokumen rahasia pemerintah menghapus tunjangan hari tua guru,1,
9025,YouTube,@berita_sekolah,kemendikdasmen resmi hapus mata pelajaran seni budaya mulai,1,
9026,WhatsApp,Grup RT,sekolah mengadakan pesta akhir tahun didenda rp juta,1,
9027,Facebook,Viral News,dana pendidikan desember dipotong biaya operasional menteri,1,
9028,X (Twitter),@LeakIndo,terungkap jutaan laptop bantuan sekolah produk china kw,1,
9029,TikTok,@vlogger_edu,mulai februari jam masuk sekolah dimajukan menjadi pukul pagi,1,
9030,Instagram,@cekfakta_id,video mendikdasmen menyebut siswa wajib membayar pajak rapor akhir tahun,1,
9031,WhatsApp,Grup Guru,iuran wajib guru dana hibah pembangunan lapangan parkir dinas,1,
9032,Facebook,Info Cepat,beasiswa inggris jalur natal pendaftaran desember tanpa paspor asli,1,
9033,X (Twitter),@PolitikUpdate,dana rehab sekolah rp miliar hilang investasi bodong pejabat,1,
9034,TikTok,@news_update,bahaya menggunakan stabilo berlebihan dapat merusak syaraf mata siswa,1,
9035,Instagram,@faktakita,mahasiswa kip kuliah wajib menyerahkan dana akhir tahun kampus,1,
9036,WhatsApp,Forwarded,link subsidi uang transportasi mudik rp rb klik bit ly mudik,1,
9037,Facebook,Kabar Guru,guru sering komplain grup whatsapp sekolah dipindah desa,1,
9038,X (Twitter),@EduLeaks,dokumen rahasia kurikulum deep learning mewajibkan siswa membeli gadget,1,
9039,YouTube,@berita_sekolah,kemendikdasmen resmi ganti seragam pramuka menjadi warna hijau lumut,1,
9040,WhatsApp,Grup Sekolah,biaya sertifikat lulusan semester ganjil rp rb harus membayar tunai,1,
9041,Facebook,Viral News,dana pendidikan desember dialirkan subsidi mobil listrik mewah,1,
9042,X (Twitter),@LeakIndo,terungkap dana pengadaan laboratorium komputer barang bekas,1,
9043,TikTok,@vlogger_edu,mulai januari libur hari sabtu resmi dihapus indonesia,1,
9044,Instagram,@cekfakta_id,video mendikdasmen menyebut guru wajib membeli buku panduan rp rb,1,
9045,WhatsApp,Grup Guru,iuran wajib guru paket parsel farewell kepala dinas rp rb,1,
9046,Facebook,Info Beasiswa,beasiswa australia jalur hadiah tahun pendaftaran tanpa ijazah,1,
9047,X (Twitter),@PolitikNews,dana sertifikasi guru desember macet dipakai membayar cicilan pesawat,1,
9048,TikTok,@news_update,bahaya menghirup aroma penghapus terlalu sering dapat merusak paru paru,1,
9049,Instagram,@faktakita,siswa membeli kalender sekolah dihukum disiplin,1,
9050,WhatsApp,Forwarded,link subsidi baju musim dingin mahasiswa klik bit ly winter edu,1,
9051,Facebook,Info Cepat,beasiswa taiwan jalur desember ceria pendaftaran tanpa berkas fisik,1,
9052,X (Twitter),@EduLeaks,dokumen bocor pemerintah mewajibkan siswa membayar iuran kebersihan,1,
9053,YouTube,@berita_sekolah,kemendikdasmen resmi hapus jabatan pengawas sekolah mulai januari,1,
9054,Kompas.com,@kompascom,kemendikdasmen pendaftaran akun snpmb resmi dibuka per januari,0,
9055,Detik.com,@detikcom,mendikdasmen kenaikan gaji guru asn sebesar rp juta mulai masuk rekening,0,
9056,WhatsApp,Forwarded,link subsidi alat tulis semester genap rp rb kemdikbud klik bit ly atk,1,
9057,Facebook,Viral News,dana bos januari dipotong biaya subsidi bbm kendaraan dinas pejabat,1,
9058,X (Twitter),@PolitikUpdate,terungkap anggaran peluncuran kurikulum hotel mewah capai rp miliar,1,
9059,TikTok,@news_update,bahaya tinta printer warna kuning sekolah mengandung gas pemicu kanker,1,
9060,Instagram,@fakta_edu,siswa mengikuti tes iq januari dapat melanjutkan semester,1,
9061,WhatsApp,Grup RT,pendaftaran beasiswa aspirasi januari tanpa seleksi klik bit ly beasiswa jan,1,
9062,Antara News,@antaranews,kemendikdasmen lakukan uji coba kurikulum deep learning sekolah pilot,0,
9063,CNBC Indonesia,@cnbcindonesia,sri mulyani anggaran pendidikan difokuskan program makan siang bergizi,0,
9064,Republika,@republikaonline,efisiensi digitalisasi penyaluran pip tahap tekan biaya admin rp miliar,0,
9065,CNN Indonesia,@CNNIndonesia,abdul ti pengangkatan guru honorer menjadi pppk selesai bertahap tahun,0,
9066,Tempo.co,@tempodotco,kemendikdasmen sekolah dilarang menambah jam belajar tanpa izin dinas,0,
9067,WhatsApp,Grup Guru,link subsidi laptop guru penggerak tahap akhir klik bit ly laptop jan,1,
9068,Facebook,Info Cepat,mulai februari libur hari sabtu resmi dihapus siswa indonesia,1,
9069,X (Twitter),@LeakIndo,dana sertifikasi guru januari dialihkan membeli helikopter operasional ikn,1,
9070,Kompas.com,@kompascom,kemendikdasmen siswa gap year tetap dapat daftar utbk snbt,0,
9071,Detik.com,@detikcom,audit bpk penggunaan aplikasi arkas meningkatkan transparansi dana bos,0,
9072,TikTok,@vlogger_edu,berita buruk tahun seragam sekolah wajib berlogo instansi swasta,1,
9073,Instagram,@stophoax,beasiswa turki jalur winter gold tanpa toefl tanpa seleksi berkas,1,
9074,WhatsApp,Grup Sekolah,iuran wajib siswa biaya pengecatan ruang kelas rp rb per anak,1,
9075,Facebook,Kabar Guru,guru memasang aplikasi januari belajar dipotong gaji pokoknya,1,
9076,X (Twitter),@EduLeaks,dokumen bocor pemerintah mewajibkan siswa membayar sewa kursi meja,1,
9077,YouTube,@berita_sekolah,kemendikdasmen resmi kembalikan sistem ranking nasional jenjang,1,
9078,Antara News,@antaranews,kemendiktisaintek mahasiswa penerima kip kuliah mulai registrasi ulang,0,
9079,CNBC Indonesia,@cnbcindonesia,sri mulyani pastikan penyaluran gaji guru pppk daerah berjalan lancar,0,
9080,Media Indonesia,@mediaindonesia,mendikdasmen platform merdeka mengajar kini mendukung kursus ai gratis,0,
9081,Liputan6,@liputan6dotcom,kemendikdasmen sekolah inklusif mendapat tambahan kuota guru pendamping,0,
9082,Republika,@republikaonline,efisiensi katalog elektronik sektoral pangkas harga buku pelajaran,0,
9083,WhatsApp,Forwarded,link subsidi kredit motor guru bunga kemdikbud klik bit ly motor guru,1,
9084,Facebook,Viral News,dana bos januari macet digunakan membayar hutang proyek kereta cepat,1,
9085,TikTok,@news_update,bahaya radiasi sinyal sekolah dapat menyebabkan rambut siswa rontok,1,
9086,Kompas.com,@kompascom,kemendikdasmen guru wajib perbarui sk berkala dapodik februari,0,
9087,Detik.com,@detikcom,abdul ti pendidikan agama budi pekerti diperkuat kurikulum,0,
9088,Antara News,@antaranews,pemerintah salurkan bantuan alat tik smp wilayah terpencil,0,
9089,CNBC Indonesia,@cnbcindonesia,sri mulyani realisasi belanja fungsi pendidikan januari capai rp triliun,0,
9090,Republika,@republikaonline,efisiensi anggaran audit dana bos menurunkan anggaran fiktif rp miliar,0,
9091,WhatsApp,Grup Guru,iuran wajib guru dana peresmian gedung dinas rp rb per orang,1,
9092,Facebook,Info Beasiswa,beasiswa taiwan jalur new year tanpa tes wawancara pendaftaran januari,1,
9093,X (Twitter),@PolitikNews,dana pendidikan januari dipotong biaya pengamanan pelantikan daerah,1,
9094,CNN Indonesia,@CNNIndonesia,mendikdasmen penghapusan mata pelajaran sejarah kurikulum,0,
9095,Antara News,@antaranews,kemendikdasmen gelar pelatihan coding guru sekolah dasar,0,
9096,Kompas.com,@kompascom,simak jadwal tahapan seleksi masuk ptn jalur snbp,0,
9097,Detik.com,@detikcom,abdul ti kualitas pendidikan ditentukan kompetensi pedagogik guru,0,
9098,Antara News,@antaranews,pemerintah salurkan bantuan dana rehab ruang lab sma januari,0,
9099,CNBC Indonesia,@cnbcindonesia,sri mulyani dana abadi pendidikan membantu riset ketahanan energi terbarukan,0,
9100,Republika,@republikaonline,efisiensi digitalisasi sertifikat pelatihan pangkas jalur birokrasi logistik,0,
9101,WhatsApp,Grup Sekolah,biaya administrasi pengaktifan kartu pelajar digital rp rb harus membayar tunai,1,
9102,Facebook,Kabar Guru,guru menggunakan laptop merk mengajar ditegur dinas,1,
9103,X (Twitter),@LeakIndo,terungkap laptop bantuan kemendikdasmen januari menggunakan os bajakan,1,
9104,Kompas.com,@kompascom,kemendikdasmen sekolah dilarang memungut biaya pendaftaran ulang semester,0,
9105,Detik.com,@detikcom,abdul ti rapor pendidikan membantu sekolah menentukan skala prioritas,0,
9106,Antara News,@antaranews,pemerintah bangun perpustakaan daerah perbatasan januari,0,
9107,CNBC Indonesia,@cnbcindonesia,sri mulyani alokasi pip ditambah mengurangi angka putus sekolah,0,
9108,Republika,@republikaonline,efisiensi sistem siplah berhasil menurunkan harga barang sekolah,0,
9109,LinkedIn,Analis Publik,efisiensi anggaran pendidikan sistem pengadaan barang pintu,0,
9110,Kompas.com,@kompascom,abdul ti penggunaan dana bosp kini luwes operasional eskul,0,
9111,Detik.com,@detikcom,audit bpk penyaluran dana sertifikasi guru menunjukkan peningkatan,0,
9112,Antara News,@antaranews,kemendikdasmen beri beasiswa siswa berprestasi olimpiade sains,0,
9113,CNBC Indonesia,@cnbcindonesia,sri mulyani pastikan dana pendidikan tetap aman perubahan apbn,0,
9114,Media Indonesia,@mediaindonesia,mendikdasmen pendidik harus menjadi teladan etika berkomunikasi,0,
9115,Liputan6,@liputan6dotcom,kemendikdasmen sekolah dihimbau gunakan fasilitas umum olahraga,0,
9116,Republika,@republikaonline,efisiensi katalog elektronik sektoral menghemat biaya alat praktik smk,0,
9117,Kompas.com,@kompascom,kemendikdasmen peserta cpns wajib mengisi drh februari,0,
9118,Detik.com,@detikcom,abdul ti program msib memberikan pengalaman profesional nyata,0,
9119,Antara News,@antaranews,pemerintah salurkan bantuan bus sekolah daerah tertinggal januari,0,
9120,CNBC Indonesia,@cnbcindonesia,sri mulyani realisasi belanja fungsi pendidikan januari proyeksi,0,
9121,Republika,@republikaonline,efisiensi digitalisasi sertifikasi pangkas jalur birokrasi daerah terpencil,0,
9122,Kompas.com,@kompascom,abdul ti pendidikan karakter harus menjadi fondasi utama sekolah,0,
9123,Detik.com,@detikcom,audit bpk efisiensi pengadaan laptop pelajar meningkat tahun,0,
9124,Antara News,@antaranews,kemendikdasmen pangkas birokrasi laporan aplikasi arkas terintegrasi,0,
9125,CNBC Indonesia,@cnbcindonesia,sri mulyani dana abadi pendidikan membantu ribuan mahasiswa kuliah gratis,0,
9126,Republika,@republikaonline,kemendikdasmen hapus kewajiban laporan fisik guru penggerak,0,
9127,Kompas.com,@kompascom,kemendikdasmen beri beasiswa siswa berprestasi olimpiade olahraga,0,
9128,Detik.com,@detikcom,abdul ti transformasi digital pendidikan ri diapresiasi lembaga dunia,0,
9129,Antara News,@antaranews,pemerintah salurkan bantuan alat musik sekolah akhir januari,0,
9130,CNBC Indonesia,@cnbcindonesia,sri mulyani dana abadi pendidikan capai target pertumbuhan investasi,0,
9131,Republika,@republikaonline,efisiensi sistem rapor pangkas biaya distribusi logistik kertas nasional,0,
9132,Kompas.com,@kompascom,abdul ti kesejahteraan guru prioritas utama kebijakan asn,0,
9133,Detik.com,@detikcom,audit bpk penyaluran dana sertifikasi guru akurat transparan,0,
9134,Antara News,@antaranews,kemendiktisaintek mahasiswa program mbkm mulai menjalankan proyek magang,0,
9135,CNBC Indonesia,@cnbcindonesia,sri mulyani pastikan anggaran pendidikan januari terserap gaji pppk,0,
9136,Republika,@republikaonline,efisiensi digitalisasi sertifikat pelatihan guru hemat kertas jutaan lembar,0,
9137,Kompas.com,@kompascom,kemendikdasmen sekolah inklusif wajib menerima siswa berkebutuhan khusus,0,
9138,Detik.com,@detikcom,abdul ti kurikulum terbukti mengurangi beban administrasi guru,0,
9139,Antara News,@antaranews,pemerintah salurkan bantuan dana sarpras sd dasar januari,0,
9140,CNBC Indonesia,@cnbcindonesia,sri mulyani dana abadi pendidikan membantu riset inovasi vaksin nasional,0,
9141,Republika,@republikaonline,efisiensi katalog elektronik sektoral berhasil menghemat anggaran alat tik,0,
9142,Kompas.com,@kompascom,abdul ti vokasi berperan penting hilirisasi industri nasional,0,
9143,Detik.com,@detikcom,audit bpk efisiensi pengadaan alat praktik smk meningkat januari,0,
9144,Antara News,@antaranews,kemendikdasmen luncurkan panduan pencegahan kekerasan seksual sekolah,0,
9145,CNBC Indonesia,@cnbcindonesia,sri mulyani reformasi birokrasi kemendikdasmen berhasil hemat anggaran,0,
9146,Republika,@republikaonline,efisiensi aplikasi srikandi pangkas biaya atk dinas pendidikan,0,
9147,Kompas.com,@kompascom,kemendikdasmen portal akun belajar id diperbarui keamanan,0,
9148,Detik.com,@detikcom,abdul ti mahasiswa mbkm harus memiliki daya saing internasional,0,
9149,Antara News,@antaranews,pemerintah salurkan paket buku cerita perpustakaan desa januari,0,
9150,CNBC Indonesia,@cnbcindonesia,sri mulyani penyerapan dana pip januari proyeksi pemerintah,0,
9151,Republika,@republikaonline,efisiensi digitalisasi database guru pangkas jalur birokrasi pensiun dini,0,
9152,Kompas.com,@kompascom,kemendikdasmen beri penghargaan sekolah literasi terbaik,0,
9153,Detik.com,@detikcom,abdul ti inovasi pembelajaran guru meningkat komunitas belajar,0,
9154,Antara News,@antaranews,pemerintah salurkan bantuan alat laboratorium sma akhir januari,0,
9155,CNBC Indonesia,@cnbcindonesia,sri mulyani dana abadi pendidikan dukung studi mahasiswa negeri,0,
9156,Republika,@republikaonline,efisiensi digitalisasi laporan keuangan sekolah menurunkan biaya kertas,0,
9157,Kompas.com,@kompascom,abdul ti rapor pendidikan membantu orang tua memantau kualitas anak,0,
9158,Detik.com,@detikcom,audit bpk penggunaan dana bosp menunjukkan peningkatan kualitas,0,
9159,Antara News,@antaranews,kemendiktisaintek mahasiswa magang merdeka mulai presentasi proyek akhir,0,
9160,CNBC Indonesia,@cnbcindonesia,sri mulyani dana abadi pendidikan membantu penanganan siswa putus sekolah,0,
9161,Republika,@republikaonline,efisiensi digitalisasi sertifikasi pangkas jalur birokrasi pencairan dana,0,
9162,Kompas.com,@kompascom,kemendikdasmen sekolah wajib mengalokasikan dana bos literasi buku,0,
9163,Detik.com,@detikcom,abdul ti mahasiswa mbkm harus memiliki soft skill problem solving,0,
9164,Antara News,@antaranews,pemerintah beri bantuan dana rehab ruang kelas sd januari,0,
9165,CNBC Indonesia,@cnbcindonesia,sri mulyani dana abadi kebudayaan digunakan inovasi seni desa,0,
9166,Republika,@republikaonline,efisiensi sistem audit berhasil mempercepat verifikasi anggaran sekolah,0,
9167,Kompas.com,@kompascom,abdul ti penggunaan dana bosp kini fleksibel guru honorer,0,
9168,WhatsApp,Forwarded,link subsidi uang seragam rp rb klik bit ly baju,1,
9169,Facebook,Viral News,dana bos januari dialokasikan membeli mobil dinas camat se indonesia,1,
9170,X (Twitter),@LeakIndo,terungkap jutaan ijazah dicetak januari menggunakan blangko,1,
9171,TikTok,@vlogger_edu,mulai februari libur hari minggu resmi dihapus indonesia,1,
9172,Instagram,@cekfakta_id,video mendikdasmen menyebut guru honorer diganti ai maret,1,
9173,WhatsApp,Grup Sekolah,biaya administrasi kartu kantin digital rp rb wajib membayar tunai januari,1,
9174,Facebook,Info Beasiswa,beasiswa jepang jalur januari ceria pendaftaran tanpa sertifikat jlpt,1,
9175,X (Twitter),@PolitikNews,dana sertifikasi guru januari macet digunakan membayar hutang negara,1,
9176,TikTok,@news_update,bahaya mencium aroma kertas buku dapat sebabkan kanker paru paru,1,
9177,Instagram,@faktakita,siswa membeli kalender sekolah didenda rp rb,1,
9178,WhatsApp,Forwarded,link subsidi uang transportasi snbp rp rb klik bit ly snbp trans,1,
9179,Facebook,Kabar Guru,guru upload video tiktok edukasi dipotong tpp,1,
9180,X (Twitter),@EduLeaks,dokumen rahasia pemerintah menghapus tunjangan anak istri guru,1,
9181,YouTube,@berita_sekolah,kemendikdasmen resmi hapus mata pelajaran pkn mulai semester genap,1,
9182,WhatsApp,Grup RT,sekolah mengadakan jalan sehat januari didenda rp juta,1,
9183,Facebook,Viral News,dana pendidikan januari dipotong biaya operasional menteri,1,
9184,X (Twitter),@LeakIndo,terungkap jutaan tablet bantuan sekolah mengandung spyware,1,
9185,TikTok,@vlogger_edu,mulai maret jam istirahat menit siswa fokus materi un,1,
9186,Instagram,@cekfakta_id,video mendikdasmen menyebut siswa wajib membeli laptop merek januari,1,
9187,WhatsApp,Grup Guru,iuran wajib guru dana hibah pembangunan gedung dinas rp rb,1,
9188,Facebook,Info Cepat,beasiswa inggris jalur khusus januari pendaftaran tanpa paspor asli,1,
9189,X (Twitter),@PolitikUpdate,dana rehab sekolah rp miliar hilang proyek fiktif daerah,1,
9190,TikTok,@news_update,bahaya menggunakan penghapus cair tip ex dapat sebabkan iritasi otak,1,
9191,Instagram,@faktakita,mahasiswa kip kuliah wajib menyerahkan dana organisasi kampus,1,
9192,WhatsApp,Forwarded,link subsidi paket sembako guru kemdikbud klik bit ly guru jan,1,
9193,Facebook,Kabar Guru,guru sering mengeluh facebook dicabut sertifikasinya permanen,1,
9194,X (Twitter),@EduLeaks,dokumen rahasia kurikulum deep learning mewajibkan siswa membeli gadget,1,
9195,YouTube,@berita_sekolah,kemendikdasmen resmi ganti seragam putih abu abu mulai semester genap,1,
9196,WhatsApp,Grup Sekolah,biaya administrasi pengambilan sertifikat lomba rp rb harus tunai,1,
9197,Facebook,Viral News,dana pendidikan januari dialirkan subsidi minyak goreng kemasan,1,
9198,X (Twitter),@LeakIndo,terungkap dana pengadaan lab komputer sekolah barang rekondisi,1,
9199,TikTok,@vlogger_edu,mulai maret libur hari minggu dihapus mengejar ketertinggalan un,1,
9200,Instagram,@cekfakta_id,video mendikdasmen menyebut siswa wajib membeli kamus digital,1,
9201,WhatsApp,Grup Guru,iuran wajib guru paket parsel farewell pejabat dinas rp rb,1,
9202,Facebook,Info Beasiswa,beasiswa australia jalur tahun pendaftaran tanpa ijazah asli,1,
9203,YouTube,@berita_sekolah,kemendikdasmen resmi hapus jabatan pengawas sekolah mulai januari,1,
9204,Kompas.com,@kompascom,kemendikdasmen pendaftaran snbp resmi dibuka mulai februari,0,
9205,Detik.com,@detikcom,mendikdasmen abdul ti sekolah pilot deep learning mulai evaluasi tahap,0,
9206,WhatsApp,Forwarded,link subsidi uang saku snbp rp rb kemdikbud klik bit ly saku snbp,1,
9207,Facebook,Viral News,dana bos februari dipotong biaya perbaikan stadion nasional jakarta,1,
9208,X (Twitter),@PolitikUpdate,terungkap anggaran seminar kurikulum negeri capai rp miliar,1,
9209,TikTok,@news_update,bahaya penggunaan tablet bantuan sekolah dapat menyebabkan radiasi kulit,1,
9210,Instagram,@fakta_edu,siswa lolos snbp otomatis dapat ikut seleksi jalur mandiri,1,
9211,WhatsApp,Grup RT,beasiswa memberi sayang februari tanpa tes klik bit ly feb beasiswa,1,
9212,Antara News,@antaranews,kemendikdasmen kuota snbp tiap sekolah ditentukan akreditasi,0,
9213,CNBC Indonesia,@cnbcindonesia,sri mulyani dana abadi pendidikan dukung transformasi vokasi smk,0,
9214,Republika,@republikaonline,efisiensi digitalisasi sertifikasi guru pangkas verifikasi hari kerja,0,
9215,CNN Indonesia,@CNNIndonesia,pemerintah siapkan skema gaji guru pppk alokasi dana alokasi khusus,0,
9216,Tempo.co,@tempodotco,kemendikdasmen pastikan biaya pendaftaran jalur snbp,0,
9217,WhatsApp,Grup Guru,link subsidi bantuan laptop spesifikasi coding klik bit ly laptop coding,1,
9218,Facebook,Info Cepat,mulai maret jam masuk sekolah nasional dimajukan menjadi pukul pagi,1,
9219,X (Twitter),@LeakIndo,dana pendidikan februari dialihkan membiayai proyek bendungan fiktif,1,
9220,Kompas.com,@kompascom,kemendikdasmen siswa wajib simpan permanen akun snpmb daftar snbp,0,
9221,Detik.com,@detikcom,audit bpk efisiensi pengadaan alat peraga smk siplah capai,0,
9222,TikTok,@vlogger_edu,berita buruk kurikulum deep learning mewajibkan siswa membayar iuran lab ai,1,
9223,Instagram,@stophoax,beasiswa spanyol jalur matador tanpa syarat bahasa pendaftaran februari,1,
9224,WhatsApp,Grup Sekolah,iuran wajib siswa biaya perawatan taman sekolah rp rb per semester,1,
9225,Facebook,Kabar Guru,guru aktif komunitas belajar pmm dicabut tunjangannya,1,
9226,X (Twitter),@EduLeaks,dokumen bocor pemerintah menghapus mata pelajaran olahraga,1,
9227,YouTube,@berita_sekolah,kemendikdasmen resmi wajibkan siswa sma pakai dasi berwarna jurusan,1,
9228,Antara News,@antaranews,kemendiktisaintek mahasiswa on going kip kuliah mulai menerima dana ukt,0,
9229,CNBC Indonesia,@cnbcindonesia,sri mulyani pastikan dana bos tahap cair sekolah akhir februari,0,
9230,Media Indonesia,@mediaindonesia,mendikdasmen guru harus mampu mengintegrasikan nilai karakter mapel,0,
9231,Liputan6,@liputan6dotcom,kemendikdasmen pendaftaran kip kuliah dibuka berbarengan jalur snbp,0,
9232,Republika,@republikaonline,efisiensi digitalisasi database siswa percepat penyaluran pip,0,
9233,WhatsApp,Forwarded,link subsidi paket buku coding gratis kemdikbud klik bit ly buku code,1,
9234,Facebook,Viral News,dana pendidikan februari macet digunakan subsidi perusahaan listrik,1,
9235,TikTok,@news_update,bahaya memakai earphone belajar dapat mengurangi kecerdasan iq siswa,1,
9236,Kompas.com,@kompascom,kemendikdasmen guru penggerak diprioritaskan menjadi kepala sekolah pengawas,0,
9237,Detik.com,@detikcom,abdul ti literasi dasar menjadi fokus ujian formatif kurikulum,0,
9238,Antara News,@antaranews,pemerintah salurkan bantuan alat praktik mesin smk februari,0,
9239,CNBC Indonesia,@cnbcindonesia,sri mulyani belanja pendidikan februari difokuskan sarana prasarana,0,
9240,Republika,@republikaonline,efisiensi anggaran katalog sektoral turunkan biaya pengadaan kursi sekolah,0,
9241,WhatsApp,Grup Guru,iuran wajib guru dana renovasi aula kantor dinas rp rb per orang,1,
9242,Facebook,Info Beasiswa,beasiswa thailand jalur februari emas pendaftaran tanpa berkas fisik,1,
9243,X (Twitter),@PolitikNews,dana bos februari dipotong biaya operasional pejabat daerah,1,
9244,CNN Indonesia,@CNNIndonesia,mendikdasmen kurikulum menitikberatkan kedalaman materi deep learning,0,
9245,Antara News,@antaranews,kemendikdasmen gelar kompetisi debat siswa nasional kdsn februari,0,
9246,Kompas.com,@kompascom,simak aturan pemilihan program studi jalur snbp,0,
9247,Detik.com,@detikcom,abdul ti sertifikasi guru menjadi instrumen peningkatan mutu mengajar,0,
9248,Antara News,@antaranews,pemerintah salurkan bantuan dana rehab ruang guru sekolah dasar,0,
9249,CNBC Indonesia,@cnbcindonesia,sri mulyani dana abadi kebudayaan meningkat menjadi rp triliun,0,
9250,Republika,@republikaonline,efisiensi digitalisasi sertifikat pendidik hemat biaya pengiriman logistik,0,
9251,WhatsApp,Grup Sekolah,biaya administrasi pengaktifan akun perpustakaan digital rp rb tunai,1,
9252,Facebook,Kabar Guru,guru sering absen forum diskusi online dipotong tunjangannya,1,
9253,X (Twitter),@LeakIndo,terungkap pengadaan alat musik sekolah februari menggunakan produk bekas,1,
9254,Kompas.com,@kompascom,kemendikdasmen sekolah wajib mengunggah pdss tepat snbp,0,
9255,Detik.com,@detikcom,abdul ti kampus mengajar angkatan fokus penguatan numerasi sd,0,
9256,Antara News,@antaranews,pemerintah bangun ruang praktik smk kelautan februari,0,
9257,CNBC Indonesia,@cnbcindonesia,sri mulyani penyerapan anggaran pendidikan februari mencapai target,0,
9258,Republika,@republikaonline,efisiensi sistem siplah berhasil menurunkan harga alat laboratorium ipa,0,
9259,LinkedIn,Analis Publik,efisiensi anggaran pendidikan validasi data dapodik akurat,0,
9260,Kompas.com,@kompascom,abdul ti dana bosp kini dapat digunakan pembelian perangkat ai,0,
9261,Detik.com,@detikcom,audit bpk penyaluran dana sertifikasi guru berjalan regulasi,0,
9262,Antara News,@antaranews,kemendikdasmen beri beasiswa siswa pemenang lomba seni internasional,0,
9263,CNBC Indonesia,@cnbcindonesia,sri mulyani pastikan alokasi dana pendidikan terganggu pilkada,0,
9264,Media Indonesia,@mediaindonesia,mendikdasmen kedisiplinan siswa dimulai konsistensi aturan sekolah,0,
9265,Liputan6,@liputan6dotcom,kemendikdasmen sekolah dihimbau merayakan hari gizi makan sehat,0,
9266,Republika,@republikaonline,efisiensi katalog elektronik sektoral hemat anggaran buku referensi smk,0,
9267,Kompas.com,@kompascom,kemendikdasmen peserta snbp wajib memiliki prestasi akademik non akademik,0,
9268,Detik.com,@detikcom,abdul ti program mbkm memberikan dampak positif kesiapan kerja,0,
9269,Antara News,@antaranews,pemerintah salurkan bantuan alat olahraga sekolah menengah,0,
9270,CNBC Indonesia,@cnbcindonesia,sri mulyani realisasi belanja fungsi pendidikan februari capai rp triliun,0,
9271,Republika,@republikaonline,efisiensi digitalisasi sertifikasi pangkas birokrasi provinsi,0,
9272,Kompas.com,@kompascom,abdul ti pendidikan karakter harus diintegrasikan mapel,0,
9273,Detik.com,@detikcom,audit bpk efisiensi pengadaan tablet siswa meningkat awal,0,
9274,Antara News,@antaranews,kemendikdasmen pangkas birokrasi laporan aplikasi arkas terintegrasi,0,
9275,CNBC Indonesia,@cnbcindonesia,sri mulyani dana abadi pendidikan membantu ribuan mahasiswa mampu,0,
9276,Republika,@republikaonline,kemendikdasmen hapus kewajiban laporan fisik bulanan guru asn,0,
9277,Kompas.com,@kompascom,kemendikdasmen beri beasiswa siswa berprestasi bidang seni budaya,0,
9278,Detik.com,@detikcom,abdul ti kolaborasi guru wali murid penting evaluasi belajar,0,
9279,Antara News,@antaranews,pemerintah salurkan bantuan alat musik tradisional sekolah dasar,0,
9280,CNBC Indonesia,@cnbcindonesia,sri mulyani dana abadi pendidikan fokus riset teknologi hijau,0,
9281,Republika,@republikaonline,efisiensi sistem rapor pangkas biaya cetak kertas nasional rp miliar,0,
9282,Kompas.com,@kompascom,abdul ti kesejahteraan guru indikator keberhasilan pendidikan,0,
9283,Detik.com,@detikcom,audit bpk penyaluran dana pip mencapai ketepatan sasaran,0,
9284,Antara News,@antaranews,kemendiktisaintek mahasiswa program mbkm mulai menjalankan proyek magang,0,
9285,CNBC Indonesia,@cnbcindonesia,sri mulyani pastikan dana sertifikasi guru triwulan cair tepat,0,
9286,Republika,@republikaonline,efisiensi digitalisasi sertifikasi guru mempercepat proses pencairan dana,0,
9287,Kompas.com,@kompascom,kemendikdasmen sekolah inklusif menjadi prioritas pembangunan nasional,0,
9288,Detik.com,@detikcom,abdul ti kurikulum terbukti mengurangi beban administrasi guru,0,
9289,Antara News,@antaranews,pemerintah salurkan bantuan dana sarpras sd dasar februari,0,
9290,CNBC Indonesia,@cnbcindonesia,sri mulyani dana abadi pendidikan membantu riset inovasi vaksin nasional,0,
9291,Republika,@republikaonline,efisiensi katalog elektronik sektoral berhasil menghemat anggaran alat tik,0,
9292,Kompas.com,@kompascom,abdul ti vokasi berperan penting hilirisasi industri nasional,0,
9293,Detik.com,@detikcom,audit bpk efisiensi pengadaan alat praktik smk meningkat februari,0,
9294,Antara News,@antaranews,kemendikdasmen luncurkan panduan pencegahan kekerasan seksual sekolah,0,
9295,CNBC Indonesia,@cnbcindonesia,sri mulyani reformasi birokrasi kemendikdasmen berhasil hemat anggaran,0,
9296,Republika,@republikaonline,efisiensi aplikasi srikandi pangkas biaya atk dinas pendidikan,0,
9297,Kompas.com,@kompascom,kemendikdasmen portal akun belajar id diperbarui keamanan,0,
9298,Detik.com,@detikcom,abdul ti mahasiswa mbkm harus memiliki daya saing internasional,0,
9299,Antara News,@antaranews,pemerintah salurkan paket buku cerita perpustakaan desa februari,0,
9300,CNBC Indonesia,@cnbcindonesia,sri mulyani penyerapan dana pip februari proyeksi pemerintah,0,
9301,Republika,@republikaonline,efisiensi digitalisasi database guru pangkas jalur birokrasi pensiun dini,0,
9302,Kompas.com,@kompascom,kemendikdasmen beri penghargaan sekolah literasi terbaik,0,
9303,Detik.com,@detikcom,abdul ti inovasi pembelajaran guru meningkat komunitas belajar,0,
9304,Antara News,@antaranews,pemerintah salurkan bantuan alat laboratorium sma akhir februari,0,
9305,CNBC Indonesia,@cnbcindonesia,sri mulyani dana abadi pendidikan dukung studi mahasiswa negeri,0,
9306,Republika,@republikaonline,efisiensi digitalisasi laporan keuangan sekolah menurunkan biaya kertas,0,
9307,Kompas.com,@kompascom,abdul ti rapor pendidikan membantu orang tua memantau kualitas anak,0,
9308,Detik.com,@detikcom,audit bpk penggunaan dana bosp menunjukkan peningkatan kualitas,0,
9309,Antara News,@antaranews,kemendiktisaintek mahasiswa magang merdeka mulai presentasi proyek akhir,0,
9310,CNBC Indonesia,@cnbcindonesia,sri mulyani dana abadi pendidikan membantu penanganan siswa putus sekolah,0,
9311,Republika,@republikaonline,efisiensi digitalisasi sertifikasi pangkas jalur birokrasi pencairan dana,0,
9312,Kompas.com,@kompascom,kemendikdasmen sekolah wajib mengalokasikan dana bos literasi buku,0,
9313,Detik.com,@detikcom,abdul ti mahasiswa mbkm harus memiliki soft skill problem solving,0,
9314,Antara News,@antaranews,pemerintah beri bantuan dana rehab ruang kelas sd februari,0,
9315,CNBC Indonesia,@cnbcindonesia,sri mulyani dana abadi kebudayaan digunakan inovasi seni desa,0,
9316,Republika,@republikaonline,efisiensi sistem audit berhasil mempercepat verifikasi anggaran sekolah,0,
9317,Kompas.com,@kompascom,abdul ti penggunaan dana bosp kini fleksibel guru honorer,0,
9318,Detik.com,@detikcom,kemendikdasmen link pendaftaran snbp portal resmi snpmb,0,
9319,WhatsApp,Forwarded,link subsidi uang pulsa belajar snbp gb klik bit ly pulsa snbp,1,
9320,Facebook,Viral News,dana bos februari dialirkan subsidi pembelian kendaraan listrik dinas,1,
9321,X (Twitter),@LeakIndo,terungkap jutaan blangko ijazah dicetak februari menggunakan kertas kw,1,
9322,TikTok,@vlogger_edu,mulai maret libur hari sabtu resmi dihapus mengejar ketertinggalan kurikulum,1,
9323,Instagram,@cekfakta_id,video mendikdasmen menyebut guru honorer diganti robot ai,1,
9324,WhatsApp,Grup Sekolah,biaya administrasi kartu pelajar rfid rp rb harus membayar tunai,1,
9325,Facebook,Info Beasiswa,beasiswa korea jalur februari hangul pendaftaran tanpa ijazah asli,1,
9326,X (Twitter),@PolitikNews,dana sertifikasi guru februari macet digunakan membayar hutang negara,1,
9327,TikTok,@news_update,bahaya membaca buku tablet terlalu lama dapat merusak saraf penglihatan,1,
9328,Instagram,@faktakita,siswa membeli majalah sekolah februari didenda rp rb,1,
9329,WhatsApp,Forwarded,link subsidi uang transportasi seleksi ptn rp rb klik bit ly trans ptn,1,
9330,Facebook,Kabar Guru,guru memposting video mengajar tiktok dipotong tpp,1,
9331,X (Twitter),@EduLeaks,dokumen rahasia pemerintah menghapus tunjangan keluarga guru asn,1,
9332,YouTube,@berita_sekolah,kemendikdasmen resmi hapus mata pelajaran bahasa inggris mulai semester,1,
9333,WhatsApp,Grup RT,sekolah mengadakan kerja bakti februari didenda rp juta,1,
9334,Facebook,Viral News,dana pendidikan februari dipotong biaya renovasi kantor dinas,1,
9335,X (Twitter),@LeakIndo,terungkap jutaan tablet bantuan sekolah mengandung perangkat penyadapa,1,
9336,TikTok,@vlogger_edu,mulai april jam istirahat menit siswa fokus materi ujian,1,
9337,Instagram,@cekfakta_id,video mendikdasmen menyebut siswa wajib membeli gadget merek februari,1,
9338,WhatsApp,Grup Guru,iuran wajib guru dana hibah pembangunan lapangan tenis dinas rp rb,1,
9339,Facebook,Info Cepat,beasiswa inggris jalur khusus februari pendaftaran tanpa paspor asli,1,
9340,X (Twitter),@PolitikUpdate,dana rehab perpustakaan rp miliar hilang proyek fiktif daerah,1,
9341,TikTok,@news_update,bahaya menggunakan penghapus beraroma buah dapat sebabkan gangguan pernapasan,1,
9342,Instagram,@faktakita,mahasiswa kip kuliah wajib menyerahkan dana organisasi kemahasiswaan,1,
9343,WhatsApp,Forwarded,link subsidi paket sembako guru februari kemdikbud klik bit ly sembako,1,
9344,Facebook,Kabar Guru,guru sering komplain media sosial dicabut sertifikasinya permanen,1,
9345,X (Twitter),@EduLeaks,dokumen rahasia kurikulum deep learning mewajibkan siswa membayar biaya lisensi,1,
9346,YouTube,@berita_sekolah,kemendikdasmen resmi ganti warna seragam pramuka menjadi cokelat muda polos,1,
9347,WhatsApp,Grup Sekolah,biaya administrasi pengambilan piagam lomba rp rb harus membayar tunai,1,
9348,Facebook,Viral News,dana pendidikan februari dialirkan subsidi minyak goreng kemasan pejabat,1,
9349,X (Twitter),@LeakIndo,terungkap dana pengadaan laboratorium bahasa menggunakan alat bekas,1,
9350,TikTok,@vlogger_edu,mulai maret libur hari minggu dihapus mengejar materi kurikulum,1,
9351,Instagram,@cekfakta_id,video mendikdasmen menyebut siswa wajib membeli modul digital,1,
9352,WhatsApp,Grup Guru,iuran wajib guru paket parsel farewell pejabat pengawas rp rb,1,
9353,YouTube,@berita_sekolah,kemendikdasmen resmi hapus jabatan kepala laboratorium sekolah mulai maret,1,
9354,Kompas.com,@kompascom,kemendikdasmen hasil seleksi snbp diumumkan maret,0,
9355,Detik.com,@detikcom,mendikdasmen libur awal puasa ramadan sekolah selama hari,0,
9356,WhatsApp,Forwarded,link subsidi bantuan sembako ramadan guru klik bit ly sembako ramadan,1,
9357,Facebook,Viral News,dana bos maret dialihkan membiayai festival kuliner internasional ikn,1,
9358,X (Twitter),@PolitikUpdate,terungkap biaya pencetakan modul kurikulum negeri rp miliar,1,
9359,TikTok,@news_update,bahaya radiasi layar proyektor sekolah jenis menyebabkan kebutaan dini,1,
9360,Instagram,@fakta_edu,siswa lulus snbp dilarang mendaftar utbk snbt tahun,1,
9361,WhatsApp,Grup RT,beasiswa pahala ramadan tanpa seleksi berkas klik bit ly berkah maret,1,
9362,Antara News,@antaranews,kemendikdasmen pendaftaran utbk snbt resmi dibuka akhir maret,0,
9363,CNBC Indonesia,@cnbcindonesia,sri mulyani dana abadi pendidikan membantu biaya hidup mahasiswa kip kuliah,0,
9364,Republika,@republikaonline,efisiensi sistem pengadaan digital siplah hemat anggaran sekolah rp miliar,0,
9365,CNN Indonesia,@CNNIndonesia,abdul ti program pesantren kilat sekolah harus mengedepankan toleransi,0,
9366,Tempo.co,@tempodotco,kemendikdasmen terbitkan aturan batas minimal sumbangan sukarela komite,0,
9367,WhatsApp,Grup Guru,link subsidi tunjangan hari raya thr guru honorer klik bit ly thr honor,1,
9368,Facebook,Info Cepat,mulai april siswa wajib menggunakan tablet buku cetak resmi dihapus,1,
9369,X (Twitter),@LeakIndo,dana sertifikasi maret dipotong biaya keamanan pilkada susulan,1,
9370,Kompas.com,@kompascom,kemendikdasmen ketentuan pemilihan prodi utbk snbt,0,
9371,Detik.com,@detikcom,audit bpk penggunaan aplikasi arkas menurunkan potensi pungli sekolah,0,
9372,TikTok,@vlogger_edu,berita buruk pengumuman snbp diundur mei kendala teknis server,1,
9373,Instagram,@stophoax,beasiswa arab saudi jalur ibadah maret tanpa syarat sertifikat bahasa,1,
9374,WhatsApp,Grup Sekolah,iuran wajib siswa buka puasa guru rp rb per siswa,1,
9375,Facebook,Kabar Guru,guru mengisi jurnal ramadan pmm ditunda kenaikan pangkatnya,1,
9376,X (Twitter),@EduLeaks,dokumen bocor pemerintah mewajibkan siswa membayar lisensi software belajar,1,
9377,YouTube,@berita_sekolah,kemendikdasmen resmi ganti sistem kelulusan sma menjadi berbasis portofolio,1,
9378,Antara News,@antaranews,kemendiktisaintek registrasi akun snpmb tahap ii segera ditutup maret,0,
9379,CNBC Indonesia,@cnbcindonesia,sri mulyani pastikan pencairan pip tahap berlangsung akhir maret,0,
9380,Media Indonesia,@mediaindonesia,mendikdasmen evaluasi kurikulum deep learning dilakukan semester,0,
9381,Liputan6,@liputan6dotcom,kemendikdasmen sekolah dilarang mewajibkan pembelian atribut ramadan,0,
9382,Republika,@republikaonline,efisiensi digitalisasi database guru pangkas biaya operasional dinas,0,
9383,WhatsApp,Forwarded,link subsidi uang pulsa ramadan gb kemdikbud klik bit ly pulsa maret,1,
9384,Facebook,Viral News,dana bos maret terlambat cair digunakan subsidi tiket mudik,1,
9385,TikTok,@news_update,bahaya parfum mobil bus jemputan sekolah mengandung zat pembius,1,
9386,Kompas.com,@kompascom,kemendikdasmen guru wajib verifikasi nuptk dapodik maret,0,
9387,Detik.com,@detikcom,abdul ti sekolah inklusif mendapatkan prioritas bantuan sarpras,0,
9388,Antara News,@antaranews,pemerintah salurkan bantuan alat praktik robotik smk maret,0,
9389,CNBC Indonesia,@cnbcindonesia,sri mulyani realisasi belanja fungsi pendidikan maret capai rp triliun,0,
9390,Republika,@republikaonline,efisiensi anggaran katalog elektronik sektoral hemat dana sekolah,0,
9391,WhatsApp,Grup Guru,iuran wajib guru dana bingkisan parcel kepala dinas rp rb,1,
9392,Facebook,Info Beasiswa,beasiswa jerman jalur spring intake pendaftaran maret tanpa ijazah,1,
9393,X (Twitter),@PolitikNews,dana pendidikan maret dipotong biaya kampanye calon gubernur,1,
9394,CNN Indonesia,@CNNIndonesia,mendikdasmen porsi pembelajaran praktikum smk ditingkatkan,0,
9395,Antara News,@antaranews,kemendikdasmen gelar festival literasi siswa nasional flsn maret,0,
9396,Kompas.com,@kompascom,panduan lengkap sanggah hasil kuota sekolah jalur snbp,0,
9397,Detik.com,@detikcom,abdul ti kedisiplinan guru mengisi pmm berpengaruh akreditasi,0,
9398,Antara News,@antaranews,pemerintah salurkan bantuan dana rehab perpustakaan sd maret,0,
9399,CNBC Indonesia,@cnbcindonesia,sri mulyani dana abadi pendidikan mendukung riset ketahanan energi,0,
9400,Republika,@republikaonline,efisiensi digitalisasi sertifikasi mempermudah proses kenaikan pangkat guru,0,
9401,WhatsApp,Grup Sekolah,biaya administrasi pengambilan ujian semester rp rb membayar tunai,1,
9402,Facebook,Kabar Guru,guru sering mengunggah foto makanan puasa medsos disanksi,1,
9403,X (Twitter),@LeakIndo,terungkap pengadaan kursi sekolah maret menggunakan bahan plastik daur ulang,1,
9404,Kompas.com,@kompascom,kemendikdasmen pendaftaran ppg guru tertentu tahap resmi dibuka,0,
9405,Detik.com,@detikcom,abdul ti karakter jujur harus menjadi fokus penilaian rapor semester,0,
9406,Antara News,@antaranews,pemerintah bangun ruang kelas wilayah terpencil maret,0,
9407,CNBC Indonesia,@cnbcindonesia,sri mulyani alokasi dana pendidikan diarahkan kualitas sdm,0,
9408,Republika,@republikaonline,efisiensi sistem siplah berhasil menurunkan harga laptop sekolah,0,
9409,LinkedIn,Analis Publik,tantangan efisiensi anggaran pendidikan tengah transisi kurikulum,0,
9410,Kompas.com,@kompascom,kemendikdasmen penggunaan dana bosp gaji honorer maksimal,0,
9411,Detik.com,@detikcom,audit bpk penyaluran dana sertifikasi guru triwulan menunjukkan tren positif,0,
9412,Antara News,@antaranews,kemendikdasmen beri penghargaan guru inspiratif bulan maret,0,
9413,CNBC Indonesia,@cnbcindonesia,sri mulyani pastikan anggaran pendidikan tetap stabil kuartal,0,
9414,Media Indonesia,@mediaindonesia,mendikdasmen pembelajaran matematika sd harus menyenangkan logis,0,
9415,Liputan6,@liputan6dotcom,kemendikdasmen sekolah dihimbau gelar bakti sosial selama bulan ramadan,0,
9416,Republika,@republikaonline,efisiensi katalog elektronik sektoral hemat biaya pengadaan buku paket,0,
9417,Kompas.com,@kompascom,kemendikdasmen peserta utbk snbt wajib membawa kartu ujian identitas,0,
9418,Detik.com,@detikcom,abdul ti mahasiswa magang merdeka harus fokus pengembangan soft skill,0,
9419,Antara News,@antaranews,pemerintah salurkan bantuan bus sekolah kabupaten maret,0,
9420,CNBC Indonesia,@cnbcindonesia,sri mulyani realisasi belanja fungsi pendidikan maret capai rp triliun,0,
9421,Republika,@republikaonline,efisiensi digitalisasi database guru pangkas jalur birokrasi pensiun,0,
9422,Kompas.com,@kompascom,abdul ti pendidikan karakter dimulai keteladanan seorang guru,0,
9423,Detik.com,@detikcom,audit bpk efisiensi pengadaan alat praktik smk meningkat maret,0,
9424,Antara News,@antaranews,kemendikdasmen pangkas laporan spj dana bos aplikasi arkas terpadu,0,
9425,CNBC Indonesia,@cnbcindonesia,sri mulyani dana abadi pendidikan membantu studi ribuan mahasiswa,0,
9426,Republika,@republikaonline,kemendikdasmen hapus kewajiban laporan fisik bulanan guru asn,0,
9427,Kompas.com,@kompascom,kemendikdasmen beri beasiswa anak pejuang kemerdekaan maret,0,
9428,Detik.com,@detikcom,abdul ti kolaborasi orang tua guru kunci keberhasilan pendidikan,0,
9429,Antara News,@antaranews,pemerintah salurkan bantuan alat musik tradisional sekolah dasar,0,
9430,CNBC Indonesia,@cnbcindonesia,sri mulyani dana abadi pendidikan mendukung riset teknologi medis,0,
9431,Republika,@republikaonline,efisiensi sistem rapor pangkas biaya cetak kertas provinsi,0,
9432,Kompas.com,@kompascom,abdul ti kesejahteraan guru menjadi indikator keberhasilan pendidikan,0,
9433,Detik.com,@detikcom,audit bpk penyaluran dana pip mencapai ketepatan sasaran,0,
9434,Antara News,@antaranews,kemendiktisaintek mahasiswa mbkm mulai menjalankan proyek akhir magang,0,
9435,CNBC Indonesia,@cnbcindonesia,sri mulyani pastikan dana sertifikasi guru triwulan cair tepat,0,
9436,Republika,@republikaonline,efisiensi digitalisasi sertifikasi guru mempercepat proses pencairan dana,0,
9437,Kompas.com,@kompascom,kemendikdasmen sekolah inklusif menjadi prioritas pembangunan nasional,0,
9438,Detik.com,@detikcom,abdul ti kurikulum harus adaptif perkembangan teknologi ai,0,
9439,Antara News,@antaranews,pemerintah salurkan bantuan dana sarpras sekolah dasar maret,0,
9440,CNBC Indonesia,@cnbcindonesia,sri mulyani dana abadi pendidikan membantu riset ketahanan energi nasional,0,
9441,Republika,@republikaonline,efisiensi katalog elektronik sektoral hemat anggaran pengadaan alat tik,0,
9442,Kompas.com,@kompascom,abdul ti vokasi berperan penting membangun kemandirian ekonomi,0,
9443,Detik.com,@detikcom,audit bpk efisiensi pengadaan alat praktik smk meningkat maret,0,
9444,Antara News,@antaranews,kemendikdasmen luncurkan panduan pencegahan bullying lingkungan sekolah,0,
9445,CNBC Indonesia,@cnbcindonesia,sri mulyani reformasi birokrasi kementerian berhasil hemat dana,0,
9446,Republika,@republikaonline,efisiensi aplikasi srikandi pangkas biaya atk satuan pendidikan,0,
9447,Kompas.com,@kompascom,kemendikdasmen portal akun belajar id diperbarui tingkat keamanannya,0,
9448,Detik.com,@detikcom,abdul ti mahasiswa mbkm harus memiliki daya saing global tinggi,0,
9449,Antara News,@antaranews,pemerintah salurkan paket buku bacaan perpustakaan sekolah desa,0,
9450,CNBC Indonesia,@cnbcindonesia,sri mulyani penyerapan dana pip maret proyeksi pemerintah,0,
9451,Republika,@republikaonline,efisiensi digitalisasi database guru pangkas jalur birokrasi pensiun,0,
9452,Kompas.com,@kompascom,kemendikdasmen beri penghargaan sekolah literasi terbaik,0,
9453,Detik.com,@detikcom,abdul ti inovasi pembelajaran guru meningkat fitur pmm,0,
9454,Antara News,@antaranews,pemerintah salurkan bantuan alat laboratorium sma akhir maret,0,
9455,CNBC Indonesia,@cnbcindonesia,sri mulyani dana abadi pendidikan mendukung riset teknologi maritim,0,
9456,Republika,@republikaonline,efisiensi digitalisasi laporan keuangan sekolah menghemat dana operasional,0,
9457,Kompas.com,@kompascom,abdul ti rapor pendidikan membantu sekolah menentukan strategi belajar,0,
9458,Detik.com,@detikcom,audit bpk penyaluran dana sertifikasi guru menunjukkan akuntabilitas,0,
9459,Antara News,@antaranews,kemendiktisaintek mahasiswa magang merdeka mulai presentasi laporan akhir,0,
9460,CNBC Indonesia,@cnbcindonesia,sri mulyani dana abadi pendidikan membantu penanganan siswa putus sekolah,0,
9461,Republika,@republikaonline,efisiensi digitalisasi sertifikasi pangkas jalur birokrasi pencairan dana,0,
9462,Kompas.com,@kompascom,kemendikdasmen sekolah wajib mengalokasikan dana bos buku referensi,0,
9463,Detik.com,@detikcom,abdul ti mahasiswa mbkm harus memiliki soft skill problem solving,0,
9464,Antara News,@antaranews,pemerintah beri bantuan dana rehab ruang kelas sd maret,0,
9465,CNBC Indonesia,@cnbcindonesia,sri mulyani dana abadi kebudayaan digunakan inovasi seni desa,0,
9466,WhatsApp,Forwarded,link subsidi baju muslim sekolah gratis klik bit ly baju ramadan,1,
9467,Facebook,Viral News,dana bos maret dialokasikan membeli mobil listrik dinas gubernur,1,
9468,X (Twitter),@LeakIndo,terungkap ribuan ijazah dicetak maret menggunakan blangko palsu,1,
9469,TikTok,@vlogger_edu,mulai april libur hari sabtu resmi dihapus mengejar ketertinggalan kurikulum,1,
9470,Instagram,@cekfakta_id,video mendikdasmen menyebut guru honorer diganti ai juni,1,
9471,WhatsApp,Grup Sekolah,biaya administrasi kartu kantin ramadan rp rb harus membayar tunai,1,
9472,Facebook,Info Beasiswa,beasiswa korea jalur ramadan kareem pendaftaran tanpa ijazah asli,1,
9473,X (Twitter),@PolitikNews,dana sertifikasi guru maret macet digunakan membayar hutang negeri,1,
9474,TikTok,@news_update,bahaya mencium aroma kertas buku puasa dapat membatalkan puasa,1,
9475,Instagram,@faktakita,siswa membeli kalender imsakiyah sekolah didenda rp rb,1,
9476,WhatsApp,Forwarded,link subsidi uang transportasi mudik pelajar rp rb klik bit ly mudik,1,
9477,Facebook,Kabar Guru,guru share video ceramah whatsapp dipotong tpp,1,
9478,X (Twitter),@EduLeaks,dokumen rahasia pemerintah menghapus tunjangan beras guru asn,1,
9479,YouTube,@berita_sekolah,kemendikdasmen resmi hapus mata pelajaran pkn mulai tahun ajaran,1,
9480,WhatsApp,Grup RT,sekolah mengadakan sahur on the road didenda rp juta,1,
9481,Facebook,Viral News,dana pendidikan maret dipotong biaya pembangunan sirkuit,1,
9482,X (Twitter),@LeakIndo,terungkap jutaan tablet bantuan sekolah mengandung malware,1,
9483,TikTok,@vlogger_edu,mulai mei jam istirahat ditiadakan siswa fokus materi ujian akhir,1,
9484,Instagram,@cekfakta_id,video mendikdasmen menyebut siswa wajib membeli laptop merek maret,1,
9485,WhatsApp,Grup Guru,iuran wajib guru dana hibah pembangunan masjid dinas rp rb,1,
9486,Facebook,Info Cepat,beasiswa inggris jalur khusus maret pendaftaran tanpa paspor asli,1,
9487,X (Twitter),@PolitikUpdate,dana rehab sekolah rp miliar hilang proyek fiktif daerah,1,
9488,TikTok,@news_update,bahaya menggunakan tip ex puasa dapat menyebabkan pusing permanen,1,
9489,Instagram,@faktakita,mahasiswa kip kuliah wajib menyerahkan dana organisasi kampus,1,
9490,WhatsApp,Forwarded,link subsidi paket sembako guru ramadan klik bit ly guru ramadan,1,
9491,Facebook,Kabar Guru,guru sering komplain jam kerja medsos dicabut sertifikasinya,1,
9492,X (Twitter),@EduLeaks,dokumen rahasia kurikulum deep learning mewajibkan siswa membayar sewa ip,1,
9493,YouTube,@berita_sekolah,kemendikdasmen resmi ganti seragam putih abu abu mulai semester,1,
9494,WhatsApp,Grup Sekolah,biaya administrasi pengambilan sertifikat pesantren kilat rp rb tunai,1,
9495,Facebook,Viral News,dana pendidikan maret dialirkan subsidi mobil mewah pejabat,1,
9496,X (Twitter),@LeakIndo,terungkap dana pengadaan lab komputer sekolah barang rekondisi,1,
9497,TikTok,@vlogger_edu,mulai juni libur hari minggu dihapus mengejar ketertinggalan materi,1,
9498,Instagram,@cekfakta_id,video mendikdasmen menyebut siswa wajib membeli kamus arab digital,1,
9499,WhatsApp,Grup Guru,iuran wajib guru paket parsel farewell pejabat dinas rp rb,1,
9500,Facebook,Info Beasiswa,beasiswa australia jalur berkah ramadan pendaftaran tanpa ijazah asli,1,
9501,YouTube,@berita_sekolah,kemendikdasmen resmi hapus jabatan pengawas sekolah mulai maret,1,
9502,X (Twitter),@EduLeaks,dokumen bocor pemerintah mewajibkan siswa membayar iuran kebersihan,1,
9503,TikTok,@news_update,bahaya menulis pulpen tinta hijau dapat sebabkan alergi kulit,1,
9504,Kompas.com,@kompascom,kemendikdasmen pendaftaran utbk snbt resmi ditutup april,0,
9505,Detik.com,@detikcom,menkeu sri mulyani thr guru asn pppk cair mulai lebaran,0,
9506,WhatsApp,Forwarded,link subsidi tunjangan hari raya pelajar rp rb klik bit ly thr siswa,1,
9507,Facebook,Viral News,dana bos april dipotong biaya open house pejabat ikn,1,
9508,X (Twitter),@PolitikUpdate,terungkap anggaran baju koko dinas kementerian pendidikan capai rp miliar,1,
9509,TikTok,@news_update,bahaya ketupat lebaran kantin sekolah mengandung plastik pengeras,1,
9510,Instagram,@fakta_edu,mahasiswa mudik mendapatkan bonus nilai ipk kampus,1,
9511,WhatsApp,Grup RT,beasiswa zakat fitrah tanpa tes tanpa syarat klik bit ly beasiswa zakat,1,
9512,Antara News,@antaranews,kemendikdasmen tetapkan libur lebaran idul fitri sekolah maret april,0,
9513,CNBC Indonesia,@cnbcindonesia,sri mulyani realisasi belanja sertifikasi guru triwulan selesai april,0,
9514,Republika,@republikaonline,efisiensi digitalisasi laporan bos arkas hemat kertas ton april,0,
9515,CNN Indonesia,@CNNIndonesia,mendikdasmen kurikulum deep learning fokus kompetensi hafalan,0,
9516,Tempo.co,@tempodotco,kemendikdasmen larang sekolah paksakan pungutan zakat siswa non muslim,0,
9517,WhatsApp,Grup Guru,link pencairan thr guru honorer swasta kemdikbud klik bit ly thr swasta,1,
9518,Facebook,Info Cepat,mulai mei siswa masuk hari seminggu efisiensi energi nasional,1,
9519,X (Twitter),@LeakIndo,dana rehab sekolah april dialihkan membiayai pesta kembang api lebaran,1,
9520,Kompas.com,@kompascom,kemendikdasmen cetak kartu peserta utbk wajib menggunakan kertas hvs,0,
9521,Detik.com,@detikcom,audit bpk penggunaan katalog sektoral pangkas harga buku smk,0,
9522,TikTok,@vlogger_edu,berita buruk pengumuman kelulusan sma dipercepat menjadi akhir april,1,
9523,Instagram,@stophoax,beasiswa mesir jalur lailatul qadar pendaftaran bulan april,1,
9524,WhatsApp,Grup Sekolah,iuran wajib mudik bareng sekolah rp rb per siswa harus membayar tunai,1,
9525,Facebook,Kabar Guru,guru mengikuti halal bihalal dinas dipotong gaji mei,1,
9526,X (Twitter),@EduLeaks,dokumen bocor pemerintah menghapus mapel seni efisien,1,
9527,YouTube,@berita_sekolah,kemendikdasmen resmi ganti sistem un menjadi tes berbasis ai mulai mei,1,
9528,Antara News,@antaranews,kemendiktisaintek mahasiswa magang merdeka mulai evaluasi tengah program,0,
9529,CNBC Indonesia,@cnbcindonesia,sri mulyani pastikan anggaran pendidikan april terserap sarpras,0,
9530,Media Indonesia,@mediaindonesia,mendikdasmen halal bihalal sekolah harus jadi momentum pendidikan karakter,0,
9531,Liputan6,@liputan6dotcom,kemendikdasmen penggunaan dana bosp april fokus persiapan ujian akhir,0,
9532,Republika,@republikaonline,efisiensi sistem siplah mempercepat pengadaan alat tik sekolah april,0,
9533,WhatsApp,Forwarded,link subsidi kuota belajar lebaran gb klik bit ly kuota lebaran,1,
9534,Facebook,Viral News,dana pendidikan april macet total kas negara dipakai membayar thr menteri,1,
9535,TikTok,@news_update,bahaya sinar matahari april dapat merusak chip tablet bantuan pemerintah,1,
9536,Kompas.com,@kompascom,kemendikdasmen pendaftaran ppg prajabatan dibuka akhir april,0,
9537,Detik.com,@detikcom,abdul ti literasi finansial masuk materi penguatan karakter smk,0,
9538,Antara News,@antaranews,pemerintah salurkan bantuan alat praktik pertanian smk april,0,
9539,CNBC Indonesia,@cnbcindonesia,sri mulyani dana abadi pendidikan mendukung riset kendaraan listrik april,0,
9540,Republika,@republikaonline,efisiensi anggaran digitalisasi ijazah hemat biaya logistik rp miliar,0,
9541,WhatsApp,Grup Guru,iuran wajib guru dana parsel lebaran pengawas sekolah rp rb,1,
9542,Facebook,Info Beasiswa,beasiswa turki jalur eid mubarak pendaftaran tanpa ijazah april,1,
9543,X (Twitter),@PolitikNews,dana bos april dipotong biaya perbaikan jalan tol rusak,1,
9544,CNN Indonesia,@CNNIndonesia,mendikdasmen uji coba deep learning menunjukkan kenaikan fokus belajar siswa,0,
9545,Antara News,@antaranews,kemendikdasmen beri penghargaan sekolah tata kelola bos terbaik,0,
9546,Kompas.com,@kompascom,persyaratan pendaftaran sekolah kedinasan ipdn stan april,0,
9547,Detik.com,@detikcom,abdul ti guru harus menjadi fasilitator sekadar penyampai materi,0,
9548,Antara News,@antaranews,pemerintah salurkan bantuan dana rehab ruang kelas sd april,0,
9549,CNBC Indonesia,@cnbcindonesia,sri mulyani dana abadi pendidikan dukung inovasi teknologi maritim april,0,
9550,Republika,@republikaonline,efisiensi digitalisasi sertifikat pmm memangkas biaya cetak sertifikat,0,
9551,WhatsApp,Grup Sekolah,biaya administrasi kartu ujian akhir sekolah rp rb harus membayar tunai,1,
9552,Facebook,Kabar Guru,guru mengambil libur lebaran hari dicabut tpg,1,
9553,X (Twitter),@LeakIndo,terungkap dana pengadaan laptop april menggunakan komponen bekas,1,
9554,Kompas.com,@kompascom,kemendikdasmen jadwal pelaksanaan utbk snbt gelombang dimulai april,0,
9555,Detik.com,@detikcom,abdul ti penguatan numerasi metode gasing mulai diterapkan luas,0,
9556,Antara News,@antaranews,pemerintah bangun ruang praktik otomotif smk wilayah,0,
9557,CNBC Indonesia,@cnbcindonesia,sri mulyani penyerapan anggaran pendidikan april mencapai target semester,0,
9558,Republika,@republikaonline,efisiensi sistem siplah menurunkan harga alat peraga sains sekolah,0,
9559,LinkedIn,Analis Publik,transparansi dana bos april menjadi kunci kepercayaan publik,0,
9560,Kompas.com,@kompascom,kemendikdasmen sekolah dilarang menahan ijazah siswa alasan apapun,0,
9561,Detik.com,@detikcom,audit bpk penyaluran dana sertifikasi guru april berjalan akuntabel,0,
9562,Antara News,@antaranews,kemendikdasmen beri beasiswa anak tenaga medis gugur tugas,0,
9563,CNBC Indonesia,@cnbcindonesia,sri mulyani pastikan dana pendidikan tetap terjaga pasca lebaran,0,
9564,Media Indonesia,@mediaindonesia,mendikdasmen pendidikan karakter harus menjadi jiwa kurikulum,0,
9565,Liputan6,@liputan6dotcom,kemendikdasmen sekolah dihimbau tetap aktifkan literasi selama libur,0,
9566,Republika,@republikaonline,efisiensi katalog elektronik sektoral hemat biaya pengadaan buku paket,0,
9567,Kompas.com,@kompascom,kemendikdasmen peserta utbk wajib verifikasi lokasi ujian hari,0,
9568,Detik.com,@detikcom,abdul ti mahasiswa mbkm memberikan inspirasi siswa desa,0,
9569,Antara News,@antaranews,pemerintah salurkan bantuan bus sekolah kabupaten april,0,
9570,CNBC Indonesia,@cnbcindonesia,sri mulyani realisasi belanja fungsi pendidikan april capai rp triliun,0,
9571,Republika,@republikaonline,efisiensi digitalisasi database guru pangkas jalur birokrasi daerah,0,
9572,Kompas.com,@kompascom,abdul ti kesejahteraan guru fondasi kualitas pendidikan ri,0,
9573,Detik.com,@detikcom,audit bpk efisiensi pengadaan alat praktik smk meningkat april,0,
9574,Antara News,@antaranews,kemendikdasmen pangkas laporan spj dana bos aplikasi arkas terpadu,0,
9575,CNBC Indonesia,@cnbcindonesia,sri mulyani dana abadi pendidikan membantu studi mahasiswa pascasarjana,0,
9576,Republika,@republikaonline,kemendikdasmen hapus kewajiban laporan fisik bulanan guru asn,0,
9577,Kompas.com,@kompascom,kemendikdasmen beri beasiswa siswa pemenang lomba karya ilmiah,0,
9578,Detik.com,@detikcom,abdul ti kolaborasi guru wali murid penting halal bihalal,0,
9579,Antara News,@antaranews,pemerintah salurkan bantuan alat musik sekolah dasar april,0,
9580,CNBC Indonesia,@cnbcindonesia,sri mulyani dana abadi pendidikan fokus riset ketahanan pangan,0,
9581,Republika,@republikaonline,efisiensi sistem rapor pangkas biaya cetak kertas provinsi,0,
9582,Kompas.com,@kompascom,abdul ti kedisiplinan siswa dimulai konsistensi guru sekolah,0,
9583,Detik.com,@detikcom,audit bpk penyaluran dana pip menunjukkan ketepatan sasaran,0,
9584,Antara News,@antaranews,kemendiktisaintek mahasiswa program mbkm mulai menjalankan proyek desa,0,
9585,CNBC Indonesia,@cnbcindonesia,sri mulyani pastikan dana sertifikasi guru triwulan selesai april,0,
9586,Republika,@republikaonline,efisiensi digitalisasi sertifikasi guru mempercepat proses pencairan dana,0,
9587,Kompas.com,@kompascom,kemendikdasmen sekolah inklusif menjadi prioritas pembangunan nasional,0,
9588,Detik.com,@detikcom,abdul ti kurikulum memfokuskan literasi numerasi dasar,0,
9589,Antara News,@antaranews,pemerintah salurkan bantuan dana sarpras sekolah dasar april,0,
9590,CNBC Indonesia,@cnbcindonesia,sri mulyani dana abadi pendidikan membantu riset ketahanan energi nasional,0,
9591,Republika,@republikaonline,efisiensi katalog elektronik sektoral hemat anggaran pengadaan alat tik,0,
9592,Kompas.com,@kompascom,abdul ti smk harus menjadi pusat inovasi kewirausahaan lokal,0,
9593,Detik.com,@detikcom,audit bpk efisiensi pengadaan alat praktik smk meningkat bulan april,0,
9594,Antara News,@antaranews,kemendikdasmen luncurkan panduan pencegahan perundungan sekolah,0,
9595,CNBC Indonesia,@cnbcindonesia,sri mulyani reformasi birokrasi kemendikdasmen berhasil hemat dana,0,
9596,Republika,@republikaonline,efisiensi aplikasi srikandi pangkas biaya atk dinas pendidikan,0,
9597,Kompas.com,@kompascom,kemendikdasmen portal akun belajar id diperbarui keamanan datanya,0,
9598,Detik.com,@detikcom,abdul ti mahasiswa mbkm harus memiliki daya saing internasional,0,
9599,Antara News,@antaranews,pemerintah salurkan paket buku bacaan perpustakaan desa april,0,
9600,CNBC Indonesia,@cnbcindonesia,sri mulyani penyerapan dana pip april proyeksi pemerintah,0,
9601,Republika,@republikaonline,efisiensi digitalisasi database guru pangkas jalur birokrasi pensiun,0,
9602,Kompas.com,@kompascom,kemendikdasmen beri penghargaan sekolah literasi terbaik,0,
9603,Detik.com,@detikcom,abdul ti inovasi pembelajaran guru meningkat fitur pmm,0,
9604,Antara News,@antaranews,pemerintah salurkan bantuan alat laboratorium sma akhir april,0,
9605,CNBC Indonesia,@cnbcindonesia,sri mulyani dana abadi pendidikan dukung studi mahasiswa negeri,0,
9606,Republika,@republikaonline,efisiensi digitalisasi laporan keuangan sekolah menurunkan biaya operasional,0,
9607,Kompas.com,@kompascom,abdul ti rapor pendidikan membantu orang tua memantau kualitas sekolah,0,
9608,Detik.com,@detikcom,audit bpk penyaluran dana sertifikasi guru menunjukkan akuntabilitas,0,
9609,Antara News,@antaranews,kemendiktisaintek mahasiswa magang merdeka mulai presentasi hasil tengah,0,
9610,CNBC Indonesia,@cnbcindonesia,sri mulyani dana abadi pendidikan membantu penanganan siswa putus sekolah,0,
9611,Republika,@republikaonline,efisiensi digitalisasi sertifikasi pangkas jalur birokrasi pencairan dana,0,
9612,Kompas.com,@kompascom,kemendikdasmen sekolah wajib mengalokasikan dana bos buku referensi,0,
9613,Detik.com,@detikcom,abdul ti mahasiswa mbkm harus memiliki soft skill problem solving,0,
9614,WhatsApp,Forwarded,link subsidi baju lebaran pelajar rp rb kemdikbud klik bit ly baju lebaran,1,
9615,Facebook,Viral News,dana bos april dialokasikan membeli parcel lebaran pejabat pemda,1,
9616,X (Twitter),@LeakIndo,terungkap ribuan ijazah dicetak april menggunakan blangko,1,
9617,TikTok,@vlogger_edu,mulai mei libur hari sabtu resmi dihapus mengejar materi kurikulum,1,
9618,Instagram,@cekfakta_id,video mendikdasmen menyebut siswa wajib membeli gadget mei,1,
9619,WhatsApp,Grup Sekolah,biaya administrasi kartu pelajar lebaran rp rb wajib membayar tunai april,1,
9620,Facebook,Info Beasiswa,beasiswa korea jalur eid al fitr pendaftaran tanpa ijazah asli april,1,
9621,X (Twitter),@PolitikNews,dana sertifikasi guru april macet digunakan membayar hutang negara,1,
9622,TikTok,@news_update,bahaya membaca buku lebaran dapat menyebabkan gangguan mata,1,
9623,Instagram,@faktakita,siswa membeli kalender sekolah didenda rp rb,1,
9624,WhatsApp,Forwarded,link subsidi uang transportasi mudik pelajar rp rb klik bit ly mudik,1,
9625,Facebook,Kabar Guru,guru upload foto halal bihalal tiktok dipotong tpp,1,
9626,X (Twitter),@EduLeaks,dokumen rahasia pemerintah menghapus tunjangan anak istri guru,1,
9627,YouTube,@berita_sekolah,kemendikdasmen resmi hapus mata pelajaran pkn mulai semester,1,
9628,WhatsApp,Grup RT,sekolah mengadakan acara halal bihalal didenda rp juta,1,
9629,Facebook,Viral News,dana pendidikan april dipotong biaya operasional menteri,1,
9630,X (Twitter),@LeakIndo,terungkap jutaan tablet bantuan sekolah mengandung spyware,1,
9631,TikTok,@vlogger_edu,mulai juni jam istirahat menit siswa fokus materi ujian,1,
9632,Instagram,@cekfakta_id,video mendikdasmen menyebut siswa wajib membeli laptop merek april,1,
9633,WhatsApp,Grup Guru,iuran wajib guru dana hibah pembangunan gedung dinas rp rb,1,
9634,Facebook,Info Cepat,beasiswa inggris jalur khusus april pendaftaran tanpa paspor asli,1,
9635,X (Twitter),@PolitikUpdate,dana rehab sekolah rp miliar hilang proyek fiktif daerah,1,
9636,TikTok,@news_update,bahaya menggunakan tip ex puasa dapat menyebabkan pusing permanen,1,
9637,Instagram,@faktakita,mahasiswa kip kuliah wajib menyerahkan dana organisasi kampus,1,
9638,WhatsApp,Forwarded,link subsidi paket sembako guru kemdikbud klik bit ly guru april,1,
9639,Facebook,Kabar Guru,guru sering mengeluh facebook dicabut sertifikasinya permanen,1,
9640,X (Twitter),@EduLeaks,dokumen rahasia kurikulum deep learning mewajibkan siswa membeli gadget,1,
9641,YouTube,@berita_sekolah,kemendikdasmen resmi ganti seragam putih abu abu mulai semester,1,
9642,WhatsApp,Grup Sekolah,biaya administrasi pengambilan sertifikat lomba rp rb harus tunai,1,
9643,Facebook,Viral News,dana pendidikan april dialirkan subsidi minyak goreng kemasan,1,
9644,X (Twitter),@LeakIndo,terungkap dana pengadaan lab komputer sekolah barang rekondisi,1,
9645,TikTok,@vlogger_edu,mulai juli libur hari minggu dihapus mengejar ketertinggalan un,1,
9646,Instagram,@cekfakta_id,video mendikdasmen menyebut siswa wajib membeli kamus digital,1,
9647,WhatsApp,Grup Guru,iuran wajib guru paket parsel farewell pejabat dinas rp rb,1,
9648,Facebook,Info Beasiswa,beasiswa australia jalur lebaran pendaftaran tanpa ijazah asli,1,
9649,YouTube,@berita_sekolah,kemendikdasmen resmi hapus jabatan pengawas sekolah mulai april,1,
9650,X (Twitter),@EduLeaks,dokumen bocor pemerintah mewajibkan siswa membayar iuran kebersihan,1,
9651,TikTok,@news_update,bahaya menulis pulpen tinta hijau dapat sebabkan alergi kulit,1,
9652,Instagram,@faktakita,siswa ikut study tour sekolah didenda rp rb,1,
9653,WhatsApp,Forwarded,link subsidi uang jajan lebaran mahasiswa klik bit ly jajan eid,1,
9654,Kompas.com,@kompascom,kemendikdasmen pelaksanaan utbk snbt gelombang berjalan lancar,0,
9655,Detik.com,@detikcom,mendikdasmen pimpin upacara hardiknas tekankan transformasi digital,0,
9656,WhatsApp,Forwarded,link subsidi bantuan hardiknas pelajar rp rb klik bit ly hardiknas,1,
9657,Facebook,Viral News,dana bos mei dipotong biaya perbaikan fasilitas wisata pejabat bali,1,
9658,X (Twitter),@PolitikUpdate,terungkap anggaran makan siang upacara hardiknas jakarta capai rp miliar,1,
9659,TikTok,@news_update,bahaya chip kartu peserta utbk dapat menyadap data pribadi ponsel siswa,1,
9660,Instagram,@fakta_edu,siswa memakai baju adat hardiknas lulus sekolah,1,
9661,WhatsApp,Grup RT,beasiswa hardiknas bangkit tanpa tes tanpa berkas klik bit ly beasiswa mei,1,
9662,Antara News,@antaranews,kemendikdasmen pengumuman kelulusan sma smk sederajat serentak mei,0,
9663,CNBC Indonesia,@cnbcindonesia,sri mulyani anggaran pendidikan mei fokus persiapan ppdb nasional,0,
9664,Republika,@republikaonline,efisiensi digitalisasi nilai rapor pangkas verifikasi kelulusan hari,0,
9665,CNN Indonesia,@CNNIndonesia,abdul ti kurikulum deep learning mulai diterapkan secara nasional juli,0,
9666,Tempo.co,@tempodotco,kemendikdasmen sekolah dilarang mengadakan wisuda memberatkan wali murid,0,
9667,WhatsApp,Grup Guru,link pendaftaran guru tetap yayasan jalur hardiknas klik bit ly gty mei,1,
9668,Facebook,Info Cepat,mulai juni libur sekolah ditambah menjadi bulan transisi kurikulum,1,
9669,X (Twitter),@LeakIndo,dana sertifikasi guru mei dipotong subsidi proyek kereta cepat,1,
9670,Kompas.com,@kompascom,kemendikdasmen cek jadwal aturan ppdb jalur zonasi,0,
9671,Detik.com,@detikcom,audit bpk penggunaan katalog sektoral pangkas harga seragam smk,0,
9672,TikTok,@vlogger_edu,berita buruk nilai utbk berlaku perguruan tinggi swasta,1,
9673,Instagram,@stophoax,beasiswa china jalur hardiknas special pendaftaran terakhir mei,1,
9674,WhatsApp,Grup Sekolah,iuran wajib wisuda perpisahan kelas sebesar rp juta per siswa,1,
9675,Facebook,Kabar Guru,guru mengikuti diklat hardiknas ditunda kenaikan pangkatnya,1,
9676,X (Twitter),@EduLeaks,dokumen bocor pemerintah menghapus mapel sejarah mulai tahun ajaran,1,
9677,YouTube,@berita_sekolah,kemendikdasmen resmi ganti warna seragam sd menjadi merah marun polos,1,
9678,Antara News,@antaranews,kemendiktisaintek mahasiswa kip kuliah wajib update data ekonomi mei,0,
9679,CNBC Indonesia,@cnbcindonesia,sri mulyani pastikan pencairan pip tahap ii dimulai akhir mei,0,
9680,Media Indonesia,@mediaindonesia,mendikdasmen pemanfaatan ai kelas harus dibawah pengawasan ketat guru,0,
9681,Liputan6,@liputan6dotcom,kemendikdasmen sekolah inklusif dapat tambahan alokasi dana bos mei,0,
9682,Republika,@republikaonline,efisiensi sistem siplah mempercepat pengadaan buku perpustakaan mei,0,
9683,WhatsApp,Forwarded,link subsidi paket internet utbk gb kemdikbud klik bit ly internet utbk,1,
9684,Facebook,Viral News,dana pendidikan mei macet digunakan membayar hutang proyek ikn,1,
9685,TikTok,@news_update,bahaya tinta stempel ijazah mengandung zat kimia pemicu alergi,1,
9686,Kompas.com,@kompascom,kemendikdasmen pendaftaran seleksi mandiri ptn mulai dibuka akhir mei,0,
9687,Detik.com,@detikcom,abdul ti literasi budaya menjadi pilar utama hardiknas,0,
9688,Antara News,@antaranews,pemerintah salurkan bantuan alat musik orkestra smk seni mei,0,
9689,CNBC Indonesia,@cnbcindonesia,sri mulyani dana abadi pendidikan dukung riset semikonduktor negeri,0,
9690,Republika,@republikaonline,efisiensi anggaran rapor digital hemat biaya cetak kertas rp miliar,0,
9691,WhatsApp,Grup Guru,iuran wajib guru dana perayaan ulang tahun pejabat dinas rp rb,1,
9692,Facebook,Info Beasiswa,beasiswa taiwan jalur mei berbunga pendaftaran tanpa sertifikat tocfl,1,
9693,X (Twitter),@PolitikNews,dana bos mei dipotong biaya operasional pilkada serentak,1,
9694,CNN Indonesia,@CNNIndonesia,mendikdasmen hasil utbk snbt menjadi dasar pemetaan mutu sma,0,
9695,Antara News,@antaranews,kemendikdasmen gelar lomba inovasi guru nasional pekan hardiknas,0,
9696,Kompas.com,@kompascom,simak jadwal lengkap verifikasi berkas ppdb jalur prestasi,0,
9697,Detik.com,@detikcom,abdul ti guru harus beradaptasi kecepatan teknologi informasi,0,
9698,Antara News,@antaranews,pemerintah salurkan bantuan dana rehab laboratorium smp mei,0,
9699,CNBC Indonesia,@cnbcindonesia,sri mulyani dana abadi pendidikan dukung riset energi nuklir sipil,0,
9700,Republika,@republikaonline,efisiensi digitalisasi sertifikat pendidik pangkas biaya distribusi logistik,0,
9701,WhatsApp,Grup Sekolah,biaya administrasi pengambilan kartu hasil utbk rp rb harus membayar tunai,1,
9702,Facebook,Kabar Guru,guru sering melewatkan webinar pmm dikurangi nilai skp,1,
9703,X (Twitter),@LeakIndo,terungkap pengadaan tablet siswa mei menggunakan komponen rakitan bekas,1,
9704,Kompas.com,@kompascom,kemendikdasmen ppdb gunakan skema jalur zonasi afirmasi,0,
9705,Detik.com,@detikcom,abdul ti mahasiswa kampus mengajar berperan penting literasi desa,0,
9706,Antara News,@antaranews,pemerintah bangun ruang kelas wilayah pegunungan mei,0,
9707,CNBC Indonesia,@cnbcindonesia,sri mulyani penyerapan anggaran pendidikan mei proyeksi,0,
9708,Republika,@republikaonline,efisiensi sistem siplah berhasil menurunkan harga peralatan lab bahasa,0,
9709,LinkedIn,Analis Publik,tantangan sinkronisasi data ppdb mei antar wilayah kabupaten kota,0,
9710,Kompas.com,@kompascom,kemendikdasmen sekolah dilarang menjual seragam koperasi sekolah,0,
9711,Detik.com,@detikcom,audit bpk penyaluran dana sertifikasi guru menunjukkan akurasi data,0,
9712,Antara News,@antaranews,kemendikdasmen beri beasiswa siswa penghafal kitab suci mei,0,
9713,CNBC Indonesia,@cnbcindonesia,sri mulyani pastikan dana pendidikan tergerus fluktuasi rupiah,0,
9714,Media Indonesia,@mediaindonesia,mendikdasmen pendidikan etika harus dimulai lingkungan keluarga,0,
9715,Liputan6,@liputan6dotcom,kemendikdasmen sekolah dihimbau membuat pojok literasi digital mei,0,
9716,Republika,@republikaonline,efisiensi katalog elektronik sektoral hemat anggaran buku pelajaran,0,
9717,Kompas.com,@kompascom,kemendikdasmen peserta cpns guru wajib pantau jadwal seleksi akhir mei,0,
9718,Detik.com,@detikcom,abdul ti program msib memberikan akses industri mahasiswa daerah,0,
9719,Antara News,@antaranews,pemerintah salurkan bantuan alat praktik perikanan smk pesisir,0,
9720,CNBC Indonesia,@cnbcindonesia,sri mulyani realisasi belanja fungsi pendidikan mei mencapai rp triliun,0,
9721,Republika,@republikaonline,efisiensi digitalisasi database guru mempercepat proses mutu pendidik,0,
9722,Kompas.com,@kompascom,abdul ti pendidikan inklusif menjamin hak belajar anak bangsa,0,
9723,Detik.com,@detikcom,audit bpk efisiensi pengadaan alat musik sekolah meningkat mei,0,
9724,Antara News,@antaranews,kemendikdasmen pangkas laporan spj dana bos aplikasi arkas terpadu,0,
9725,CNBC Indonesia,@cnbcindonesia,sri mulyani dana abadi pendidikan membantu riset ketahanan iklim mei,0,
9726,Republika,@republikaonline,kemendikdasmen hapus kewajiban laporan fisik mingguan kepala sekolah,0,
9727,Kompas.com,@kompascom,kemendikdasmen beri beasiswa siswa pemenang olimpiade astronomi,0,
9728,Detik.com,@detikcom,abdul ti kolaborasi lintas sektor diperlukan sukseskan ppdb,0,
9729,Antara News,@antaranews,pemerintah salurkan bantuan alat musik tradisional sd mei,0,
9730,CNBC Indonesia,@cnbcindonesia,sri mulyani dana abadi pendidikan fokus inovasi kedokteran,0,
9731,Republika,@republikaonline,efisiensi sistem rapor digital menurunkan biaya operasional sekolah,0,
9732,Kompas.com,@kompascom,abdul ti sertifikasi guru harus dibarengi peningkatan kompetensi riil,0,
9733,Detik.com,@detikcom,audit bpk penyaluran dana pip mei tepat sasaran wilayah,0,
9734,Antara News,@antaranews,kemendiktisaintek mahasiswa program mbkm mulai presentasi hasil magang,0,
9735,CNBC Indonesia,@cnbcindonesia,sri mulyani pastikan dana sertifikasi guru triwulan ii cair mulai juni,0,
9736,Republika,@republikaonline,efisiensi digitalisasi sertifikasi guru mempercepat proses pencairan dana,0,
9737,Kompas.com,@kompascom,kemendikdasmen ppdb jalur prestasi wajib sertakan piagam tervalidasi,0,
9738,Detik.com,@detikcom,abdul ti kurikulum memfokuskan kedalaman materi sains,0,
9739,Antara News,@antaranews,pemerintah salurkan bantuan dana sarpras sekolah menengah mei,0,
9740,CNBC Indonesia,@cnbcindonesia,sri mulyani dana abadi pendidikan membantu riset teknologi pertanian,0,
9741,Republika,@republikaonline,efisiensi katalog elektronik sektoral hemat anggaran laboratorium komputer,0,
9742,Kompas.com,@kompascom,abdul ti lulusan smk harus memiliki sertifikasi kompetensi industri,0,
9743,Detik.com,@detikcom,audit bpk efisiensi pengadaan alat praktik smk meningkat mei,0,
9744,Antara News,@antaranews,kemendikdasmen luncurkan panduan keamanan siber siswa mei,0,
9745,CNBC Indonesia,@cnbcindonesia,sri mulyani reformasi birokrasi kementerian memangkas anggaran,0,
9746,Republika,@republikaonline,efisiensi aplikasi srikandi pangkas biaya atk dinas pendidikan,0,
9747,Kompas.com,@kompascom,kemendikdasmen portal akun belajar id diperbarui keamanan datanya,0,
9748,Detik.com,@detikcom,abdul ti mahasiswa mbkm harus memiliki daya saing pasar global,0,
9749,Antara News,@antaranews,pemerintah salurkan paket buku bacaan perpustakaan sekolah desa,0,
9750,CNBC Indonesia,@cnbcindonesia,sri mulyani penyerapan dana pip mei proyeksi pemerintah,0,
9751,Republika,@republikaonline,efisiensi digitalisasi database pendidik pangkas jalur birokrasi pensiun,0,
9752,Kompas.com,@kompascom,kemendikdasmen beri penghargaan sekolah literasi terbaik,0,
9753,Detik.com,@detikcom,abdul ti inovasi pembelajaran guru meningkat fitur pmm,0,
9754,Antara News,@antaranews,pemerintah salurkan bantuan alat laboratorium sma akhir mei,0,
9755,CNBC Indonesia,@cnbcindonesia,sri mulyani dana abadi pendidikan dukung studi mahasiswa negeri,0,
9756,Republika,@republikaonline,efisiensi digitalisasi laporan keuangan sekolah menurunkan dana terduga,0,
9757,Kompas.com,@kompascom,abdul ti rapor pendidikan membantu orang tua memilih sekolah terbaik,0,
9758,Detik.com,@detikcom,audit bpk penyaluran dana sertifikasi guru berjalan akuntabel,0,
9759,Antara News,@antaranews,kemendiktisaintek mahasiswa magang merdeka mulai presentasi hasil akhir,0,
9760,CNBC Indonesia,@cnbcindonesia,sri mulyani dana abadi pendidikan membantu penanganan siswa putus sekolah,0,
9761,Republika,@republikaonline,efisiensi digitalisasi sertifikasi pangkas jalur birokrasi pencairan dana,0,
9762,Kompas.com,@kompascom,kemendikdasmen sekolah wajib mengalokasikan dana bos buku referensi,0,
9763,Detik.com,@detikcom,abdul ti mahasiswa mbkm harus memiliki soft skill kepemimpinan,0,
9764,Antara News,@antaranews,pemerintah beri bantuan dana rehab ruang kelas sd mei,0,
9765,CNBC Indonesia,@cnbcindonesia,sri mulyani dana abadi kebudayaan digunakan inovasi seni desa,0,
9766,WhatsApp,Forwarded,link subsidi baju perpisahan sekolah rp rb kemdikbud klik bit ly baju mei,1,
9767,Facebook,Viral News,dana bos mei dialokasikan membeli mobil listrik dinas kepala dinas,1,
9768,X (Twitter),@LeakIndo,terungkap ribuan ijazah dicetak mei menggunakan blangko palsu,1,
9769,TikTok,@vlogger_edu,mulai juli libur hari sabtu resmi dihapus mengejar materi,1,
9770,Instagram,@cekfakta_id,video mendikdasmen menyebut guru honorer diganti ai juli,1,
9771,WhatsApp,Grup Sekolah,biaya administrasi kartu pelajar ppdb rp rb wajib membayar tunai mei,1,
9772,Facebook,Info Beasiswa,beasiswa korea jalur hardiknas pendaftaran tanpa ijazah asli mei,1,
9773,X (Twitter),@PolitikNews,dana sertifikasi guru mei macet digunakan membayar hutang negara,1,
9774,TikTok,@news_update,bahaya membaca buku ponsel hardiknas dapat sebabkan pusing permanen,1,
9775,Instagram,@faktakita,siswa membeli kalender sekolah didenda rp rb,1,
9776,WhatsApp,Forwarded,link subsidi uang transportasi wisuda pelajar rp rb klik bit ly wisuda mei,1,
9777,Facebook,Kabar Guru,guru upload foto hardiknas tiktok dipotong tpp,1,
9778,X (Twitter),@EduLeaks,dokumen rahasia pemerintah menghapus tunjangan anak istri guru,1,
9779,YouTube,@berita_sekolah,kemendikdasmen resmi hapus mata pelajaran pkn mulai tahun ajaran,1,
9780,WhatsApp,Grup RT,sekolah mengadakan acara perpisahan didenda rp juta,1,
9781,Facebook,Viral News,dana pendidikan mei dipotong biaya operasional menteri,1,
9782,X (Twitter),@LeakIndo,terungkap jutaan tablet bantuan sekolah mengandung spyware,1,
9783,TikTok,@vlogger_edu,mulai juli jam istirahat menit siswa fokus materi,1,
9784,Instagram,@cekfakta_id,video mendikdasmen menyebut siswa wajib membeli laptop merek mei,1,
9785,WhatsApp,Grup Guru,iuran wajib guru dana hibah pembangunan gedung dinas rp rb,1,
9786,Facebook,Info Cepat,beasiswa inggris jalur khusus mei pendaftaran tanpa paspor asli,1,
9787,X (Twitter),@PolitikUpdate,dana rehab sekolah rp miliar hilang proyek fiktif daerah,1,
9788,TikTok,@news_update,bahaya menggunakan tip ex ujian dapat menyebabkan gangguan otak,1,
9789,Instagram,@faktakita,mahasiswa kip kuliah wajib menyerahkan dana organisasi kampus,1,
9790,WhatsApp,Forwarded,link subsidi paket sembako guru kemdikbud klik bit ly guru mei,1,
9791,Facebook,Kabar Guru,guru sering mengeluh facebook dicabut sertifikasinya permanen,1,
9792,X (Twitter),@EduLeaks,dokumen rahasia kurikulum deep learning mewajibkan siswa membeli gadget,1,
9793,YouTube,@berita_sekolah,kemendikdasmen resmi ganti seragam putih abu abu mulai semester,1,
9794,WhatsApp,Grup Sekolah,biaya administrasi pengambilan sertifikat kelulusan rp rb harus tunai,1,
9795,Facebook,Viral News,dana pendidikan mei dialirkan subsidi minyak goreng kemasan,1,
9796,X (Twitter),@LeakIndo,terungkap dana pengadaan lab komputer sekolah barang rekondisi,1,
9797,TikTok,@vlogger_edu,mulai juli libur hari minggu dihapus mengejar ketertinggalan materi,1,
9798,Instagram,@cekfakta_id,video mendikdasmen menyebut siswa wajib membeli kamus digital,1,
9799,WhatsApp,Grup Guru,iuran wajib guru paket parsel farewell pejabat dinas rp rb,1,
9800,Facebook,Info Beasiswa,beasiswa australia jalur hardiknas pendaftaran tanpa ijazah asli,1,
9801,YouTube,@berita_sekolah,kemendikdasmen resmi hapus jabatan pengawas sekolah mulai mei,1,
9802,X (Twitter),@EduLeaks,dokumen bocor pemerintah mewajibkan siswa membayar iuran kebersihan,1,
9803,TikTok,@news_update,bahaya menulis pulpen tinta hijau dapat sebabkan alergi kulit,1,
9804,Kompas.com,@kompascom,kemendikdasmen hasil seleksi utbk snbt diumumkan juni,0,
9805,Detik.com,@detikcom,mendikdasmen ppdb jalur zonasi tetap jadi prioritas utama tahun,0,
9806,WhatsApp,Forwarded,link subsidi bantuan seragam sekolah rp rb klik bit ly seragam,1,
9807,Facebook,Viral News,dana bos juni dialihkan pembangunan arena balap motor ikn,1,
9808,X (Twitter),@PolitikUpdate,terungkap anggaran perbaikan sistem ppdb online nasional capai rp miliar,1,
9809,TikTok,@news_update,bahaya tinta rapor kurikulum mengandung merkuri merusak kulit,1,
9810,Instagram,@fakta_edu,siswa lolos ppdb jalur zonasi wajib masuk sekolah swasta gratis,1,
9811,WhatsApp,Grup RT,beasiswa libur sekolah tanpa syarat nilai klik bit ly beasiswa juni,1,
9812,Antara News,@antaranews,kemendikdasmen pembagian rapor semester genap dilakukan serentak akhir juni,0,
9813,CNBC Indonesia,@cnbcindonesia,sri mulyani pencairan sertifikasi guru triwulan ii dimulai bertahap juni,0,
9814,Republika,@republikaonline,efisiensi verifikasi dokumen ppdb digital hemat,0,
9815,CNN Indonesia,@CNNIndonesia,abdul ti masa pengenalan lingkungan sekolah mpls dilarang kekerasan,0,
9816,Tempo.co,@tempodotco,kemendikdasmen tegaskan penggunaan dana bosp pemeliharaan ruang kelas,0,
9817,WhatsApp,Grup Guru,link bonus gaji guru honorer kemdikbud klik bit ly gaji honor,1,
9818,Facebook,Info Cepat,mulai juli jam belajar sekolah ditambah pukul sore secara wajib,1,
9819,X (Twitter),@LeakIndo,dana pendidikan juni dipotong membayar denda keterlambatan proyek,1,
9820,Kompas.com,@kompascom,kemendikdasmen daftar ulang siswa lolos snbt dilakukan mulai pertengahan juni,0,
9821,Detik.com,@detikcom,audit bpk penggunaan aplikasi arkas berhasil menekan anggaran fiktif sekolah,0,
9822,TikTok,@vlogger_edu,berita buruk pengumuman snbt diundur kebocoran soal gelombang ii,1,
9823,Instagram,@stophoax,beasiswa jepang jalur sakura juni tanpa syarat jlpt wawancara,1,
9824,WhatsApp,Grup Sekolah,iuran wajib renovasi lab komputer siswa rp juta per orang,1,
9825,Facebook,Kabar Guru,guru mengunggah foto liburan aplikasi pmm disanksi asn,1,
9826,X (Twitter),@EduLeaks,dokumen bocor pemerintah mewajibkan siswa membayar sewa kursi sekolah,1,
9827,YouTube,@berita_sekolah,kemendikdasmen resmi ganti kurikulum nasional menjadi kurikulum robotik,1,
9828,Antara News,@antaranews,kemendiktisaintek registrasi ulang mahasiswa kip kuliah dimulai juni,0,
9829,CNBC Indonesia,@cnbcindonesia,sri mulyani pastikan anggaran gaji asn guru masuk rekening daerah,0,
9830,Media Indonesia,@mediaindonesia,mendikdasmen mpls harus diisi penguatan karakter deep learning,0,
9831,Liputan6,@liputan6dotcom,kemendikdasmen libur panjang sekolah akhir tahun ajaran dimulai juni,0,
9832,Republika,@republikaonline,efisiensi integrasi dapodik dukcapil mempercepat proses validasi ppdb,0,
9833,WhatsApp,Forwarded,link subsidi kuota libur sekolah gb klik bit ly kuota libur,1,
9834,Facebook,Viral News,dana bos juni digunakan subsidi tiket konser internasional jakarta,1,
9835,TikTok,@news_update,bahaya radiasi printer sekolah dapat menyebabkan kemandulan siswa,1,
9836,Kompas.com,@kompascom,kemendikdasmen seleksi mandiri ptn wajib transparan akuntabel,0,
9837,Detik.com,@detikcom,abdul ti literasi dasar sd menjadi kunci keberhasilan pendidikan,0,
9838,Antara News,@antaranews,pemerintah salurkan bantuan alat praktik kayu smk pertukangan juni,0,
9839,CNBC Indonesia,@cnbcindonesia,sri mulyani dana abadi pendidikan dukung riset mobil listrik nasional,0,
9840,Republika,@republikaonline,efisiensi sistem siplah mempercepat distribusi buku pelajaran semester,0,
9841,WhatsApp,Grup Guru,iuran wajib guru dana farewell party kepala sekolah rp rb,1,
9842,Facebook,Info Beasiswa,beasiswa rusia jalur white nights pendaftaran juni tanpa ijazah,1,
9843,X (Twitter),@PolitikNews,dana pendidikan juni dipotong biaya renovasi rumah dinas menteri,1,
9844,CNN Indonesia,@CNNIndonesia,mendikdasmen sekolah dihimbau sediakan fasilitas air minum gratis siswa,0,
9845,Antara News,@antaranews,kemendikdasmen gelar jambore nasional pramuka siswa akhir juni,0,
9846,Kompas.com,@kompascom,panduan lengkap sanggah hasil ppdb jalur zonasi kabupaten kota,0,
9847,Detik.com,@detikcom,abdul ti kedisiplinan guru input nilai rapor mempengaruhi bosp,0,
9848,Antara News,@antaranews,pemerintah salurkan bantuan dana rehab sanitasi sekolah dasar,0,
9849,CNBC Indonesia,@cnbcindonesia,sri mulyani dana abadi pendidikan mendukung riset farmasi,0,
9850,Republika,@republikaonline,efisiensi digitalisasi sertifikasi memangkas birokrasi dinas pendidikan,0,
9851,WhatsApp,Grup Sekolah,biaya administrasi pengambilan rapor asli rp rb harus tunai sekolah,1,
9852,Facebook,Kabar Guru,guru membeli seragam olahraga dinas dipotong gaji,1,
9853,X (Twitter),@LeakIndo,terungkap pengadaan komputer sekolah juni menggunakan monitor rakitan,1,
9854,Kompas.com,@kompascom,kemendikdasmen pendaftaran ppdb jalur afirmasi diutamakan pemegang pip,0,
9855,Detik.com,@detikcom,abdul ti pembelajaran berbasis proyek pbl meningkatkan kreativitas,0,
9856,Antara News,@antaranews,pemerintah bangun ruang kelas wilayah perbatasan juni,0,
9857,CNBC Indonesia,@cnbcindonesia,sri mulyani penyerapan anggaran pendidikan semester capai,0,
9858,Republika,@republikaonline,efisiensi sistem siplah berhasil menurunkan harga tablet siswa,0,
9859,LinkedIn,Analis Publik,transparansi penerimaan siswa menentukan kredibilitas sekolah,0,
9860,Kompas.com,@kompascom,kemendikdasmen penggunaan dana bosp gaji honorer kini fleksibel,0,
9861,Detik.com,@detikcom,audit bpk penyaluran dana sertifikasi guru triwulan ii tepat,0,
9862,Antara News,@antaranews,kemendikdasmen beri beasiswa siswa pemenang lomba debat nasional,0,
9863,CNBC Indonesia,@cnbcindonesia,sri mulyani pastikan alokasi pendidikan terganggu pilkada,0,
9864,Media Indonesia,@mediaindonesia,mendikdasmen pendidikan nilai nilai pancasila harus terasa mpls,0,
9865,Liputan6,@liputan6dotcom,kemendikdasmen sekolah dihimbau gelar pentas seni hari pembagian rapor,0,
9866,Republika,@republikaonline,efisiensi katalog elektronik sektoral hemat anggaran seragam sekolah,0,
9867,Kompas.com,@kompascom,kemendikdasmen siswa lolos snbt wajib isi data ekonomi ukt,0,
9868,Detik.com,@detikcom,abdul ti program mbkm dievaluasi menjaga mutu lulusan,0,
9869,Antara News,@antaranews,pemerintah salurkan bantuan bus sekolah kabupaten juni,0,
9870,CNBC Indonesia,@cnbcindonesia,sri mulyani realisasi belanja fungsi pendidikan juni capai rp triliun,0,
9871,Republika,@republikaonline,efisiensi digitalisasi database pendidik pangkas jalur birokrasi pensiun,0,
9872,Kompas.com,@kompascom,abdul ti pendidikan inklusif menjamin hak belajar tanpa diskriminasi,0,
9873,Detik.com,@detikcom,audit bpk efisiensi pengadaan alat praktik smk meningkat juni,0,
9874,Antara News,@antaranews,kemendikdasmen pangkas birokrasi laporan aplikasi arkas terintegrasi,0,
9875,CNBC Indonesia,@cnbcindonesia,sri mulyani dana abadi pendidikan membantu riset ketahanan energi hijau,0,
9876,Republika,@republikaonline,kemendikdasmen hapus kewajiban laporan fisik bulanan guru asn,0,
9877,Kompas.com,@kompascom,kemendikdasmen beri beasiswa siswa berprestasi bidang olahraga,0,
9878,Detik.com,@detikcom,abdul ti sinergi sekolah industri kunci keterserapan lulusan smk,0,
9879,Antara News,@antaranews,pemerintah salurkan bantuan alat laboratorium smp juni,0,
9880,CNBC Indonesia,@cnbcindonesia,sri mulyani dana abadi pendidikan fokus inovasi teknologi,0,
9881,Republika,@republikaonline,efisiensi sistem rapor pangkas biaya operasional cetak daerah,0,
9882,Kompas.com,@kompascom,abdul ti kesejahteraan guru prioritas utama pemerintah,0,
9883,Detik.com,@detikcom,audit bpk penyaluran dana pip juni tepat sasaran wilayah,0,
9884,Antara News,@antaranews,kemendiktisaintek mahasiswa program magang mulai penilaian akhir juni,0,
9885,CNBC Indonesia,@cnbcindonesia,sri mulyani pastikan dana sertifikasi guru triwulan ii cair,0,
9886,Republika,@republikaonline,efisiensi digitalisasi sertifikasi guru mempercepat proses pencairan dana,0,
9887,Kompas.com,@kompascom,kemendikdasmen ppdb jalur perpindahan tugas orang tua wajib sk resmi,0,
9888,Detik.com,@detikcom,abdul ti kurikulum memfokuskan kemampuan analisis kritis,0,
9889,Antara News,@antaranews,pemerintah salurkan bantuan dana sarpras sd dasar juni,0,
9890,CNBC Indonesia,@cnbcindonesia,sri mulyani dana abadi pendidikan membantu riset teknologi pangan,0,
9891,Republika,@republikaonline,efisiensi katalog elektronik sektoral hemat anggaran alat tik sekolah,0,
9892,Kompas.com,@kompascom,abdul ti vokasi harus relevan kebutuhan ekonomi masa,0,
9893,Detik.com,@detikcom,audit bpk efisiensi pengadaan alat praktik smk meningkat juni,0,
9894,Antara News,@antaranews,kemendikdasmen luncurkan panduan sekolah aman bencana juni,0,
9895,CNBC Indonesia,@cnbcindonesia,sri mulyani reformasi birokrasi kemendikdasmen hemat dana rp triliun,0,
9896,Republika,@republikaonline,efisiensi aplikasi srikandi pangkas biaya atk dinas pendidikan,0,
9897,Kompas.com,@kompascom,kemendikdasmen akun belajar id terintegrasi sistem ppdb online,0,
9898,Detik.com,@detikcom,abdul ti mahasiswa mbkm harus memiliki kompetensi lintas disiplin,0,
9899,Antara News,@antaranews,pemerintah salurkan paket buku perpustakaan sekolah juni,0,
9900,CNBC Indonesia,@cnbcindonesia,sri mulyani penyerapan dana pip juni target pemerintah,0,
9901,Republika,@republikaonline,efisiensi digitalisasi database pendidik memangkas pensiun guru,0,
9902,Kompas.com,@kompascom,kemendikdasmen beri penghargaan sekolah literasi terbaik,0,
9903,Detik.com,@detikcom,abdul ti inovasi pembelajaran guru meningkat fitur pmm,0,
9904,Antara News,@antaranews,pemerintah salurkan bantuan alat laboratorium sma akhir juni,0,
9905,CNBC Indonesia,@cnbcindonesia,sri mulyani dana abadi pendidikan dukung studi mahasiswa negeri,0,
9906,Republika,@republikaonline,efisiensi digitalisasi laporan keuangan sekolah menurunkan dana terduga,0,
9907,Kompas.com,@kompascom,abdul ti rapor pendidikan menjadi cermin peningkatan kualitas sekolah,0,
9908,Detik.com,@detikcom,audit bpk penyaluran dana sertifikasi guru akuntabel,0,
9909,Antara News,@antaranews,kemendiktisaintek mahasiswa magang merdeka mulai presentasi akhir program,0,
9910,CNBC Indonesia,@cnbcindonesia,sri mulyani dana abadi pendidikan membantu penanganan anak putus sekolah,0,
9911,Republika,@republikaonline,efisiensi digitalisasi sertifikasi pangkas jalur birokrasi pencairan dana,0,
9912,Kompas.com,@kompascom,kemendikdasmen sekolah wajib mengalokasikan dana bos buku referensi,0,
9913,Detik.com,@detikcom,abdul ti mahasiswa mbkm harus memiliki soft skill kepemimpinan,0,
9914,Antara News,@antaranews,pemerintah beri bantuan dana rehab ruang kelas sd juni,0,
9915,CNBC Indonesia,@cnbcindonesia,sri mulyani dana abadi kebudayaan digunakan inovasi seni,0,
9916,Kompas.com,@kompascom,mendikdasmen sekolah dilarang menahan ijazah alasan tunggakan,0,
9917,Detik.com,@detikcom,audit bpk efisiensi anggaran pendidikan sistem data dapodik,0,
9918,WhatsApp,Forwarded,link subsidi uang saku liburan siswa rp rb klik bit ly saku libur,1,
9919,Facebook,Viral News,dana bos juni dialokasikan subsidi pembelian kendaraan listrik dinas,1,
9920,X (Twitter),@LeakIndo,terungkap jutaan blangko ijazah dicetak juni menggunakan kertas tipis,1,
9921,TikTok,@vlogger_edu,mulai juli libur hari sabtu resmi dihapus jenjang sekolah,1,
9922,Instagram,@cekfakta_id,video mendikdasmen menyebut guru honorer diganti robot ai,1,
9923,WhatsApp,Grup Sekolah,biaya administrasi kartu ppdb digital rp rb wajib membayar tunai sekolah,1,
9924,Facebook,Info Beasiswa,beasiswa korea jalur summer holiday pendaftaran tanpa ijazah asli,1,
9925,X (Twitter),@PolitikNews,dana sertifikasi guru juni macet digunakan membayar hutang negara,1,
9926,TikTok,@news_update,bahaya membaca rapor tablet dapat menyebabkan gangguan otak permanen,1,
9927,Instagram,@faktakita,siswa membeli majalah sekolah edisi juni didenda rp rb,1,
9928,WhatsApp,Forwarded,link subsidi uang transportasi seleksi mandiri klik bit ly trans mandiri,1,
9929,Facebook,Kabar Guru,guru memposting video mpls tiktok dipotong tpp,1,
9930,X (Twitter),@EduLeaks,dokumen rahasia pemerintah menghapus tunjangan anak istri guru,1,
9931,YouTube,@berita_sekolah,kemendikdasmen resmi hapus mata pelajaran bahasa inggris mulai juli,1,
9932,WhatsApp,Grup RT,sekolah mengadakan acara perpisahan akbar didenda rp juta,1,
9933,Facebook,Viral News,dana pendidikan juni dipotong biaya operasional menteri,1,
9934,X (Twitter),@LeakIndo,terungkap jutaan tablet bantuan sekolah barang rekondisi cina,1,
9935,TikTok,@vlogger_edu,mulai agustus jam istirahat menit siswa fokus materi,1,
9936,Instagram,@cekfakta_id,video mendikdasmen menyebut siswa wajib membeli laptop merek juni,1,
9937,WhatsApp,Grup Guru,iuran wajib guru dana hibah pembangunan gedung olahraga dinas,1,
9938,Facebook,Info Cepat,beasiswa inggris jalur khusus juni pendaftaran tanpa paspor asli,1,
9939,X (Twitter),@PolitikUpdate,dana rehab perpustakaan rp miliar hilang proyek fiktif daerah,1,
9940,TikTok,@news_update,bahaya menggunakan penghapus beraroma buah dapat sebabkan gangguan nafas,1,
9941,Instagram,@faktakita,mahasiswa kip kuliah wajib menyerahkan dana organisasi kampus,1,
9942,WhatsApp,Forwarded,link subsidi paket sembako guru kemdikbud klik bit ly sembako juni,1,
9943,Facebook,Kabar Guru,guru sering komplain facebook dicabut sertifikasinya permanen,1,
9944,X (Twitter),@EduLeaks,dokumen rahasia kurikulum deep learning mewajibkan siswa membayar lisensi,1,
9945,YouTube,@berita_sekolah,kemendikdasmen resmi ganti seragam sma menjadi warna biru tua polos,1,
9946,WhatsApp,Grup Sekolah,biaya administrasi pengambilan sertifikat lomba rp rb harus tunai,1,
9947,Facebook,Viral News,dana pendidikan juni dialirkan subsidi minyak goreng kemasan pejabat,1,
9948,X (Twitter),@LeakIndo,terungkap dana pengadaan lab bahasa menggunakan barang bekas,1,
9949,TikTok,@vlogger_edu,mulai juli libur hari minggu dihapus mengejar ketertinggalan materi,1,
9950,Instagram,@cekfakta_id,video mendikdasmen menyebut siswa wajib membeli modul digital,1,
9951,WhatsApp,Grup Guru,iuran wajib guru paket parsel farewell pejabat pengawas rp rb,1,
9952,YouTube,@berita_sekolah,kemendikdasmen resmi hapus jabatan kepala laboratorium sekolah mulai juni,1,
9953,X (Twitter),@EduLeaks,dokumen bocor pemerintah mewajibkan siswa membayar iuran kebersihan,1,
9954,Kompas.com,@kompascom,kemendikdasmen tahun ajaran resmi dimulai juli,0,
9955,Detik.com,@detikcom,abdul ti mpls harus bebas perpeloncean fokus adaptasi siswa,0,
9956,WhatsApp,Forwarded,link subsidi bantuan laptop gratis siswa klik bit ly laptop pelajar,1,
9957,Facebook,Viral News,dana bos juli dialihkan membeli jet pribadi operasional kementerian,1,
9958,X (Twitter),@PolitikUpdate,terungkap biaya sewa tenda mpls sma unggulan capai rp juta,1,
9959,TikTok,@news_update,bahaya pemakaian masker sekolah selama juli dapat sebabkan jamur paru,1,
9960,Instagram,@fakta_edu,siswa membeli atribut sekolah koperasi boleh mpls,1,
9961,WhatsApp,Grup RT,beasiswa pintar juli tanpa seleksi berkas langsung lolos klik bit ly pintar,1,
9962,Antara News,@antaranews,kemendikdasmen salurkan buku panduan kurikulum deep learning provinsi,0,
9963,CNBC Indonesia,@cnbcindonesia,sri mulyani anggaran pendidikan semester ii fokus digitalisasi kelas,0,
9964,Republika,@republikaonline,efisiensi pengadaan seragam sekolah siplah hemat biaya logistik,0,
9965,CNN Indonesia,@CNNIndonesia,kemendiktisaintek kuota mahasiswa kip kuliah ditambah juli,0,
9966,Tempo.co,@tempodotco,kemendikdasmen sekolah dilarang pungut biaya mpls bentuk apapun,0,
9967,WhatsApp,Grup Guru,link pendaftaran tunjangan khusus guru juli klik bit ly tunjangan juli,1,
9968,Facebook,Info Cepat,mulai agustus siswa wajib menggunakan seragam militer upacara,1,
9969,X (Twitter),@LeakIndo,dana rehab sekolah juli dipotong membayar iklan pencitraan pejabat,1,
9970,Kompas.com,@kompascom,kemendikdasmen aturan seragam sekolah mewajibkan model tertentu,0,
9971,Detik.com,@detikcom,audit bpk digitalisasi laporan bosp juli turunkan anggaran sisa silpa,0,
9972,TikTok,@vlogger_edu,berita buruk kurikulum deep learning mewajibkan siswa belajar jam sehari,1,
9973,Instagram,@stophoax,beasiswa swiss jalur winter intake pendaftaran terakhir juli,1,
9974,WhatsApp,Grup Sekolah,iuran wajib uang gedung siswa rp juta dapat dicicil kali,1,
9975,Facebook,Kabar Guru,guru selesaikan topik pmm juli boleh mengajar kelas,1,
9976,X (Twitter),@EduLeaks,dokumen bocor pemerintah menghapus mapel olahraga mulai agustus,1,
9977,YouTube,@berita_sekolah,kemendikdasmen resmi ganti sistem rapor menjadi sistem poin sosial ai,1,
9978,Antara News,@antaranews,kemendiktisaintek pendaftaran seleksi mandiri gelombang terakhir ditutup juli,0,
9979,CNBC Indonesia,@cnbcindonesia,sri mulyani pastikan dana operasional sekolah tahap ii cair jadwal,0,
9980,Media Indonesia,@mediaindonesia,mendikdasmen sekolah harus jadi lingkungan aman menyenangkan anak,0,
9981,Liputan6,@liputan6dotcom,kemendikdasmen program makan siang bergizi mulai uji coba terbatas juli,0,
9982,Republika,@republikaonline,efisiensi sistem data dapodik pangkas duplikasi data siswa,0,
9983,WhatsApp,Forwarded,link subsidi kuota belajar masuk sekolah gb klik bit ly kuota sekolah,1,
9984,Facebook,Viral News,dana pendidikan juli dialokasikan subsidi bahan bakar pesawat tempur,1,
9985,TikTok,@news_update,bahaya zat pewarna seragam dapat menyebabkan kanker kulit seketika,1,
9986,Kompas.com,@kompascom,kemendikdasmen siswa wajib memiliki akun belajar id awal mpls,0,
9987,Detik.com,@detikcom,abdul ti literasi numerasi masuk agenda utama mpls smp sma,0,
9988,Antara News,@antaranews,pemerintah salurkan bantuan alat praktik mesin cnc smk juli,0,
9989,CNBC Indonesia,@cnbcindonesia,sri mulyani dana abadi pendidikan dukung riset baterai kendaraan listrik,0,
9990,Republika,@republikaonline,efisiensi anggaran katalog elektronik sektoral hemat belanja alat tik,0,
9991,WhatsApp,Grup Guru,iuran wajib guru dana penyambutan kepala dinas rp rb,1,
9992,Facebook,Info Beasiswa,beasiswa belanda jalur tulip juli pendaftaran tanpa sertifikat ielts,1,
9993,X (Twitter),@PolitikNews,dana bos juli dipotong membiayai perjalanan dinas dpr eropa,1,
9994,CNN Indonesia,@CNNIndonesia,mendikdasmen implementasi deep learning fokus berpikir kritis,0,
9995,Antara News,@antaranews,kemendikdasmen gelar festival seni siswa nasional fls akhir juli,0,
9996,Kompas.com,@kompascom,panduan lengkap daftar ulang siswa jalur zonasi prestasi,0,
9997,Detik.com,@detikcom,abdul ti kedisiplinan siswa dimulai konsistensi tata tertib sekolah,0,
9998,Antara News,@antaranews,pemerintah salurkan bantuan dana rehab ruang guru sekolah juli,0,
9999,CNBC Indonesia,@cnbcindonesia,sri mulyani dana abadi pendidikan dukung riset ketahanan maritim,0,
10000,Republika,@republikaonline,efisiensi digitalisasi sertifikasi pangkas antrian pencairan dana,0,
10001,WhatsApp,Grup Sekolah,biaya administrasi pengambilan seragam olahraga rp rb harus tunai,1,
10002,Facebook,Kabar Guru,guru share link youtube kemendikbud dipotong nilai skp,1,
10003,X (Twitter),@LeakIndo,terungkap pengadaan kursi sekolah juli menggunakan kayu ilegal,1,
10004,Kompas.com,@kompascom,kemendikdasmen sekolah wajib laporkan penggunaan dana bosp arkas,0,
10005,Detik.com,@detikcom,abdul ti peran komite sekolah harus fokus peningkatan mutu,0,
10006,Antara News,@antaranews,pemerintah bangun ruang praktik siswa smk teknik wilayah timur,0,
10007,CNBC Indonesia,@cnbcindonesia,sri mulyani penyerapan anggaran pendidikan juli mencapai target kuartal iii,0,
10008,Republika,@republikaonline,efisiensi sistem siplah berhasil menurunkan harga komputer sekolah,0,
10009,LinkedIn,Analis Publik,transparansi dana bosp bulan juli menentukan kualitas fasilitas belajar,0,
10010,Kompas.com,@kompascom,kemendikdasmen sekolah dilarang menjual buku paket bos,0,
10011,Detik.com,@detikcom,audit bpk penyaluran dana sertifikasi guru juli berjalan akuntabel,0,
10012,Antara News,@antaranews,kemendikdasmen beri beasiswa anak petani nelayan berprestasi,0,
10013,CNBC Indonesia,@cnbcindonesia,sri mulyani pastikan dana pendidikan terganggu resesi global,0,
10014,Media Indonesia,@mediaindonesia,mendikdasmen pendidikan karakter inti kurikulum deep learning,0,
10015,Liputan6,@liputan6dotcom,kemendikdasmen sekolah dihimbau mengadakan pojok baca digital mpls,0,
10016,Republika,@republikaonline,efisiensi katalog elektronik sektoral hemat biaya pengadaan buku cerita,0,
10017,Kompas.com,@kompascom,kemendikdasmen mahasiswa kip kuliah wajib verifikasi data lapangan,0,
10018,Detik.com,@detikcom,abdul ti program mbkm memberikan akses karir cepat alumni,0,
10019,Antara News,@antaranews,pemerintah salurkan bantuan bus sekolah kabupaten tertinggal juli,0,
10020,CNBC Indonesia,@cnbcindonesia,sri mulyani realisasi belanja fungsi pendidikan juli capai rp triliun,0,
10021,Republika,@republikaonline,efisiensi digitalisasi database pendidik memangkas pengajuan pensiun,0,
10022,Kompas.com,@kompascom,abdul ti pendidikan berkeadilan hak anak indonesia,0,
10023,Detik.com,@detikcom,audit bpk efisiensi pengadaan alat laboratorium smk meningkat juli,0,
10024,Antara News,@antaranews,kemendikdasmen pangkas laporan dana bos aplikasi data terpadu,0,
10025,CNBC Indonesia,@cnbcindonesia,sri mulyani dana abadi pendidikan membantu studi mahasiswa top dunia,0,
10026,Republika,@republikaonline,kemendikdasmen hapus kewajiban laporan fisik bulanan guru asn,0,
10027,Kompas.com,@kompascom,kemendikdasmen beri beasiswa siswa pemenang olimpiade informatika,0,
10028,Detik.com,@detikcom,abdul ti sinergi sekolah orang tua kunci sukses tahun ajaran,0,
10029,Antara News,@antaranews,pemerintah salurkan bantuan alat laboratorium kimia sma juli,0,
10030,CNBC Indonesia,@cnbcindonesia,sri mulyani dana abadi pendidikan fokus riset teknologi air,0,
10031,Republika,@republikaonline,efisiensi sistem rapor digital pangkas biaya cetak provinsi,0,
10032,Kompas.com,@kompascom,abdul ti sertifikasi guru bentuk apresiasi penjagaan mutu,0,
10033,Detik.com,@detikcom,audit bpk penyaluran dana pip juli tepat sasaran wilayah papua,0,
10034,Antara News,@antaranews,kemendiktisaintek mahasiswa program pertukaran merdeka mulai berangkat,0,
10035,CNBC Indonesia,@cnbcindonesia,sri mulyani pastikan dana sertifikasi guru triwulan iii cair tepat,0,
10036,Republika,@republikaonline,efisiensi digitalisasi sertifikasi guru mempercepat proses validasi data,0,
10037,Kompas.com,@kompascom,kemendikdasmen ppdb jalur prestasi harus bebas praktik menjual membeli nilai,0,
10038,Detik.com,@detikcom,abdul ti kurikulum memfokuskan literasi sains logika,0,
10039,Antara News,@antaranews,pemerintah salurkan bantuan dana sarpras sekolah dasar juli,0,
10040,CNBC Indonesia,@cnbcindonesia,sri mulyani dana abadi pendidikan membantu riset ketahanan energi desa,0,
10041,Republika,@republikaonline,efisiensi katalog elektronik sektoral hemat anggaran laboratorium bahasa,0,
10042,Kompas.com,@kompascom,abdul ti lulusan smk harus menjadi penggerak ekonomi kreatif lokal,0,
10043,Detik.com,@detikcom,audit bpk efisiensi pengadaan alat praktik smk meningkat juli,0,
10044,Antara News,@antaranews,kemendikdasmen luncurkan panduan sekolah ramah anak juli,0,
10045,CNBC Indonesia,@cnbcindonesia,sri mulyani reformasi birokrasi kementerian memangkas dana operasional,0,
10046,Republika,@republikaonline,efisiensi aplikasi srikandi pangkas biaya atk dinas pendidikan,0,
10047,Kompas.com,@kompascom,kemendikdasmen portal akun belajar id diperbarui keamanan datanya,0,
10048,Detik.com,@detikcom,abdul ti mahasiswa mbkm harus memiliki daya saing kancah global,0,
10049,Antara News,@antaranews,pemerintah salurkan paket buku bacaan perpustakaan sekolah desa,0,
10050,CNBC Indonesia,@cnbcindonesia,sri mulyani penyerapan dana pip juli proyeksi pemerintah,0,
10051,Republika,@republikaonline,efisiensi digitalisasi database pendidik mempercepat proses kenaikan pangkat,0,
10052,Kompas.com,@kompascom,kemendikdasmen beri penghargaan sekolah tata kelola terbaik,0,
10053,Detik.com,@detikcom,abdul ti inovasi pembelajaran guru meningkat fitur pmm,0,
10054,Antara News,@antaranews,pemerintah salurkan bantuan alat laboratorium sma akhir juli,0,
10055,CNBC Indonesia,@cnbcindonesia,sri mulyani dana abadi pendidikan dukung studi mahasiswa negeri,0,
10056,Republika,@republikaonline,efisiensi digitalisasi laporan keuangan sekolah menurunkan dana terduga,0,
10057,Kompas.com,@kompascom,abdul ti rapor pendidikan menjadi acuan utama perbaikan mutu sekolah,0,
10058,Detik.com,@detikcom,audit bpk penyaluran dana sertifikasi guru transparan,0,
10059,WhatsApp,Forwarded,link subsidi uang jajan siswa rp rb kemdikbud klik bit ly jajan,1,
10060,Facebook,Viral News,dana bos juli dialirkan subsidi minyak goreng kemasan pejabat,1,
10061,X (Twitter),@LeakIndo,terungkap jutaan seragam gratis dibagikan juli menggunakan bahan sisa,1,
10062,TikTok,@vlogger_edu,mulai agustus libur hari sabtu resmi dihapus jenjang sekolah,1,
10063,Instagram,@cekfakta_id,video mendikdasmen menyebut guru honorer diganti robot ai,1,
10064,WhatsApp,Grup Sekolah,biaya administrasi kartu pelajar digital rp rb wajib membayar tunai juli,1,
10065,Facebook,Info Beasiswa,beasiswa korea jalur summer pendaftaran tanpa ijazah asli juli,1,
10066,X (Twitter),@PolitikNews,dana sertifikasi guru juli macet digunakan membayar hutang negara,1,
10067,TikTok,@news_update,bahaya membaca buku ponsel mpls dapat sebabkan gangguan otak,1,
10068,Instagram,@faktakita,siswa membeli majalah sekolah edisi juli didenda rp rb,1,
10069,WhatsApp,Forwarded,link subsidi uang transportasi kuliah klik bit ly trans kuliah,1,
10070,Facebook,Kabar Guru,guru memposting video mpls tiktok dipotong tpp,1,
10071,X (Twitter),@EduLeaks,dokumen rahasia pemerintah menghapus tunjangan anak istri guru,1,
10072,YouTube,@berita_sekolah,kemendikdasmen resmi hapus mata pelajaran bahasa inggris smp mulai juli,1,
10073,WhatsApp,Grup RT,sekolah mengadakan acara perpisahan akbar didenda rp juta,1,
10074,Facebook,Viral News,dana pendidikan juli dipotong biaya operasional menteri,1,
10075,X (Twitter),@LeakIndo,terungkap jutaan tablet bantuan sekolah barang rekondisi cina,1,
10076,TikTok,@vlogger_edu,mulai september jam istirahat menit siswa fokus materi,1,
10077,Instagram,@cekfakta_id,video mendikdasmen menyebut siswa wajib membeli laptop merek juli,1,
10078,WhatsApp,Grup Guru,iuran wajib guru dana hibah pembangunan gedung olahraga dinas,1,
10079,Facebook,Info Cepat,beasiswa inggris jalur khusus juli pendaftaran tanpa paspor asli,1,
10080,X (Twitter),@PolitikUpdate,dana rehab perpustakaan rp miliar hilang proyek fiktif daerah,1,
10081,TikTok,@news_update,bahaya menggunakan penghapus beraroma buah dapat sebabkan gangguan nafas,1,
10082,Instagram,@faktakita,mahasiswa kip kuliah wajib menyerahkan dana organisasi kampus,1,
10083,WhatsApp,Forwarded,link subsidi paket sembako guru kemdikbud klik bit ly sembako juli,1,
10084,Facebook,Kabar Guru,guru sering komplain facebook dicabut sertifikasinya permanen,1,
10085,X (Twitter),@EduLeaks,dokumen rahasia kurikulum deep learning mewajibkan siswa membayar lisensi,1,
10086,YouTube,@berita_sekolah,kemendikdasmen resmi ganti seragam sma menjadi warna biru tua polos,1,
10087,WhatsApp,Grup Sekolah,biaya administrasi pengambilan sertifikat lomba rp rb harus tunai,1,
10088,Facebook,Viral News,dana pendidikan juli dialirkan subsidi minyak goreng kemasan pejabat,1,
10089,X (Twitter),@LeakIndo,terungkap dana pengadaan lab bahasa menggunakan barang bekas,1,
10090,TikTok,@vlogger_edu,mulai agustus libur hari minggu dihapus mengejar materi,1,
10091,Instagram,@cekfakta_id,video mendikdasmen menyebut siswa wajib membeli modul digital,1,
10092,WhatsApp,Grup Guru,iuran wajib guru paket parsel farewell pejabat pengawas rp rb,1,
10093,YouTube,@berita_sekolah,kemendikdasmen resmi hapus jabatan kepala laboratorium sekolah mulai juli,1,
10094,X (Twitter),@EduLeaks,dokumen bocor pemerintah mewajibkan siswa membayar iuran kebersihan,1,
10095,TikTok,@news_update,bahaya menulis pulpen tinta hijau dapat sebabkan alergi kulit,1,
10096,Instagram,@faktakita,siswa ikut study tour sekolah didenda rp rb,1,
10097,WhatsApp,Forwarded,link subsidi uang pulsa masuk sekolah klik bit ly pulsa juli,1,
10098,Facebook,Viral News,dana bos juli dipotong membayar gaji karyawan swasta bangkrut,1,
10099,X (Twitter),@LeakIndo,terungkap dana rehab ruang kelas juli digunakan membeli tv,1,
10100,TikTok,@vlogger_edu,mulai juli nilai rapor siswa dipublikasikan papan pengumuman desa,1,
10101,Instagram,@cekfakta_id,video mendikdasmen menyebut siswa wajib membeli buku arab melayu,1,
10102,WhatsApp,Grup Sekolah,iuran wajib keamanan sekolah siswa rp rb per semester,1,
10103,YouTube,@berita_sekolah,kemendikdasmen resmi hapus jabatan guru bk mulai tahun ajaran,1,
